Workbook

Sheet Weekly Plan
G1: 101 Line | H1: 46006 | I1: =H1+1 -> 46007 | J1: =I1+1 -> 46008 | K1: =J1+1 -> 46009 | L1: =K1+1 -> 46010 | M1: =L1+1 -> 46011 | P1: Unprotect Password 6941
B2: 4.5ft | C2: 5.5ft | D2: 5.75 | E2: pcs/rack | F2: Part Num | G2: Part | H2: MONDAY | I2: TUESDAY | J2: WEDNESDAY | K2: THURSDAY | L2: FRIDAY | M2: SATURDAY
A3: 4 | F3: Black - Laval
A4: =(E4*4)/$A$3 -> 2 | E4: 2 | F4: 99944 Bezel | G4: Bezel
A5: =(E5*4)/$A$3 -> 20 | E5: 20 | F5: 99633 | G5: IR Cover LH
A6: =(E6*4)/$A$3 -> 20 | E6: 20 | F6: 99646 | G6: IR Cover RH
A7: =(E7*4)/$A$3 -> 6 | E7: 6 | F7: 99635 | G7: Lateral Belt LH
A8: =(E8*4)/$A$3 -> 6 | E8: 6 | F8: 99944 | G8: Lateral Belt RH
A9: =(E9*4)/$A$3 -> 20 | E9: 20 | F9: 99636 | G9: Rear Belt
A10: =(E10*4)/$A$3 -> 0 | E10: 0 | F10: Summit White - Laval
A11: =(E11*4)/$A$3 -> 1 | E11: 1 | F11: 99629 | G11: Main Lower Cover | H11: 30
A12: =(E12*4)/$A$3 -> 1 | E12: 1 | F12: 99631 | G12: Main Upper Cover | H12: 30 | P12: Line speed | Q12: 6 | R12: feet per minute
A13: =(E13*4)/$A$3 -> 20 | E13: 20 | F13: 99638 | G13: Rear Plate | P13: Gap | Q13: 12 min
A14: =(E14*4)/$A$3 -> 1 | E14: 1 | F14: 99630 | G14: Vent Cover | H14: 30
A15: =(E15*4)/$A$3 -> 0 | E15: 0 | F15: Metelix
A16: =(E16*4)/$A$3 -> 1 | E16: 1 | F16: VG0240BL0PA | G16: C223 ACCSRY Spoiler | P16: Shifts | Q16: 1
A17: =(E17*4)/$A$3 -> 6 | E17: 6 | F17: VG0241CM0PB | G17: Y2XX Stanchion - LH | P17: Scheduled | Q17: =7.5*Q16 -> 7.5
A18: =(E18*4)/$A$3 -> 6 | E18: 6 | F18: VG0241CM0PD | G18: Y2XX Stanchion - RH
A19: =(E19*4)/$A$3 -> 6 | E19: 6 | F19: VG0241CM0PC | G19: Y2XX Stanchion - Center
E20: 4 | F20: VG0241CM0PE | G20: Y2XX Winglet -LH | P20: Weekly Timing
E21: 4 | F21: VG0241CM0PF | G21: Y2XX Winglet -RH | Q21: Monday | R21: Tuesday | S21: Wednesday | T21: Thursday | U21: Friday | V21: Saturday
A22: =(E22*4)/$A$3 -> 20 | E22: 20 | F22: VG0241CM0PG | G22: Y2XX Screw Cover - LH | P22: ='Mon (101)'!G28 -> Colour | Q22: ='Mon (101)'!I28 -> Time (mins) | R22: ='Tue (101)'!I28 -> Time (mins) | S22: ='Wed (101)'!I28 -> Time (mins) | T22: ='Thu (101)'!I28 -> Time (mins) | U22: ='Fri (101)'!I28 -> Time (mins) | V22: ='Sat (101)'!I28 -> Time (mins)
A23: =(E23*4)/$A$3 -> 20 | E23: 20 | F23: VG0241CM0PH | G23: Y2XX Screw Cover - RH | P23: ='Mon (101)'!G29 -> Black - Laval | Q23: ='Mon (101)'!I29 -> 0 | R23: ='Tue (101)'!I29 -> 0 | S23: ='Wed (101)'!I29 -> 0 | T23: ='Thu (101)'!I29 -> 0 | U23: ='Fri (101)'!I29 -> 0 | V23: ='Sat (101)'!I29 -> 0
A24: =(E24*4)/$A$3 -> 0 | E24: 0 | F24: Tesla High Gloss Black | P24: ='Mon (101)'!G30 -> Summit White - Laval | Q24: ='Mon (101)'!I30 -> 90 | R24: ='Tue (101)'!I30 -> 0 | S24: ='Wed (101)'!I30 -> 0 | T24: ='Thu (101)'!I30 -> 0 | U24: ='Fri (101)'!I30 -> 0 | V24: ='Sat (101)'!I30 -> 0
A25: =(E25*4)/$A$3 -> 6 | E25: 6 | F25: 9405929P | G25: MX Applique | H25: 260 | P25: ='Mon (101)'!G31 -> Metelix | Q25: ='Mon (101)'!I31 -> 0 | R25: ='Tue (101)'!I31 -> 0 | S25: ='Wed (101)'!I31 -> 0 | T25: ='Thu (101)'!I31 -> 0 | U25: ='Fri (101)'!I31 -> 0 | V25: ='Sat (101)'!I31 -> 0
A26: =(E26*4)/$A$3 -> 6 | E26: 6 | F26: 9405930P | G26: MS Applique | P26: ='Mon (101)'!G32 -> Tesla - High Gloss Black | Q26: ='Mon (101)'!I32 -> 103.33333 | R26: ='Tue (101)'!I32 -> 0 | S26: ='Wed (101)'!I32 -> 0 | T26: ='Thu (101)'!I32 -> 0 | U26: ='Fri (101)'!I32 -> 0 | V26: ='Sat (101)'!I32 -> 0
A27: =(E27*4)/$A$3 -> 6 | E27: 6 | F27: 9405929P-REW | G27: MX Applique Rework | H27: 360 | P27: ='Mon (101)'!G33 -> Stoney Blue | Q27: ='Mon (101)'!I33 -> 0 | R27: ='Tue (101)'!I33 -> 0 | S27: ='Wed (101)'!I33 -> 0 | T27: ='Thu (101)'!I33 -> 0 | U27: ='Fri (101)'!I33 -> 0 | V27: ='Sat (101)'!I33 -> 0
A28: =(E28*4)/$A$3 -> 6 | E28: 6 | F28: 9405930P-REW | G28: MS Applique Rework | P28: ='Mon (101)'!G34 -> Miscellaneous | Q28: ='Mon (101)'!I34 -> 0 | R28: ='Tue (101)'!I34 -> 0 | S28: ='Wed (101)'!I34 -> 0 | T28: ='Thu (101)'!I34 -> 0 | U28: ='Fri (101)'!I34 -> 0 | V28: ='Sat (101)'!I34 -> 0
A29: =(E29*4)/$A$3 -> 0 | E29: 0 | P29: ='Mon (101)'!G35 -> 0 | Q29: ='Mon (101)'!I35 -> 0 | R29: ='Tue (101)'!I35 -> 0 | S29: ='Wed (101)'!I35 -> 0 | T29: ='Thu (101)'!I35 -> 0 | U29: ='Fri (101)'!I35 -> 0 | V29: ='Sat (101)'!I35 -> 0
A30: =(E30*4)/$A$3 -> 0 | E30: 0 | F30: Stoney Blue - KB Components | P30: ='Mon (101)'!G36 -> Total: | Q30: ='Mon (101)'!I36 -> 193.33333 | R30: ='Tue (101)'!I36 -> 0 | S30: ='Wed (101)'!I36 -> 0 | T30: ='Thu (101)'!I36 -> 0 | U30: ='Fri (101)'!I36 -> 0 | V30: ='Sat (101)'!I36 -> 0
A31: =(E31*4)/$A$3 -> 1 | E31: 1 | F31: KB2352 | G31: W12 Roof Top Cover | P31: ='Mon (101)'!G37 -> 0 | Q31: ='Mon (101)'!I37 -> 0 | R31: ='Tue (101)'!I37 -> 0 | S31: ='Wed (101)'!I37 -> 0 | T31: ='Thu (101)'!I37 -> 0 | U31: ='Fri (101)'!I37 -> 0 | V31: ='Sat (101)'!I37 -> 0
A32: =(E32*4)/$A$3 -> 4 | E32: 4 | F32: KB2369 | G32: W12 Mech Bezel Pod 1 | P32: ='Mon (101)'!G38 -> Gaps | Q32: ='Mon (101)'!I38 -> 12 | R32: ='Tue (101)'!I38 -> 0 | S32: ='Wed (101)'!I38 -> 0 | T32: ='Thu (101)'!I38 -> 0 | U32: ='Fri (101)'!I38 -> 0 | V32: ='Sat (101)'!I38 -> 0
A33: =(E33*4)/$A$3 -> 4 | E33: 4 | F33: KB2370L | G33: W12 LH Cover Body Closeout Pod 5 | P33: ='Mon (101)'!G39 -> 0 | Q33: ='Mon (101)'!I39 -> 0 | R33: ='Tue (101)'!I39 -> 0 | S33: ='Wed (101)'!I39 -> 0 | T33: ='Thu (101)'!I39 -> 0 | U33: ='Fri (101)'!I39 -> 0 | V33: ='Sat (101)'!I39 -> 0
A34: =(E34*4)/$A$3 -> 4 | E34: 4 | F34: KB2370R | G34: W12 RH Cover Body Closeout Pod 6 | P34: ='Mon (101)'!G40 -> Total Time (hrs) | Q34: ='Mon (101)'!I40 -> 3.4222222 | R34: ='Tue (101)'!I40 -> 0 | S34: ='Wed (101)'!I40 -> 0 | T34: ='Thu (101)'!I40 -> 0 | U34: ='Fri (101)'!I40 -> 0 | V34: ='Sat (101)'!I40 -> 0
A35: =(E35*4)/$A$3 -> 0 | E35: 0 | F35: Miscellaneous
A36: =(E36*4)/$A$3 -> 0 | E36: 0 | F36: PART#1 | P36: Total Week Run Time: | R36: =SUM(Q34:V34) -> 3.4222222
A37: =(E37*4)/$A$3 -> 0 | E37: 0 | F37: PART#2
A38: =(E38*4)/$A$3 -> 0 | E38: 0 | F38: PART#3
A39: =(E39*4)/$A$3 -> 0 | E39: 0 | F39: PART#4
P67: =30+4+20+2 -> 56
P68: =180+2+30 -> 212
P69: =80*1.5 -> 120
P71: =388/60 -> 6.4666667
P73: =493/60 -> 8.2166667

Sheet Paint Usage
A1: Part Num | B1: Part | C1: Mon | D1: Tue | E1: Wed | F1: Thur | G1: Friday | H1: Sat
A2: Hyper Silver (Spyder)
A3: 705012348 | B3: LH Trim | C3: =(('Time Matrix'!B3*#REF!)*'Mon (101)'!#REF!) + (('Time Matrix'!B3*#REF!)*'Mon (101)'!#REF!) + (('Time Matrix'!B3*#REF!)*'Mon (101)'!#REF!) + (('Time Matrix'!B3*#REF!)*'Mon (101)'!#REF!) -> #REF! | D3: =(('Time Matrix'!B3*#REF!)*#REF!) + (('Time Matrix'!B3*#REF!)*#REF!) + (('Time Matrix'!B3*#REF!)*#REF!) + (('Time Matrix'!B3*#REF!)*#REF!) -> #REF! | E3: =(('Time Matrix'!B3*#REF!)*#REF!) + (('Time Matrix'!B3*#REF!)*#REF!) + (('Time Matrix'!B3*#REF!)*#REF!) + (('Time Matrix'!B3*#REF!)*#REF!) -> #REF! | F3: =(('Time Matrix'!B3*#REF!)*#REF!) + (('Time Matrix'!B3*#REF!)*#REF!) + (('Time Matrix'!B3*#REF!)*#REF!) + (('Time Matrix'!B3*#REF!)*#REF!) -> #REF! | G3: =(('Time Matrix'!B3*#REF!)*#REF!) + (('Time Matrix'!B3*#REF!)*#REF!) + (('Time Matrix'!B3*#REF!)*#REF!) + (('Time Matrix'!B3*#REF!)*#REF!) -> #REF! | H3: =(('Time Matrix'!B3*#REF!)*#REF!) + (('Time Matrix'!B3*#REF!)*#REF!) + (('Time Matrix'!B3*#REF!)*#REF!) + (('Time Matrix'!B3*#REF!)*#REF!) -> #REF!
A4: 705012350 | B4: RH Trim | C4: =(('Time Matrix'!B4*#REF!)*'Mon (101)'!#REF!) + (('Time Matrix'!B4*#REF!)*'Mon (101)'!#REF!) + (('Time Matrix'!B4*#REF!)*'Mon (101)'!#REF!) + (('Time Matrix'!B4*#REF!)*'Mon (101)'!#REF!) -> #REF! | D4: =(('Time Matrix'!B4*#REF!)*#REF!) + (('Time Matrix'!B4*#REF!)*#REF!) + (('Time Matrix'!B4*#REF!)*#REF!) + (('Time Matrix'!B4*#REF!)*#REF!) -> #REF! | E4: =(('Time Matrix'!B4*#REF!)*#REF!) + (('Time Matrix'!B4*#REF!)*#REF!) + (('Time Matrix'!B4*#REF!)*#REF!) + (('Time Matrix'!B4*#REF!)*#REF!) -> #REF! | F4: =(('Time Matrix'!B4*#REF!)*#REF!) + (('Time Matrix'!B4*#REF!)*#REF!) + (('Time Matrix'!B4*#REF!)*#REF!) + (('Time Matrix'!B4*#REF!)*#REF!) -> #REF! | G4: =(('Time Matrix'!B4*#REF!)*#REF!) + (('Time Matrix'!B4*#REF!)*#REF!) + (('Time Matrix'!B4*#REF!)*#REF!) + (('Time Matrix'!B4*#REF!)*#REF!) -> #REF! | H4: =(('Time Matrix'!B4*#REF!)*#REF!) + (('Time Matrix'!B4*#REF!)*#REF!) + (('Time Matrix'!B4*#REF!)*#REF!) + (('Time Matrix'!B4*#REF!)*#REF!) -> #REF!
A5: 705012868 | B5: RH Fender | C5: =(('Time Matrix'!B5*#REF!)*'Mon (101)'!#REF!) + (('Time Matrix'!B5*#REF!)*'Mon (101)'!#REF!) + (('Time Matrix'!B5*#REF!)*'Mon (101)'!#REF!) + (('Time Matrix'!B5*#REF!)*'Mon (101)'!#REF!) -> #REF! | D5: =(('Time Matrix'!B5*#REF!)*#REF!) + (('Time Matrix'!B5*#REF!)*#REF!) + (('Time Matrix'!B5*#REF!)*#REF!) + (('Time Matrix'!B5*#REF!)*#REF!) -> #REF! | E5: =(('Time Matrix'!B5*#REF!)*#REF!) + (('Time Matrix'!B5*#REF!)*#REF!) + (('Time Matrix'!B5*#REF!)*#REF!) + (('Time Matrix'!B5*#REF!)*#REF!) -> #REF! | F5: =(('Time Matrix'!B5*#REF!)*#REF!) + (('Time Matrix'!B5*#REF!)*#REF!) + (('Time Matrix'!B5*#REF!)*#REF!) + (('Time Matrix'!B5*#REF!)*#REF!) -> #REF! | G5: =(('Time Matrix'!B5*#REF!)*#REF!) + (('Time Matrix'!B5*#REF!)*#REF!) + (('Time Matrix'!B5*#REF!)*#REF!) + (('Time Matrix'!B5*#REF!)*#REF!) -> #REF! | H5: =(('Time Matrix'!B5*#REF!)*#REF!) + (('Time Matrix'!B5*#REF!)*#REF!) + (('Time Matrix'!B5*#REF!)*#REF!) + (('Time Matrix'!B5*#REF!)*#REF!) -> #REF!
A6: 705012976 | B6: LH Fender | C6: =(('Time Matrix'!B6*#REF!)*'Mon (101)'!#REF!) + (('Time Matrix'!B6*#REF!)*'Mon (101)'!#REF!) + (('Time Matrix'!B6*#REF!)*'Mon (101)'!#REF!) + (('Time Matrix'!B6*#REF!)*'Mon (101)'!#REF!) -> #REF! | D6: =(('Time Matrix'!B6*#REF!)*#REF!) + (('Time Matrix'!B6*#REF!)*#REF!) + (('Time Matrix'!B6*#REF!)*#REF!) + (('Time Matrix'!B6*#REF!)*#REF!) -> #REF! | E6: =(('Time Matrix'!B6*#REF!)*#REF!) + (('Time Matrix'!B6*#REF!)*#REF!) + (('Time Matrix'!B6*#REF!)*#REF!) + (('Time Matrix'!B6*#REF!)*#REF!) -> #REF! | F6: =(('Time Matrix'!B6*#REF!)*#REF!) + (('Time Matrix'!B6*#REF!)*#REF!) + (('Time Matrix'!B6*#REF!)*#REF!) + (('Time Matrix'!B6*#REF!)*#REF!) -> #REF! | G6: =(('Time Matrix'!B6*#REF!)*#REF!) + (('Time Matrix'!B6*#REF!)*#REF!) + (('Time Matrix'!B6*#REF!)*#REF!) + (('Time Matrix'!B6*#REF!)*#REF!) -> #REF! | H6: =(('Time Matrix'!B6*#REF!)*#REF!) + (('Time Matrix'!B6*#REF!)*#REF!) + (('Time Matrix'!B6*#REF!)*#REF!) + (('Time Matrix'!B6*#REF!)*#REF!) -> #REF!
A7: 705014100 | B7: LH Upper Fairing | C7: =(('Time Matrix'!B7*#REF!)*'Mon (101)'!#REF!) + (('Time Matrix'!B7*#REF!)*'Mon (101)'!#REF!) + (('Time Matrix'!B7*#REF!)*'Mon (101)'!#REF!) + (('Time Matrix'!B7*#REF!)*'Mon (101)'!#REF!) -> #REF! | D7: =(('Time Matrix'!B7*#REF!)*#REF!) + (('Time Matrix'!B7*#REF!)*#REF!) + (('Time Matrix'!B7*#REF!)*#REF!) + (('Time Matrix'!B7*#REF!)*#REF!) -> #REF! | E7: =(('Time Matrix'!B7*#REF!)*#REF!) + (('Time Matrix'!B7*#REF!)*#REF!) + (('Time Matrix'!B7*#REF!)*#REF!) + (('Time Matrix'!B7*#REF!)*#REF!) -> #REF! | F7: =(('Time Matrix'!B7*#REF!)*#REF!) + (('Time Matrix'!B7*#REF!)*#REF!) + (('Time Matrix'!B7*#REF!)*#REF!) + (('Time Matrix'!B7*#REF!)*#REF!) -> #REF! | G7: =(('Time Matrix'!B7*#REF!)*#REF!) + (('Time Matrix'!B7*#REF!)*#REF!) + (('Time Matrix'!B7*#REF!)*#REF!) + (('Time Matrix'!B7*#REF!)*#REF!) -> #REF! | H7: =(('Time Matrix'!B7*#REF!)*#REF!) + (('Time Matrix'!B7*#REF!)*#REF!) + (('Time Matrix'!B7*#REF!)*#REF!) + (('Time Matrix'!B7*#REF!)*#REF!) -> #REF!
A8: 705014101 | B8: RH Upper Fairing | C8: =(('Time Matrix'!B8*#REF!)*'Mon (101)'!#REF!) + (('Time Matrix'!B8*#REF!)*'Mon (101)'!#REF!) + (('Time Matrix'!B8*#REF!)*'Mon (101)'!#REF!) + (('Time Matrix'!B8*#REF!)*'Mon (101)'!#REF!) -> #REF! | D8: =(('Time Matrix'!B8*#REF!)*#REF!) + (('Time Matrix'!B8*#REF!)*#REF!) + (('Time Matrix'!B8*#REF!)*#REF!) + (('Time Matrix'!B8*#REF!)*#REF!) -> #REF! | E8: =(('Time Matrix'!B8*#REF!)*#REF!) + (('Time Matrix'!B8*#REF!)*#REF!) + (('Time Matrix'!B8*#REF!)*#REF!) + (('Time Matrix'!B8*#REF!)*#REF!) -> #REF! | F8: =(('Time Matrix'!B8*#REF!)*#REF!) + (('Time Matrix'!B8*#REF!)*#REF!) + (('Time Matrix'!B8*#REF!)*#REF!) + (('Time Matrix'!B8*#REF!)*#REF!) -> #REF! | G8: =(('Time Matrix'!B8*#REF!)*#REF!) + (('Time Matrix'!B8*#REF!)*#REF!) + (('Time Matrix'!B8*#REF!)*#REF!) + (('Time Matrix'!B8*#REF!)*#REF!) -> #REF! | H8: =(('Time Matrix'!B8*#REF!)*#REF!) + (('Time Matrix'!B8*#REF!)*#REF!) + (('Time Matrix'!B8*#REF!)*#REF!) + (('Time Matrix'!B8*#REF!)*#REF!) -> #REF!
A9: 708003041 | B9: Rear Fairing | C9: =(('Time Matrix'!B9*#REF!)*'Mon (101)'!#REF!) + (('Time Matrix'!B9*#REF!)*'Mon (101)'!#REF!) + (('Time Matrix'!B9*#REF!)*'Mon (101)'!#REF!) + (('Time Matrix'!B9*#REF!)*'Mon (101)'!#REF!) -> #REF! | D9: =(('Time Matrix'!B9*#REF!)*#REF!) + (('Time Matrix'!B9*#REF!)*#REF!) + (('Time Matrix'!B9*#REF!)*#REF!) + (('Time Matrix'!B9*#REF!)*#REF!) -> #REF! | E9: =(('Time Matrix'!B9*#REF!)*#REF!) + (('Time Matrix'!B9*#REF!)*#REF!) + (('Time Matrix'!B9*#REF!)*#REF!) + (('Time Matrix'!B9*#REF!)*#REF!) -> #REF! | F9: =(('Time Matrix'!B9*#REF!)*#REF!) + (('Time Matrix'!B9*#REF!)*#REF!) + (('Time Matrix'!B9*#REF!)*#REF!) + (('Time Matrix'!B9*#REF!)*#REF!) -> #REF! | G9: =(('Time Matrix'!B9*#REF!)*#REF!) + (('Time Matrix'!B9*#REF!)*#REF!) + (('Time Matrix'!B9*#REF!)*#REF!) + (('Time Matrix'!B9*#REF!)*#REF!) -> #REF! | H9: =(('Time Matrix'!B9*#REF!)*#REF!) + (('Time Matrix'!B9*#REF!)*#REF!) + (('Time Matrix'!B9*#REF!)*#REF!) + (('Time Matrix'!B9*#REF!)*#REF!) -> #REF!
A10: 708200869 | B10: R66 Hood | C10: =(('Time Matrix'!B10*#REF!)*'Mon (101)'!#REF!) + (('Time Matrix'!B10*#REF!)*'Mon (101)'!#REF!) + (('Time Matrix'!B10*#REF!)*'Mon (101)'!#REF!) + (('Time Matrix'!B10*#REF!)*'Mon (101)'!#REF!) -> #REF! | D10: =(('Time Matrix'!B10*#REF!)*#REF!) + (('Time Matrix'!B10*#REF!)*#REF!) + (('Time Matrix'!B10*#REF!)*#REF!) + (('Time Matrix'!B10*#REF!)*#REF!) -> #REF! | E10: =(('Time Matrix'!B10*#REF!)*#REF!) + (('Time Matrix'!B10*#REF!)*#REF!) + (('Time Matrix'!B10*#REF!)*#REF!) + (('Time Matrix'!B10*#REF!)*#REF!) -> #REF! | F10: =(('Time Matrix'!B10*#REF!)*#REF!) + (('Time Matrix'!B10*#REF!)*#REF!) + (('Time Matrix'!B10*#REF!)*#REF!) + (('Time Matrix'!B10*#REF!)*#REF!) -> #REF! | G10: =(('Time Matrix'!B10*#REF!)*#REF!) + (('Time Matrix'!B10*#REF!)*#REF!) + (('Time Matrix'!B10*#REF!)*#REF!) + (('Time Matrix'!B10*#REF!)*#REF!) -> #REF! | H10: =(('Time Matrix'!B10*#REF!)*#REF!) + (('Time Matrix'!B10*#REF!)*#REF!) + (('Time Matrix'!B10*#REF!)*#REF!) + (('Time Matrix'!B10*#REF!)*#REF!) -> #REF!
A11: 708200870 | B11: LH Front Fairing | C11: =(('Time Matrix'!B11*#REF!)*'Mon (101)'!#REF!) + (('Time Matrix'!B11*#REF!)*'Mon (101)'!#REF!) + (('Time Matrix'!B11*#REF!)*'Mon (101)'!#REF!) + (('Time Matrix'!B11*#REF!)*'Mon (101)'!#REF!) -> #REF! | D11: =(('Time Matrix'!B11*#REF!)*#REF!) + (('Time Matrix'!B11*#REF!)*#REF!) + (('Time Matrix'!B11*#REF!)*#REF!) + (('Time Matrix'!B11*#REF!)*#REF!) -> #REF! | E11: =(('Time Matrix'!B11*#REF!)*#REF!) + (('Time Matrix'!B11*#REF!)*#REF!) + (('Time Matrix'!B11*#REF!)*#REF!) + (('Time Matrix'!B11*#REF!)*#REF!) -> #REF! | F11: =(('Time Matrix'!B11*#REF!)*#REF!) + (('Time Matrix'!B11*#REF!)*#REF!) + (('Time Matrix'!B11*#REF!)*#REF!) + (('Time Matrix'!B11*#REF!)*#REF!) -> #REF! | G11: =(('Time Matrix'!B11*#REF!)*#REF!) + (('Time Matrix'!B11*#REF!)*#REF!) + (('Time Matrix'!B11*#REF!)*#REF!) + (('Time Matrix'!B11*#REF!)*#REF!) -> #REF! | H11: =(('Time Matrix'!B11*#REF!)*#REF!) + (('Time Matrix'!B11*#REF!)*#REF!) + (('Time Matrix'!B11*#REF!)*#REF!) + (('Time Matrix'!B11*#REF!)*#REF!) -> #REF!
A12: 708200871 | B12: RH Front Fairing | C12: =(('Time Matrix'!B12*#REF!)*'Mon (101)'!#REF!) + (('Time Matrix'!B12*#REF!)*'Mon (101)'!#REF!) + (('Time Matrix'!B12*#REF!)*'Mon (101)'!#REF!) + (('Time Matrix'!B12*#REF!)*'Mon (101)'!#REF!) -> #REF! | D12: =(('Time Matrix'!B12*#REF!)*#REF!) + (('Time Matrix'!B12*#REF!)*#REF!) + (('Time Matrix'!B12*#REF!)*#REF!) + (('Time Matrix'!B12*#REF!)*#REF!) -> #REF! | E12: =(('Time Matrix'!B12*#REF!)*#REF!) + (('Time Matrix'!B12*#REF!)*#REF!) + (('Time Matrix'!B12*#REF!)*#REF!) + (('Time Matrix'!B12*#REF!)*#REF!) -> #REF! | F12: =(('Time Matrix'!B12*#REF!)*#REF!) + (('Time Matrix'!B12*#REF!)*#REF!) + (('Time Matrix'!B12*#REF!)*#REF!) + (('Time Matrix'!B12*#REF!)*#REF!) -> #REF! | G12: =(('Time Matrix'!B12*#REF!)*#REF!) + (('Time Matrix'!B12*#REF!)*#REF!) + (('Time Matrix'!B12*#REF!)*#REF!) + (('Time Matrix'!B12*#REF!)*#REF!) -> #REF! | H12: =(('Time Matrix'!B12*#REF!)*#REF!) + (('Time Matrix'!B12*#REF!)*#REF!) + (('Time Matrix'!B12*#REF!)*#REF!) + (('Time Matrix'!B12*#REF!)*#REF!) -> #REF!
A13: 708302947 | B13: LH Box Cover | C13: =(('Time Matrix'!B13*#REF!)*'Mon (101)'!#REF!) + (('Time Matrix'!B13*#REF!)*'Mon (101)'!#REF!) + (('Time Matrix'!B13*#REF!)*'Mon (101)'!#REF!) + (('Time Matrix'!B13*#REF!)*'Mon (101)'!#REF!) -> #REF! | D13: =(('Time Matrix'!B13*#REF!)*#REF!) + (('Time Matrix'!B13*#REF!)*#REF!) + (('Time Matrix'!B13*#REF!)*#REF!) + (('Time Matrix'!B13*#REF!)*#REF!) -> #REF! | E13: =(('Time Matrix'!B13*#REF!)*#REF!) + (('Time Matrix'!B13*#REF!)*#REF!) + (('Time Matrix'!B13*#REF!)*#REF!) + (('Time Matrix'!B13*#REF!)*#REF!) -> #REF! | F13: =(('Time Matrix'!B13*#REF!)*#REF!) + (('Time Matrix'!B13*#REF!)*#REF!) + (('Time Matrix'!B13*#REF!)*#REF!) + (('Time Matrix'!B13*#REF!)*#REF!) -> #REF! | G13: =(('Time Matrix'!B13*#REF!)*#REF!) + (('Time Matrix'!B13*#REF!)*#REF!) + (('Time Matrix'!B13*#REF!)*#REF!) + (('Time Matrix'!B13*#REF!)*#REF!) -> #REF! | H13: =(('Time Matrix'!B13*#REF!)*#REF!) + (('Time Matrix'!B13*#REF!)*#REF!) + (('Time Matrix'!B13*#REF!)*#REF!) + (('Time Matrix'!B13*#REF!)*#REF!) -> #REF!
A14: 708302948 | B14: RH Box Cover | C14: =(('Time Matrix'!B14*#REF!)*'Mon (101)'!#REF!) + (('Time Matrix'!B14*#REF!)*'Mon (101)'!#REF!) + (('Time Matrix'!B14*#REF!)*'Mon (101)'!#REF!) + (('Time Matrix'!B14*#REF!)*'Mon (101)'!#REF!) -> #REF! | D14: =(('Time Matrix'!B14*#REF!)*#REF!) + (('Time Matrix'!B14*#REF!)*#REF!) + (('Time Matrix'!B14*#REF!)*#REF!) + (('Time Matrix'!B14*#REF!)*#REF!) -> #REF! | E14: =(('Time Matrix'!B14*#REF!)*#REF!) + (('Time Matrix'!B14*#REF!)*#REF!) + (('Time Matrix'!B14*#REF!)*#REF!) + (('Time Matrix'!B14*#REF!)*#REF!) -> #REF! | F14: =(('Time Matrix'!B14*#REF!)*#REF!) + (('Time Matrix'!B14*#REF!)*#REF!) + (('Time Matrix'!B14*#REF!)*#REF!) + (('Time Matrix'!B14*#REF!)*#REF!) -> #REF! | G14: =(('Time Matrix'!B14*#REF!)*#REF!) + (('Time Matrix'!B14*#REF!)*#REF!) + (('Time Matrix'!B14*#REF!)*#REF!) + (('Time Matrix'!B14*#REF!)*#REF!) -> #REF! | H14: =(('Time Matrix'!B14*#REF!)*#REF!) + (('Time Matrix'!B14*#REF!)*#REF!) + (('Time Matrix'!B14*#REF!)*#REF!) + (('Time Matrix'!B14*#REF!)*#REF!) -> #REF!
... A18: 708400463 | B18: RH Mirror Shell | C18: =(('Time Matrix'!B18*#REF!)*'Mon (101)'!#REF!) + (('Time Matrix'!B18*#REF!)*'Mon (101)'!#REF!) + (('Time Matrix'!B18*#REF!)*'Mon (101)'!#REF!) + (('Time Matrix'!B18*#REF!)*'Mon (101)'!#REF!) -> #REF! | D18: =(('Time Matrix'!B18*#REF!)*#REF!) + (('Time Matrix'!B18*#REF!)*#REF!) + (('Time Matrix'!B18*#REF!)*#REF!) + (('Time Matrix'!B18*#REF!)*#REF!) -> #REF! | E18: =(('Time Matrix'!B18*#REF!)*#REF!) + (('Time Matrix'!B18*#REF!)*#REF!) + (('Time Matrix'!B18*#REF!)*#REF!) + (('Time Matrix'!B18*#REF!)*#REF!) -> #REF! | F18: =(('Time Matrix'!B18*#REF!)*#REF!) + (('Time Matrix'!B18*#REF!)*#REF!) + (('Time Matrix'!B18*#REF!)*#REF!) + (('Time Matrix'!B18*#REF!)*#REF!) -> #REF! | G18: =(('Time Matrix'!B18*#REF!)*#REF!) + (('Time Matrix'!B18*#REF!)*#REF!) + (('Time Matrix'!B18*#REF!)*#REF!) + (('Time Matrix'!B18*#REF!)*#REF!) -> #REF! | H18: =(('Time Matrix'!B18*#REF!)*#REF!) + (('Time Matrix'!B18*#REF!)*#REF!) + (('Time Matrix'!B18*#REF!)*#REF!) + (('Time Matrix'!B18*#REF!)*#REF!) -> #REF!
A19: Total: | C19: =SUM(C3:C18) -> #REF! | D19: =SUM(D3:D18) -> #REF! | E19: =SUM(E3:E18) -> #REF! | F19: =SUM(F3:F18) -> #REF! | G19: =SUM(G3:G18) -> #REF! | H19: =SUM(H3:H18) -> #REF!
A20: Deep Black (Spyder)
A21: 708001528 | B21: Tail Fairing | C21: =(('Time Matrix'!C19*#REF!)*'Mon (101)'!#REF!) + (('Time Matrix'!C19*#REF!)*'Mon (101)'!#REF!) + (('Time Matrix'!C19*#REF!)*'Mon (101)'!#REF!) + (('Time Matrix'!C19*#REF!)*'Mon (101)'!#REF!) -> #REF! | D21: =(('Time Matrix'!C19*#REF!)*#REF!) + (('Time Matrix'!C19*#REF!)*#REF!) + (('Time Matrix'!C19*#REF!)*#REF!) + (('Time Matrix'!C19*#REF!)*#REF!) -> #REF! | E21: =(('Time Matrix'!C19*#REF!)*#REF!) + (('Time Matrix'!C19*#REF!)*#REF!) + (('Time Matrix'!C19*#REF!)*#REF!) + (('Time Matrix'!C19*#REF!)*#REF!) -> #REF! | F21: =(('Time Matrix'!C19*#REF!)*#REF!) + (('Time Matrix'!C19*#REF!)*#REF!) + (('Time Matrix'!C19*#REF!)*#REF!) + (('Time Matrix'!C19*#REF!)*#REF!) -> #REF! | G21: =(('Time Matrix'!C19*#REF!)*#REF!) + (('Time Matrix'!C19*#REF!)*#REF!) + (('Time Matrix'!C19*#REF!)*#REF!) + (('Time Matrix'!C19*#REF!)*#REF!) -> #REF! | H21: =(('Time Matrix'!C19*#REF!)*#REF!) + (('Time Matrix'!C19*#REF!)*#REF!) + (('Time Matrix'!C19*#REF!)*#REF!) + (('Time Matrix'!C19*#REF!)*#REF!) -> #REF!
A22: 708400001 | B22: LH Console Panel | C22: =(('Time Matrix'!C20*#REF!)*'Mon (101)'!#REF!) + (('Time Matrix'!C20*#REF!)*'Mon (101)'!#REF!) + (('Time Matrix'!C20*#REF!)*'Mon (101)'!#REF!) + (('Time Matrix'!C20*#REF!)*'Mon (101)'!#REF!) -> #REF! | D22: =(('Time Matrix'!C20*#REF!)*#REF!) + (('Time Matrix'!C20*#REF!)*#REF!) + (('Time Matrix'!C20*#REF!)*#REF!) + (('Time Matrix'!C20*#REF!)*#REF!) -> #REF! | E22: =(('Time Matrix'!C20*#REF!)*#REF!) + (('Time Matrix'!C20*#REF!)*#REF!) + (('Time Matrix'!C20*#REF!)*#REF!) + (('Time Matrix'!C20*#REF!)*#REF!) -> #REF! | F22: =(('Time Matrix'!C20*#REF!)*#REF!) + (('Time Matrix'!C20*#REF!)*#REF!) + (('Time Matrix'!C20*#REF!)*#REF!) + (('Time Matrix'!C20*#REF!)*#REF!) -> #REF! | G22: =(('Time Matrix'!C20*#REF!)*#REF!) + (('Time Matrix'!C20*#REF!)*#REF!) + (('Time Matrix'!C20*#REF!)*#REF!) + (('Time Matrix'!C20*#REF!)*#REF!) -> #REF! | H22: =(('Time Matrix'!C20*#REF!)*#REF!) + (('Time Matrix'!C20*#REF!)*#REF!) + (('Time Matrix'!C20*#REF!)*#REF!) + (('Time Matrix'!C20*#REF!)*#REF!) -> #REF!
A23: 708400002 | B23: RH Console Panel | C23: =(('Time Matrix'!C21*#REF!)*'Mon (101)'!#REF!) + (('Time Matrix'!C21*#REF!)*'Mon (101)'!#REF!) + (('Time Matrix'!C21*#REF!)*'Mon (101)'!#REF!) + (('Time Matrix'!C21*#REF!)*'Mon (101)'!#REF!) -> #REF! | D23: =(('Time Matrix'!C21*#REF!)*#REF!) + (('Time Matrix'!C21*#REF!)*#REF!) + (('Time Matrix'!C21*#REF!)*#REF!) + (('Time Matrix'!C21*#REF!)*#REF!) -> #REF! | E23: =(('Time Matrix'!C21*#REF!)*#REF!) + (('Time Matrix'!C21*#REF!)*#REF!) + (('Time Matrix'!C21*#REF!)*#REF!) + (('Time Matrix'!C21*#REF!)*#REF!) -> #REF! | F23: =(('Time Matrix'!C21*#REF!)*#REF!) + (('Time Matrix'!C21*#REF!)*#REF!) + (('Time Matrix'!C21*#REF!)*#REF!) + (('Time Matrix'!C21*#REF!)*#REF!) -> #REF! | G23: =(('Time Matrix'!C21*#REF!)*#REF!) + (('Time Matrix'!C21*#REF!)*#REF!) + (('Time Matrix'!C21*#REF!)*#REF!) + (('Time Matrix'!C21*#REF!)*#REF!) -> #REF! | H23: =(('Time Matrix'!C21*#REF!)*#REF!) + (('Time Matrix'!C21*#REF!)*#REF!) + (('Time Matrix'!C21*#REF!)*#REF!) + (('Time Matrix'!C21*#REF!)*#REF!) -> #REF!
A24: 708400067 | B24: LH Console Fairing | C24: =(('Time Matrix'!C22*#REF!)*'Mon (101)'!#REF!) + (('Time Matrix'!C22*#REF!)*'Mon (101)'!#REF!) + (('Time Matrix'!C22*#REF!)*'Mon (101)'!#REF!) + (('Time Matrix'!C22*#REF!)*'Mon (101)'!#REF!) -> #REF! | D24: =(('Time Matrix'!C22*#REF!)*#REF!) + (('Time Matrix'!C22*#REF!)*#REF!) + (('Time Matrix'!C22*#REF!)*#REF!) + (('Time Matrix'!C22*#REF!)*#REF!) -> #REF! | E24: =(('Time Matrix'!C22*#REF!)*#REF!) + (('Time Matrix'!C22*#REF!)*#REF!) + (('Time Matrix'!C22*#REF!)*#REF!) + (('Time Matrix'!C22*#REF!)*#REF!) -> #REF! | F24: =(('Time Matrix'!C22*#REF!)*#REF!) + (('Time Matrix'!C22*#REF!)*#REF!) + (('Time Matrix'!C22*#REF!)*#REF!) + (('Time Matrix'!C22*#REF!)*#REF!) -> #REF! | G24: =(('Time Matrix'!C22*#REF!)*#REF!) + (('Time Matrix'!C22*#REF!)*#REF!) + (('Time Matrix'!C22*#REF!)*#REF!) + (('Time Matrix'!C22*#REF!)*#REF!) -> #REF! | H24: =(('Time Matrix'!C22*#REF!)*#REF!) + (('Time Matrix'!C22*#REF!)*#REF!) + (('Time Matrix'!C22*#REF!)*#REF!) + (('Time Matrix'!C22*#REF!)*#REF!) -> #REF!
A25: 708400069 | B25: RH Console Fairing | C25: =(('Time Matrix'!C23*#REF!)*'Mon (101)'!#REF!) + (('Time Matrix'!C23*#REF!)*'Mon (101)'!#REF!) + (('Time Matrix'!C23*#REF!)*'Mon (101)'!#REF!) + (('Time Matrix'!C23*#REF!)*'Mon (101)'!#REF!) -> #REF! | D25: =(('Time Matrix'!C23*#REF!)*#REF!) + (('Time Matrix'!C23*#REF!)*#REF!) + (('Time Matrix'!C23*#REF!)*#REF!) + (('Time Matrix'!C23*#REF!)*#REF!) -> #REF! | E25: =(('Time Matrix'!C23*#REF!)*#REF!) + (('Time Matrix'!C23*#REF!)*#REF!) + (('Time Matrix'!C23*#REF!)*#REF!) + (('Time Matrix'!C23*#REF!)*#REF!) -> #REF! | F25: =(('Time Matrix'!C23*#REF!)*#REF!) + (('Time Matrix'!C23*#REF!)*#REF!) + (('Time Matrix'!C23*#REF!)*#REF!) + (('Time Matrix'!C23*#REF!)*#REF!) -> #REF! | G25: =(('Time Matrix'!C23*#REF!)*#REF!) + (('Time Matrix'!C23*#REF!)*#REF!) + (('Time Matrix'!C23*#REF!)*#REF!) + (('Time Matrix'!C23*#REF!)*#REF!) -> #REF! | H25: =(('Time Matrix'!C23*#REF!)*#REF!) + (('Time Matrix'!C23*#REF!)*#REF!) + (('Time Matrix'!C23*#REF!)*#REF!) + (('Time Matrix'!C23*#REF!)*#REF!) -> #REF!
A26: 708400287 | B26: Tank Cover | C26: =(('Time Matrix'!C24*#REF!)*'Mon (101)'!#REF!) + (('Time Matrix'!C24*#REF!)*'Mon (101)'!#REF!) + (('Time Matrix'!C24*#REF!)*'Mon (101)'!#REF!) + (('Time Matrix'!C24*#REF!)*'Mon (101)'!#REF!) -> #REF! | D26: =(('Time Matrix'!C24*#REF!)*#REF!) + (('Time Matrix'!C24*#REF!)*#REF!) + (('Time Matrix'!C24*#REF!)*#REF!) + (('Time Matrix'!C24*#REF!)*#REF!) -> #REF! | E26: =(('Time Matrix'!C24*#REF!)*#REF!) + (('Time Matrix'!C24*#REF!)*#REF!) + (('Time Matrix'!C24*#REF!)*#REF!) + (('Time Matrix'!C24*#REF!)*#REF!) -> #REF! | F26: =(('Time Matrix'!C24*#REF!)*#REF!) + (('Time Matrix'!C24*#REF!)*#REF!) + (('Time Matrix'!C24*#REF!)*#REF!) + (('Time Matrix'!C24*#REF!)*#REF!) -> #REF! | G26: =(('Time Matrix'!C24*#REF!)*#REF!) + (('Time Matrix'!C24*#REF!)*#REF!) + (('Time Matrix'!C24*#REF!)*#REF!) + (('Time Matrix'!C24*#REF!)*#REF!) -> #REF! | H26: =(('Time Matrix'!C24*#REF!)*#REF!) + (('Time Matrix'!C24*#REF!)*#REF!) + (('Time Matrix'!C24*#REF!)*#REF!) + (('Time Matrix'!C24*#REF!)*#REF!) -> #REF!
A27: 708400398 | B27: Tank Cover with Hole | C27: =(('Time Matrix'!C25*#REF!)*'Mon (101)'!#REF!) + (('Time Matrix'!C25*#REF!)*'Mon (101)'!#REF!) + (('Time Matrix'!C25*#REF!)*'Mon (101)'!#REF!) + (('Time Matrix'!C25*#REF!)*'Mon (101)'!#REF!) -> #REF! | D27: =(('Time Matrix'!C25*#REF!)*#REF!) + (('Time Matrix'!C25*#REF!)*#REF!) + (('Time Matrix'!C25*#REF!)*#REF!) + (('Time Matrix'!C25*#REF!)*#REF!) -> #REF! | E27: =(('Time Matrix'!C25*#REF!)*#REF!) + (('Time Matrix'!C25*#REF!)*#REF!) + (('Time Matrix'!C25*#REF!)*#REF!) + (('Time Matrix'!C25*#REF!)*#REF!) -> #REF! | F27: =(('Time Matrix'!C25*#REF!)*#REF!) + (('Time Matrix'!C25*#REF!)*#REF!) + (('Time Matrix'!C25*#REF!)*#REF!) + (('Time Matrix'!C25*#REF!)*#REF!) -> #REF! | G27: =(('Time Matrix'!C25*#REF!)*#REF!) + (('Time Matrix'!C25*#REF!)*#REF!) + (('Time Matrix'!C25*#REF!)*#REF!) + (('Time Matrix'!C25*#REF!)*#REF!) -> #REF! | H27: =(('Time Matrix'!C25*#REF!)*#REF!) + (('Time Matrix'!C25*#REF!)*#REF!) + (('Time Matrix'!C25*#REF!)*#REF!) + (('Time Matrix'!C25*#REF!)*#REF!) -> #REF!
A28: Total: | C28: =SUM(C21:C27) -> #REF! | D28: =SUM(D21:D27) -> #REF! | E28: =SUM(E21:E27) -> #REF! | F28: =SUM(F21:F27) -> #REF! | G28: =SUM(G21:G27) -> #REF! | H28: =SUM(H21:H27) -> #REF!
A29: Manta Green (Spyder F3 / F3T)
A30: 705007790 | B30: LH LOW FAIRING | C30: =(('Time Matrix'!D26*#REF!)*'Mon (101)'!#REF!) + (('Time Matrix'!D26*#REF!)*'Mon (101)'!#REF!) + (('Time Matrix'!D26*#REF!)*'Mon (101)'!#REF!) + (('Time Matrix'!D26*#REF!)*'Mon (101)'!#REF!) -> #REF! | D30: =(('Time Matrix'!D26*#REF!)*#REF!) + (('Time Matrix'!D26*#REF!)*#REF!) + (('Time Matrix'!D26*#REF!)*#REF!) + (('Time Matrix'!D26*#REF!)*#REF!) -> #REF! | E30: =(('Time Matrix'!D26*#REF!)*#REF!) + (('Time Matrix'!D26*#REF!)*#REF!) + (('Time Matrix'!D26*#REF!)*#REF!) + (('Time Matrix'!D26*#REF!)*#REF!) -> #REF! | F30: =(('Time Matrix'!D26*#REF!)*#REF!) + (('Time Matrix'!D26*#REF!)*#REF!) + (('Time Matrix'!D26*#REF!)*#REF!) + (('Time Matrix'!D26*#REF!)*#REF!) -> #REF! | G30: =(('Time Matrix'!D26*#REF!)*#REF!) + (('Time Matrix'!D26*#REF!)*#REF!) + (('Time Matrix'!D26*#REF!)*#REF!) + (('Time Matrix'!D26*#REF!)*#REF!) -> #REF! | H30: =(('Time Matrix'!D26*#REF!)*#REF!) + (('Time Matrix'!D26*#REF!)*#REF!) + (('Time Matrix'!D26*#REF!)*#REF!) + (('Time Matrix'!D26*#REF!)*#REF!) -> #REF!
A31: 705007791 | B31: RH LOW FAIRING | C31: =(('Time Matrix'!D27*#REF!)*'Mon (101)'!#REF!) + (('Time Matrix'!D27*#REF!)*'Mon (101)'!#REF!) + (('Time Matrix'!D27*#REF!)*'Mon (101)'!#REF!) + (('Time Matrix'!D27*#REF!)*'Mon (101)'!#REF!) -> #REF! | D31: =(('Time Matrix'!D27*#REF!)*#REF!) + (('Time Matrix'!D27*#REF!)*#REF!) + (('Time Matrix'!D27*#REF!)*#REF!) + (('Time Matrix'!D27*#REF!)*#REF!) -> #REF! | E31: =(('Time Matrix'!D27*#REF!)*#REF!) + (('Time Matrix'!D27*#REF!)*#REF!) + (('Time Matrix'!D27*#REF!)*#REF!) + (('Time Matrix'!D27*#REF!)*#REF!) -> #REF! | F31: =(('Time Matrix'!D27*#REF!)*#REF!) + (('Time Matrix'!D27*#REF!)*#REF!) + (('Time Matrix'!D27*#REF!)*#REF!) + (('Time Matrix'!D27*#REF!)*#REF!) -> #REF! | G31: =(('Time Matrix'!D27*#REF!)*#REF!) + (('Time Matrix'!D27*#REF!)*#REF!) + (('Time Matrix'!D27*#REF!)*#REF!) + (('Time Matrix'!D27*#REF!)*#REF!) -> #REF! | H31: =(('Time Matrix'!D27*#REF!)*#REF!) + (('Time Matrix'!D27*#REF!)*#REF!) + (('Time Matrix'!D27*#REF!)*#REF!) + (('Time Matrix'!D27*#REF!)*#REF!) -> #REF!
A32: 705010835 | B32: RH FAIRING | C32: =(('Time Matrix'!D28*#REF!)*'Mon (101)'!#REF!) + (('Time Matrix'!D28*#REF!)*'Mon (101)'!#REF!) + (('Time Matrix'!D28*#REF!)*'Mon (101)'!#REF!) + (('Time Matrix'!D28*#REF!)*'Mon (101)'!#REF!) -> #REF! | D32: =(('Time Matrix'!D28*#REF!)*#REF!) + (('Time Matrix'!D28*#REF!)*#REF!) + (('Time Matrix'!D28*#REF!)*#REF!) + (('Time Matrix'!D28*#REF!)*#REF!) -> #REF! | E32: =(('Time Matrix'!D28*#REF!)*#REF!) + (('Time Matrix'!D28*#REF!)*#REF!) + (('Time Matrix'!D28*#REF!)*#REF!) + (('Time Matrix'!D28*#REF!)*#REF!) -> #REF! | F32: =(('Time Matrix'!D28*#REF!)*#REF!) + (('Time Matrix'!D28*#REF!)*#REF!) + (('Time Matrix'!D28*#REF!)*#REF!) + (('Time Matrix'!D28*#REF!)*#REF!) -> #REF! | G32: =(('Time Matrix'!D28*#REF!)*#REF!) + (('Time Matrix'!D28*#REF!)*#REF!) + (('Time Matrix'!D28*#REF!)*#REF!) + (('Time Matrix'!D28*#REF!)*#REF!) -> #REF! | H32: =(('Time Matrix'!D28*#REF!)*#REF!) + (('Time Matrix'!D28*#REF!)*#REF!) + (('Time Matrix'!D28*#REF!)*#REF!) + (('Time Matrix'!D28*#REF!)*#REF!) -> #REF!
A33: 705010851 | B33: LH FAIRING | C33: =(('Time Matrix'!D29*#REF!)*'Mon (101)'!#REF!) + (('Time Matrix'!D29*#REF!)*'Mon (101)'!#REF!) + (('Time Matrix'!D29*#REF!)*'Mon (101)'!#REF!) + (('Time Matrix'!D29*#REF!)*'Mon (101)'!#REF!) -> #REF! | D33: =(('Time Matrix'!D29*#REF!)*#REF!) + (('Time Matrix'!D29*#REF!)*#REF!) + (('Time Matrix'!D29*#REF!)*#REF!) + (('Time Matrix'!D29*#REF!)*#REF!) -> #REF! | E33: =(('Time Matrix'!D29*#REF!)*#REF!) + (('Time Matrix'!D29*#REF!)*#REF!) + (('Time Matrix'!D29*#REF!)*#REF!) + (('Time Matrix'!D29*#REF!)*#REF!) -> #REF! | F33: =(('Time Matrix'!D29*#REF!)*#REF!) + (('Time Matrix'!D29*#REF!)*#REF!) + (('Time Matrix'!D29*#REF!)*#REF!) + (('Time Matrix'!D29*#REF!)*#REF!) -> #REF! | G33: =(('Time Matrix'!D29*#REF!)*#REF!) + (('Time Matrix'!D29*#REF!)*#REF!) + (('Time Matrix'!D29*#REF!)*#REF!) + (('Time Matrix'!D29*#REF!)*#REF!) -> #REF! | H33: =(('Time Matrix'!D29*#REF!)*#REF!) + (('Time Matrix'!D29*#REF!)*#REF!) + (('Time Matrix'!D29*#REF!)*#REF!) + (('Time Matrix'!D29*#REF!)*#REF!) -> #REF!
A34: 708200366 | B34: HOOD | C34: =(('Time Matrix'!D30*#REF!)*'Mon (101)'!#REF!) + (('Time Matrix'!D30*#REF!)*'Mon (101)'!#REF!) + (('Time Matrix'!D30*#REF!)*'Mon (101)'!#REF!) + (('Time Matrix'!D30*#REF!)*'Mon (101)'!#REF!) -> #REF! | D34: =(('Time Matrix'!D30*#REF!)*#REF!) + (('Time Matrix'!D30*#REF!)*#REF!) + (('Time Matrix'!D30*#REF!)*#REF!) + (('Time Matrix'!D30*#REF!)*#REF!) -> #REF! | E34: =(('Time Matrix'!D30*#REF!)*#REF!) + (('Time Matrix'!D30*#REF!)*#REF!) + (('Time Matrix'!D30*#REF!)*#REF!) + (('Time Matrix'!D30*#REF!)*#REF!) -> #REF! | F34: =(('Time Matrix'!D30*#REF!)*#REF!) + (('Time Matrix'!D30*#REF!)*#REF!) + (('Time Matrix'!D30*#REF!)*#REF!) + (('Time Matrix'!D30*#REF!)*#REF!) -> #REF! | G34: =(('Time Matrix'!D30*#REF!)*#REF!) + (('Time Matrix'!D30*#REF!)*#REF!) + (('Time Matrix'!D30*#REF!)*#REF!) + (('Time Matrix'!D30*#REF!)*#REF!) -> #REF! | H34: =(('Time Matrix'!D30*#REF!)*#REF!) + (('Time Matrix'!D30*#REF!)*#REF!) + (('Time Matrix'!D30*#REF!)*#REF!) + (('Time Matrix'!D30*#REF!)*#REF!) -> #REF!
A35: 708200401 | B35: LH VENT PANEL | C35: =(('Time Matrix'!D31*#REF!)*'Mon (101)'!#REF!) + (('Time Matrix'!D31*#REF!)*'Mon (101)'!#REF!) + (('Time Matrix'!D31*#REF!)*'Mon (101)'!#REF!) + (('Time Matrix'!D31*#REF!)*'Mon (101)'!#REF!) -> #REF! | D35: =(('Time Matrix'!D31*#REF!)*#REF!) + (('Time Matrix'!D31*#REF!)*#REF!) + (('Time Matrix'!D31*#REF!)*#REF!) + (('Time Matrix'!D31*#REF!)*#REF!) -> #REF! | E35: =(('Time Matrix'!D31*#REF!)*#REF!) + (('Time Matrix'!D31*#REF!)*#REF!) + (('Time Matrix'!D31*#REF!)*#REF!) + (('Time Matrix'!D31*#REF!)*#REF!) -> #REF! | F35: =(('Time Matrix'!D31*#REF!)*#REF!) + (('Time Matrix'!D31*#REF!)*#REF!) + (('Time Matrix'!D31*#REF!)*#REF!) + (('Time Matrix'!D31*#REF!)*#REF!) -> #REF! | G35: =(('Time Matrix'!D31*#REF!)*#REF!) + (('Time Matrix'!D31*#REF!)*#REF!) + (('Time Matrix'!D31*#REF!)*#REF!) + (('Time Matrix'!D31*#REF!)*#REF!) -> #REF! | H35: =(('Time Matrix'!D31*#REF!)*#REF!) + (('Time Matrix'!D31*#REF!)*#REF!) + (('Time Matrix'!D31*#REF!)*#REF!) + (('Time Matrix'!D31*#REF!)*#REF!) -> #REF!
A36: 708200402 | B36: RH VENT PANEL | C36: =(('Time Matrix'!D32*#REF!)*'Mon (101)'!#REF!) + (('Time Matrix'!D32*#REF!)*'Mon (101)'!#REF!) + (('Time Matrix'!D32*#REF!)*'Mon (101)'!#REF!) + (('Time Matrix'!D32*#REF!)*'Mon (101)'!#REF!) -> #REF! | D36: =(('Time Matrix'!D32*#REF!)*#REF!) + (('Time Matrix'!D32*#REF!)*#REF!) + (('Time Matrix'!D32*#REF!)*#REF!) + (('Time Matrix'!D32*#REF!)*#REF!) -> #REF! | E36: =(('Time Matrix'!D32*#REF!)*#REF!) + (('Time Matrix'!D32*#REF!)*#REF!) + (('Time Matrix'!D32*#REF!)*#REF!) + (('Time Matrix'!D32*#REF!)*#REF!) -> #REF! | F36: =(('Time Matrix'!D32*#REF!)*#REF!) + (('Time Matrix'!D32*#REF!)*#REF!) + (('Time Matrix'!D32*#REF!)*#REF!) + (('Time Matrix'!D32*#REF!)*#REF!) -> #REF! | G36: =(('Time Matrix'!D32*#REF!)*#REF!) + (('Time Matrix'!D32*#REF!)*#REF!) + (('Time Matrix'!D32*#REF!)*#REF!) + (('Time Matrix'!D32*#REF!)*#REF!) -> #REF! | H36: =(('Time Matrix'!D32*#REF!)*#REF!) + (('Time Matrix'!D32*#REF!)*#REF!) + (('Time Matrix'!D32*#REF!)*#REF!) + (('Time Matrix'!D32*#REF!)*#REF!) -> #REF!
A37: 708200698 | B37: FRONT FASCIA | C37: =(('Time Matrix'!D33*#REF!)*'Mon (101)'!#REF!) + (('Time Matrix'!D33*#REF!)*'Mon (101)'!#REF!) + (('Time Matrix'!D33*#REF!)*'Mon (101)'!#REF!) + (('Time Matrix'!D33*#REF!)*'Mon (101)'!#REF!) -> #REF! | D37: =(('Time Matrix'!D33*#REF!)*#REF!) + (('Time Matrix'!D33*#REF!)*#REF!) + (('Time Matrix'!D33*#REF!)*#REF!) + (('Time Matrix'!D33*#REF!)*#REF!) -> #REF! | E37: =(('Time Matrix'!D33*#REF!)*#REF!) + (('Time Matrix'!D33*#REF!)*#REF!) + (('Time Matrix'!D33*#REF!)*#REF!) + (('Time Matrix'!D33*#REF!)*#REF!) -> #REF! | F37: =(('Time Matrix'!D33*#REF!)*#REF!) + (('Time Matrix'!D33*#REF!)*#REF!) + (('Time Matrix'!D33*#REF!)*#REF!) + (('Time Matrix'!D33*#REF!)*#REF!) -> #REF! | G37: =(('Time Matrix'!D33*#REF!)*#REF!) + (('Time Matrix'!D33*#REF!)*#REF!) + (('Time Matrix'!D33*#REF!)*#REF!) + (('Time Matrix'!D33*#REF!)*#REF!) -> #REF! | H37: =(('Time Matrix'!D33*#REF!)*#REF!) + (('Time Matrix'!D33*#REF!)*#REF!) + (('Time Matrix'!D33*#REF!)*#REF!) + (('Time Matrix'!D33*#REF!)*#REF!) -> #REF!
A38: 708301201 | B38: COVER BOX | C38: =(('Time Matrix'!D34*#REF!)*'Mon (101)'!#REF!) + (('Time Matrix'!D34*#REF!)*'Mon (101)'!#REF!) + (('Time Matrix'!D34*#REF!)*'Mon (101)'!#REF!) + (('Time Matrix'!D34*#REF!)*'Mon (101)'!#REF!) -> #REF! | D38: =(('Time Matrix'!D34*#REF!)*#REF!) + (('Time Matrix'!D34*#REF!)*#REF!) + (('Time Matrix'!D34*#REF!)*#REF!) + (('Time Matrix'!D34*#REF!)*#REF!) -> #REF! | E38: =(('Time Matrix'!D34*#REF!)*#REF!) + (('Time Matrix'!D34*#REF!)*#REF!) + (('Time Matrix'!D34*#REF!)*#REF!) + (('Time Matrix'!D34*#REF!)*#REF!) -> #REF! | F38: =(('Time Matrix'!D34*#REF!)*#REF!) + (('Time Matrix'!D34*#REF!)*#REF!) + (('Time Matrix'!D34*#REF!)*#REF!) + (('Time Matrix'!D34*#REF!)*#REF!) -> #REF! | G38: =(('Time Matrix'!D34*#REF!)*#REF!) + (('Time Matrix'!D34*#REF!)*#REF!) + (('Time Matrix'!D34*#REF!)*#REF!) + (('Time Matrix'!D34*#REF!)*#REF!) -> #REF! | H38: =(('Time Matrix'!D34*#REF!)*#REF!) + (('Time Matrix'!D34*#REF!)*#REF!) + (('Time Matrix'!D34*#REF!)*#REF!) + (('Time Matrix'!D34*#REF!)*#REF!) -> #REF!
A39: Total: | C39: =SUM(C30:C38) -> #REF! | D39: =SUM(D30:D38) -> #REF! | E39: =SUM(E30:E38) -> #REF! | F39: =SUM(F30:F38) -> #REF! | G39: =SUM(G30:G38) -> #REF! | H39: =SUM(H30:H38) -> #REF!
A40: Vegas White (Spyder)
A41: 705009213 | B41: LH F3T LOW FAIRING | C41: =(('Time Matrix'!E35*#REF!)*'Mon (101)'!#REF!) + (('Time Matrix'!E35*#REF!)*'Mon (101)'!#REF!) + (('Time Matrix'!E35*#REF!)*'Mon (101)'!#REF!) + (('Time Matrix'!E35*#REF!)*'Mon (101)'!#REF!) -> #REF! | D41: =(('Time Matrix'!E35*#REF!)*#REF!) + (('Time Matrix'!E35*#REF!)*#REF!) + (('Time Matrix'!E35*#REF!)*#REF!) + (('Time Matrix'!E35*#REF!)*#REF!) -> #REF! | E41: =(('Time Matrix'!E35*#REF!)*#REF!) + (('Time Matrix'!E35*#REF!)*#REF!) + (('Time Matrix'!E35*#REF!)*#REF!) + (('Time Matrix'!E35*#REF!)*#REF!) -> #REF! | F41: =(('Time Matrix'!E35*#REF!)*#REF!) + (('Time Matrix'!E35*#REF!)*#REF!) + (('Time Matrix'!E35*#REF!)*#REF!) + (('Time Matrix'!E35*#REF!)*#REF!) -> #REF! | G41: =(('Time Matrix'!E35*#REF!)*#REF!) + (('Time Matrix'!E35*#REF!)*#REF!) + (('Time Matrix'!E35*#REF!)*#REF!) + (('Time Matrix'!E35*#REF!)*#REF!) -> #REF! | H41: =(('Time Matrix'!E35*#REF!)*#REF!) + (('Time Matrix'!E35*#REF!)*#REF!) + (('Time Matrix'!E35*#REF!)*#REF!) + (('Time Matrix'!E35*#REF!)*#REF!) -> #REF!
A42: 705009214 | B42: RH F3T LOW FAIRING | C42: =(('Time Matrix'!E36*#REF!)*'Mon (101)'!#REF!) + (('Time Matrix'!E36*#REF!)*'Mon (101)'!#REF!) + (('Time Matrix'!E36*#REF!)*'Mon (101)'!#REF!) + (('Time Matrix'!E36*#REF!)*'Mon (101)'!#REF!) -> #REF! | D42: =(('Time Matrix'!E36*#REF!)*#REF!) + (('Time Matrix'!E36*#REF!)*#REF!) + (('Time Matrix'!E36*#REF!)*#REF!) + (('Time Matrix'!E36*#REF!)*#REF!) -> #REF! | E42: =(('Time Matrix'!E36*#REF!)*#REF!) + (('Time Matrix'!E36*#REF!)*#REF!) + (('Time Matrix'!E36*#REF!)*#REF!) + (('Time Matrix'!E36*#REF!)*#REF!) -> #REF! | F42: =(('Time Matrix'!E36*#REF!)*#REF!) + (('Time Matrix'!E36*#REF!)*#REF!) + (('Time Matrix'!E36*#REF!)*#REF!) + (('Time Matrix'!E36*#REF!)*#REF!) -> #REF! | G42: =(('Time Matrix'!E36*#REF!)*#REF!) + (('Time Matrix'!E36*#REF!)*#REF!) + (('Time Matrix'!E36*#REF!)*#REF!) + (('Time Matrix'!E36*#REF!)*#REF!) -> #REF! | H42: =(('Time Matrix'!E36*#REF!)*#REF!) + (('Time Matrix'!E36*#REF!)*#REF!) + (('Time Matrix'!E36*#REF!)*#REF!) + (('Time Matrix'!E36*#REF!)*#REF!) -> #REF!
A43: 705010835 | B43: RH FAIRING | C43: =(('Time Matrix'!E37*#REF!)*'Mon (101)'!#REF!) + (('Time Matrix'!E37*#REF!)*'Mon (101)'!#REF!) + (('Time Matrix'!E37*#REF!)*'Mon (101)'!#REF!) + (('Time Matrix'!E37*#REF!)*'Mon (101)'!#REF!) -> #REF! | D43: =(('Time Matrix'!E37*#REF!)*#REF!) + (('Time Matrix'!E37*#REF!)*#REF!) + (('Time Matrix'!E37*#REF!)*#REF!) + (('Time Matrix'!E37*#REF!)*#REF!) -> #REF! | E43: =(('Time Matrix'!E37*#REF!)*#REF!) + (('Time Matrix'!E37*#REF!)*#REF!) + (('Time Matrix'!E37*#REF!)*#REF!) + (('Time Matrix'!E37*#REF!)*#REF!) -> #REF! | F43: =(('Time Matrix'!E37*#REF!)*#REF!) + (('Time Matrix'!E37*#REF!)*#REF!) + (('Time Matrix'!E37*#REF!)*#REF!) + (('Time Matrix'!E37*#REF!)*#REF!) -> #REF! | G43: =(('Time Matrix'!E37*#REF!)*#REF!) + (('Time Matrix'!E37*#REF!)*#REF!) + (('Time Matrix'!E37*#REF!)*#REF!) + (('Time Matrix'!E37*#REF!)*#REF!) -> #REF! | H43: =(('Time Matrix'!E37*#REF!)*#REF!) + (('Time Matrix'!E37*#REF!)*#REF!) + (('Time Matrix'!E37*#REF!)*#REF!) + (('Time Matrix'!E37*#REF!)*#REF!) -> #REF!
A44: 705010851 | B44: LH FAIRING | C44: =(('Time Matrix'!E38*#REF!)*'Mon (101)'!#REF!) + (('Time Matrix'!E38*#REF!)*'Mon (101)'!#REF!) + (('Time Matrix'!E38*#REF!)*'Mon (101)'!#REF!) + (('Time Matrix'!E38*#REF!)*'Mon (101)'!#REF!) -> #REF! | D44: =(('Time Matrix'!E38*#REF!)*#REF!) + (('Time Matrix'!E38*#REF!)*#REF!) + (('Time Matrix'!E38*#REF!)*#REF!) + (('Time Matrix'!E38*#REF!)*#REF!) -> #REF! | E44: =(('Time Matrix'!E38*#REF!)*#REF!) + (('Time Matrix'!E38*#REF!)*#REF!) + (('Time Matrix'!E38*#REF!)*#REF!) + (('Time Matrix'!E38*#REF!)*#REF!) -> #REF! | F44: =(('Time Matrix'!E38*#REF!)*#REF!) + (('Time Matrix'!E38*#REF!)*#REF!) + (('Time Matrix'!E38*#REF!)*#REF!) + (('Time Matrix'!E38*#REF!)*#REF!) -> #REF! | G44: =(('Time Matrix'!E38*#REF!)*#REF!) + (('Time Matrix'!E38*#REF!)*#REF!) + (('Time Matrix'!E38*#REF!)*#REF!) + (('Time Matrix'!E38*#REF!)*#REF!) -> #REF! | H44: =(('Time Matrix'!E38*#REF!)*#REF!) + (('Time Matrix'!E38*#REF!)*#REF!) + (('Time Matrix'!E38*#REF!)*#REF!) + (('Time Matrix'!E38*#REF!)*#REF!) -> #REF!
A45: 705012868 | B45: RH FENDER | C45: =(('Time Matrix'!E39*#REF!)*'Mon (101)'!#REF!) + (('Time Matrix'!E39*#REF!)*'Mon (101)'!#REF!) + (('Time Matrix'!E39*#REF!)*'Mon (101)'!#REF!) + (('Time Matrix'!E39*#REF!)*'Mon (101)'!#REF!) -> #REF! | D45: =(('Time Matrix'!E39*#REF!)*#REF!) + (('Time Matrix'!E39*#REF!)*#REF!) + (('Time Matrix'!E39*#REF!)*#REF!) + (('Time Matrix'!E39*#REF!)*#REF!) -> #REF! | E45: =(('Time Matrix'!E39*#REF!)*#REF!) + (('Time Matrix'!E39*#REF!)*#REF!) + (('Time Matrix'!E39*#REF!)*#REF!) + (('Time Matrix'!E39*#REF!)*#REF!) -> #REF! | F45: =(('Time Matrix'!E39*#REF!)*#REF!) + (('Time Matrix'!E39*#REF!)*#REF!) + (('Time Matrix'!E39*#REF!)*#REF!) + (('Time Matrix'!E39*#REF!)*#REF!) -> #REF! | G45: =(('Time Matrix'!E39*#REF!)*#REF!) + (('Time Matrix'!E39*#REF!)*#REF!) + (('Time Matrix'!E39*#REF!)*#REF!) + (('Time Matrix'!E39*#REF!)*#REF!) -> #REF! | H45: =(('Time Matrix'!E39*#REF!)*#REF!) + (('Time Matrix'!E39*#REF!)*#REF!) + (('Time Matrix'!E39*#REF!)*#REF!) + (('Time Matrix'!E39*#REF!)*#REF!) -> #REF!
A46: 705012976 | B46: LH FENDER | C46: =(('Time Matrix'!E40*#REF!)*'Mon (101)'!#REF!) + (('Time Matrix'!E40*#REF!)*'Mon (101)'!#REF!) + (('Time Matrix'!E40*#REF!)*'Mon (101)'!#REF!) + (('Time Matrix'!E40*#REF!)*'Mon (101)'!#REF!) -> #REF! | D46: =(('Time Matrix'!E40*#REF!)*#REF!) + (('Time Matrix'!E40*#REF!)*#REF!) + (('Time Matrix'!E40*#REF!)*#REF!) + (('Time Matrix'!E40*#REF!)*#REF!) -> #REF! | E46: =(('Time Matrix'!E40*#REF!)*#REF!) + (('Time Matrix'!E40*#REF!)*#REF!) + (('Time Matrix'!E40*#REF!)*#REF!) + (('Time Matrix'!E40*#REF!)*#REF!) -> #REF! | F46: =(('Time Matrix'!E40*#REF!)*#REF!) + (('Time Matrix'!E40*#REF!)*#REF!) + (('Time Matrix'!E40*#REF!)*#REF!) + (('Time Matrix'!E40*#REF!)*#REF!) -> #REF! | G46: =(('Time Matrix'!E40*#REF!)*#REF!) + (('Time Matrix'!E40*#REF!)*#REF!) + (('Time Matrix'!E40*#REF!)*#REF!) + (('Time Matrix'!E40*#REF!)*#REF!) -> #REF! | H46: =(('Time Matrix'!E40*#REF!)*#REF!) + (('Time Matrix'!E40*#REF!)*#REF!) + (('Time Matrix'!E40*#REF!)*#REF!) + (('Time Matrix'!E40*#REF!)*#REF!) -> #REF!
A47: 708200366 | B47: HOOD | C47: =(('Time Matrix'!E41*#REF!)*'Mon (101)'!#REF!) + (('Time Matrix'!E41*#REF!)*'Mon (101)'!#REF!) + (('Time Matrix'!E41*#REF!)*'Mon (101)'!#REF!) + (('Time Matrix'!E41*#REF!)*'Mon (101)'!#REF!) -> #REF! | D47: =(('Time Matrix'!E41*#REF!)*#REF!) + (('Time Matrix'!E41*#REF!)*#REF!) + (('Time Matrix'!E41*#REF!)*#REF!) + (('Time Matrix'!E41*#REF!)*#REF!) -> #REF! | E47: =(('Time Matrix'!E41*#REF!)*#REF!) + (('Time Matrix'!E41*#REF!)*#REF!) + (('Time Matrix'!E41*#REF!)*#REF!) + (('Time Matrix'!E41*#REF!)*#REF!) -> #REF! | F47: =(('Time Matrix'!E41*#REF!)*#REF!) + (('Time Matrix'!E41*#REF!)*#REF!) + (('Time Matrix'!E41*#REF!)*#REF!) + (('Time Matrix'!E41*#REF!)*#REF!) -> #REF! | G47: =(('Time Matrix'!E41*#REF!)*#REF!) + (('Time Matrix'!E41*#REF!)*#REF!) + (('Time Matrix'!E41*#REF!)*#REF!) + (('Time Matrix'!E41*#REF!)*#REF!) -> #REF! | H47: =(('Time Matrix'!E41*#REF!)*#REF!) + (('Time Matrix'!E41*#REF!)*#REF!) + (('Time Matrix'!E41*#REF!)*#REF!) + (('Time Matrix'!E41*#REF!)*#REF!) -> #REF!
A48: 708200401 | B48: LH VENT PANEL | C48: =(('Time Matrix'!E42*#REF!)*'Mon (101)'!#REF!) + (('Time Matrix'!E42*#REF!)*'Mon (101)'!#REF!) + (('Time Matrix'!E42*#REF!)*'Mon (101)'!#REF!) + (('Time Matrix'!E42*#REF!)*'Mon (101)'!#REF!) -> #REF! | D48: =(('Time Matrix'!E42*#REF!)*#REF!) + (('Time Matrix'!E42*#REF!)*#REF!) + (('Time Matrix'!E42*#REF!)*#REF!) + (('Time Matrix'!E42*#REF!)*#REF!) -> #REF! | E48: =(('Time Matrix'!E42*#REF!)*#REF!) + (('Time Matrix'!E42*#REF!)*#REF!) + (('Time Matrix'!E42*#REF!)*#REF!) + (('Time Matrix'!E42*#REF!)*#REF!) -> #REF! | F48: =(('Time Matrix'!E42*#REF!)*#REF!) + (('Time Matrix'!E42*#REF!)*#REF!) + (('Time Matrix'!E42*#REF!)*#REF!) + (('Time Matrix'!E42*#REF!)*#REF!) -> #REF! | G48: =(('Time Matrix'!E42*#REF!)*#REF!) + (('Time Matrix'!E42*#REF!)*#REF!) + (('Time Matrix'!E42*#REF!)*#REF!) + (('Time Matrix'!E42*#REF!)*#REF!) -> #REF! | H48: =(('Time Matrix'!E42*#REF!)*#REF!) + (('Time Matrix'!E42*#REF!)*#REF!) + (('Time Matrix'!E42*#REF!)*#REF!) + (('Time Matrix'!E42*#REF!)*#REF!) -> #REF!
A49: 708200402 | B49: RH VENT PANEL | C49: =(('Time Matrix'!E43*#REF!)*'Mon (101)'!#REF!) + (('Time Matrix'!E43*#REF!)*'Mon (101)'!#REF!) + (('Time Matrix'!E43*#REF!)*'Mon (101)'!#REF!) + (('Time Matrix'!E43*#REF!)*'Mon (101)'!#REF!) -> #REF! | D49: =(('Time Matrix'!E43*#REF!)*#REF!) + (('Time Matrix'!E43*#REF!)*#REF!) + (('Time Matrix'!E43*#REF!)*#REF!) + (('Time Matrix'!E43*#REF!)*#REF!) -> #REF! | E49: =(('Time Matrix'!E43*#REF!)*#REF!) + (('Time Matrix'!E43*#REF!)*#REF!) + (('Time Matrix'!E43*#REF!)*#REF!) + (('Time Matrix'!E43*#REF!)*#REF!) -> #REF! | F49: =(('Time Matrix'!E43*#REF!)*#REF!) + (('Time Matrix'!E43*#REF!)*#REF!) + (('Time Matrix'!E43*#REF!)*#REF!) + (('Time Matrix'!E43*#REF!)*#REF!) -> #REF! | G49: =(('Time Matrix'!E43*#REF!)*#REF!) + (('Time Matrix'!E43*#REF!)*#REF!) + (('Time Matrix'!E43*#REF!)*#REF!) + (('Time Matrix'!E43*#REF!)*#REF!) -> #REF! | H49: =(('Time Matrix'!E43*#REF!)*#REF!) + (('Time Matrix'!E43*#REF!)*#REF!) + (('Time Matrix'!E43*#REF!)*#REF!) + (('Time Matrix'!E43*#REF!)*#REF!) -> #REF!
A50: 708200698 | B50: FRONT FASCIA | C50: =(('Time Matrix'!E44*#REF!)*'Mon (101)'!#REF!) + (('Time Matrix'!E44*#REF!)*'Mon (101)'!#REF!) + (('Time Matrix'!E44*#REF!)*'Mon (101)'!#REF!) + (('Time Matrix'!E44*#REF!)*'Mon (101)'!#REF!) -> #REF! | D50: =(('Time Matrix'!E44*#REF!)*#REF!) + (('Time Matrix'!E44*#REF!)*#REF!) + (('Time Matrix'!E44*#REF!)*#REF!) + (('Time Matrix'!E44*#REF!)*#REF!) -> #REF! | E50: =(('Time Matrix'!E44*#REF!)*#REF!) + (('Time Matrix'!E44*#REF!)*#REF!) + (('Time Matrix'!E44*#REF!)*#REF!) + (('Time Matrix'!E44*#REF!)*#REF!) -> #REF! | F50: =(('Time Matrix'!E44*#REF!)*#REF!) + (('Time Matrix'!E44*#REF!)*#REF!) + (('Time Matrix'!E44*#REF!)*#REF!) + (('Time Matrix'!E44*#REF!)*#REF!) -> #REF! | G50: =(('Time Matrix'!E44*#REF!)*#REF!) + (('Time Matrix'!E44*#REF!)*#REF!) + (('Time Matrix'!E44*#REF!)*#REF!) + (('Time Matrix'!E44*#REF!)*#REF!) -> #REF! | H50: =(('Time Matrix'!E44*#REF!)*#REF!) + (('Time Matrix'!E44*#REF!)*#REF!) + (('Time Matrix'!E44*#REF!)*#REF!) + (('Time Matrix'!E44*#REF!)*#REF!) -> #REF!
A51: 708301988 | B51: RH F3T PANEL | C51: =(('Time Matrix'!E45*#REF!)*'Mon (101)'!#REF!) + (('Time Matrix'!E45*#REF!)*'Mon (101)'!#REF!) + (('Time Matrix'!E45*#REF!)*'Mon (101)'!#REF!) + (('Time Matrix'!E45*#REF!)*'Mon (101)'!#REF!) -> #REF! | D51: =(('Time Matrix'!E45*#REF!)*#REF!) + (('Time Matrix'!E45*#REF!)*#REF!) + (('Time Matrix'!E45*#REF!)*#REF!) + (('Time Matrix'!E45*#REF!)*#REF!) -> #REF! | E51: =(('Time Matrix'!E45*#REF!)*#REF!) + (('Time Matrix'!E45*#REF!)*#REF!) + (('Time Matrix'!E45*#REF!)*#REF!) + (('Time Matrix'!E45*#REF!)*#REF!) -> #REF! | F51: =(('Time Matrix'!E45*#REF!)*#REF!) + (('Time Matrix'!E45*#REF!)*#REF!) + (('Time Matrix'!E45*#REF!)*#REF!) + (('Time Matrix'!E45*#REF!)*#REF!) -> #REF! | G51: =(('Time Matrix'!E45*#REF!)*#REF!) + (('Time Matrix'!E45*#REF!)*#REF!) + (('Time Matrix'!E45*#REF!)*#REF!) + (('Time Matrix'!E45*#REF!)*#REF!) -> #REF! | H51: =(('Time Matrix'!E45*#REF!)*#REF!) + (('Time Matrix'!E45*#REF!)*#REF!) + (('Time Matrix'!E45*#REF!)*#REF!) + (('Time Matrix'!E45*#REF!)*#REF!) -> #REF!
A52: 708301990 | B52: LH F3T PANEL | C52: =(('Time Matrix'!E46*#REF!)*'Mon (101)'!#REF!) + (('Time Matrix'!E46*#REF!)*'Mon (101)'!#REF!) + (('Time Matrix'!E46*#REF!)*'Mon (101)'!#REF!) + (('Time Matrix'!E46*#REF!)*'Mon (101)'!#REF!) -> #REF! | D52: =(('Time Matrix'!E46*#REF!)*#REF!) + (('Time Matrix'!E46*#REF!)*#REF!) + (('Time Matrix'!E46*#REF!)*#REF!) + (('Time Matrix'!E46*#REF!)*#REF!) -> #REF! | E52: =(('Time Matrix'!E46*#REF!)*#REF!) + (('Time Matrix'!E46*#REF!)*#REF!) + (('Time Matrix'!E46*#REF!)*#REF!) + (('Time Matrix'!E46*#REF!)*#REF!) -> #REF! | F52: =(('Time Matrix'!E46*#REF!)*#REF!) + (('Time Matrix'!E46*#REF!)*#REF!) + (('Time Matrix'!E46*#REF!)*#REF!) + (('Time Matrix'!E46*#REF!)*#REF!) -> #REF! | G52: =(('Time Matrix'!E46*#REF!)*#REF!) + (('Time Matrix'!E46*#REF!)*#REF!) + (('Time Matrix'!E46*#REF!)*#REF!) + (('Time Matrix'!E46*#REF!)*#REF!) -> #REF! | H52: =(('Time Matrix'!E46*#REF!)*#REF!) + (('Time Matrix'!E46*#REF!)*#REF!) + (('Time Matrix'!E46*#REF!)*#REF!) + (('Time Matrix'!E46*#REF!)*#REF!) -> #REF!
A53: Total: | C53: =SUM(C41:C52) -> #REF! | D53: =SUM(D41:D52) -> #REF! | E53: =SUM(E41:E52) -> #REF! | F53: =SUM(F41:F52) -> #REF! | G53: =SUM(G41:G52) -> #REF! | H53: =SUM(H41:H52) -> #REF!
A54: Metelix - Spoilers
B55: LG Black | C55: =(('Time Matrix'!F47*#REF!)*'Mon (101)'!#REF!) + (('Time Matrix'!F47*#REF!)*'Mon (101)'!#REF!) + (('Time Matrix'!F47*#REF!)*'Mon (101)'!#REF!) + (('Time Matrix'!F47*#REF!)*'Mon (101)'!#REF!) -> #REF! | D55: =(('Time Matrix'!F47*#REF!)*#REF!) + (('Time Matrix'!F47*#REF!)*#REF!) + (('Time Matrix'!F47*#REF!)*#REF!) + (('Time Matrix'!F47*#REF!)*#REF!) -> #REF! | E55: =(('Time Matrix'!F47*#REF!)*#REF!) + (('Time Matrix'!F47*#REF!)*#REF!) + (('Time Matrix'!F47*#REF!)*#REF!) + (('Time Matrix'!F47*#REF!)*#REF!) -> #REF! | F55: =(('Time Matrix'!F47*#REF!)*#REF!) + (('Time Matrix'!F47*#REF!)*#REF!) + (('Time Matrix'!F47*#REF!)*#REF!) + (('Time Matrix'!F47*#REF!)*#REF!) -> #REF! | G55: =(('Time Matrix'!F47*#REF!)*#REF!) + (('Time Matrix'!F47*#REF!)*#REF!) + (('Time Matrix'!F47*#REF!)*#REF!) + (('Time Matrix'!F47*#REF!)*#REF!) -> #REF! | H55: =(('Time Matrix'!F47*#REF!)*#REF!) + (('Time Matrix'!F47*#REF!)*#REF!) + (('Time Matrix'!F47*#REF!)*#REF!) + (('Time Matrix'!F47*#REF!)*#REF!) -> #REF!
B56: Black | C56: =(('Time Matrix'!F48*#REF!)*'Mon (101)'!#REF!) + (('Time Matrix'!F48*#REF!)*'Mon (101)'!#REF!) + (('Time Matrix'!F48*#REF!)*'Mon (101)'!#REF!) + (('Time Matrix'!F48*#REF!)*'Mon (101)'!#REF!) -> #REF! | D56: =(('Time Matrix'!F48*#REF!)*#REF!) + (('Time Matrix'!F48*#REF!)*#REF!) + (('Time Matrix'!F48*#REF!)*#REF!) + (('Time Matrix'!F48*#REF!)*#REF!) -> #REF! | E56: =(('Time Matrix'!F48*#REF!)*#REF!) + (('Time Matrix'!F48*#REF!)*#REF!) + (('Time Matrix'!F48*#REF!)*#REF!) + (('Time Matrix'!F48*#REF!)*#REF!) -> #REF! | F56: =(('Time Matrix'!F48*#REF!)*#REF!) + (('Time Matrix'!F48*#REF!)*#REF!) + (('Time Matrix'!F48*#REF!)*#REF!) + (('Time Matrix'!F48*#REF!)*#REF!) -> #REF! | G56: =(('Time Matrix'!F48*#REF!)*#REF!) + (('Time Matrix'!F48*#REF!)*#REF!) + (('Time Matrix'!F48*#REF!)*#REF!) + (('Time Matrix'!F48*#REF!)*#REF!) -> #REF! | H56: =(('Time Matrix'!F48*#REF!)*#REF!) + (('Time Matrix'!F48*#REF!)*#REF!) + (('Time Matrix'!F48*#REF!)*#REF!) + (('Time Matrix'!F48*#REF!)*#REF!) -> #REF!
B57: Cherry Bomb | C57: =(('Time Matrix'!F49*#REF!)*'Mon (101)'!#REF!) + (('Time Matrix'!F49*#REF!)*'Mon (101)'!#REF!) + (('Time Matrix'!F49*#REF!)*'Mon (101)'!#REF!) + (('Time Matrix'!F49*#REF!)*'Mon (101)'!#REF!) -> #REF! | D57: =(('Time Matrix'!F49*#REF!)*#REF!) + (('Time Matrix'!F49*#REF!)*#REF!) + (('Time Matrix'!F49*#REF!)*#REF!) + (('Time Matrix'!F49*#REF!)*#REF!) -> #REF! | E57: =(('Time Matrix'!F49*#REF!)*#REF!) + (('Time Matrix'!F49*#REF!)*#REF!) + (('Time Matrix'!F49*#REF!)*#REF!) + (('Time Matrix'!F49*#REF!)*#REF!) -> #REF! | F57: =(('Time Matrix'!F49*#REF!)*#REF!) + (('Time Matrix'!F49*#REF!)*#REF!) + (('Time Matrix'!F49*#REF!)*#REF!) + (('Time Matrix'!F49*#REF!)*#REF!) -> #REF! | G57: =(('Time Matrix'!F49*#REF!)*#REF!) + (('Time Matrix'!F49*#REF!)*#REF!) + (('Time Matrix'!F49*#REF!)*#REF!) + (('Time Matrix'!F49*#REF!)*#REF!) -> #REF! | H57: =(('Time Matrix'!F49*#REF!)*#REF!) + (('Time Matrix'!F49*#REF!)*#REF!) + (('Time Matrix'!F49*#REF!)*#REF!) + (('Time Matrix'!F49*#REF!)*#REF!) -> #REF!
B58: Dk Shdw | C58: =(('Time Matrix'!F50*#REF!)*'Mon (101)'!#REF!) + (('Time Matrix'!F50*#REF!)*'Mon (101)'!#REF!) + (('Time Matrix'!F50*#REF!)*'Mon (101)'!#REF!) + (('Time Matrix'!F50*#REF!)*'Mon (101)'!#REF!) -> #REF! | D58: =(('Time Matrix'!F50*#REF!)*#REF!) + (('Time Matrix'!F50*#REF!)*#REF!) + (('Time Matrix'!F50*#REF!)*#REF!) + (('Time Matrix'!F50*#REF!)*#REF!) -> #REF! | E58: =(('Time Matrix'!F50*#REF!)*#REF!) + (('Time Matrix'!F50*#REF!)*#REF!) + (('Time Matrix'!F50*#REF!)*#REF!) + (('Time Matrix'!F50*#REF!)*#REF!) -> #REF! | F58: =(('Time Matrix'!F50*#REF!)*#REF!) + (('Time Matrix'!F50*#REF!)*#REF!) + (('Time Matrix'!F50*#REF!)*#REF!) + (('Time Matrix'!F50*#REF!)*#REF!) -> #REF! | G58: =(('Time Matrix'!F50*#REF!)*#REF!) + (('Time Matrix'!F50*#REF!)*#REF!) + (('Time Matrix'!F50*#REF!)*#REF!) + (('Time Matrix'!F50*#REF!)*#REF!) -> #REF! | H58: =(('Time Matrix'!F50*#REF!)*#REF!) + (('Time Matrix'!F50*#REF!)*#REF!) + (('Time Matrix'!F50*#REF!)*#REF!) + (('Time Matrix'!F50*#REF!)*#REF!) -> #REF!
B59: Oconus | C59: =(('Time Matrix'!F51*#REF!)*'Mon (101)'!#REF!) + (('Time Matrix'!F51*#REF!)*'Mon (101)'!#REF!) + (('Time Matrix'!F51*#REF!)*'Mon (101)'!#REF!) + (('Time Matrix'!F51*#REF!)*'Mon (101)'!#REF!) -> #REF! | D59: =(('Time Matrix'!F51*#REF!)*#REF!) + (('Time Matrix'!F51*#REF!)*#REF!) + (('Time Matrix'!F51*#REF!)*#REF!) + (('Time Matrix'!F51*#REF!)*#REF!) -> #REF! | E59: =(('Time Matrix'!F51*#REF!)*#REF!) + (('Time Matrix'!F51*#REF!)*#REF!) + (('Time Matrix'!F51*#REF!)*#REF!) + (('Time Matrix'!F51*#REF!)*#REF!) -> #REF! | F59: =(('Time Matrix'!F51*#REF!)*#REF!) + (('Time Matrix'!F51*#REF!)*#REF!) + (('Time Matrix'!F51*#REF!)*#REF!) + (('Time Matrix'!F51*#REF!)*#REF!) -> #REF! | G59: =(('Time Matrix'!F51*#REF!)*#REF!) + (('Time Matrix'!F51*#REF!)*#REF!) + (('Time Matrix'!F51*#REF!)*#REF!) + (('Time Matrix'!F51*#REF!)*#REF!) -> #REF! | H59: =(('Time Matrix'!F51*#REF!)*#REF!) + (('Time Matrix'!F51*#REF!)*#REF!) + (('Time Matrix'!F51*#REF!)*#REF!) + (('Time Matrix'!F51*#REF!)*#REF!) -> #REF!
B60: Pull Me Over Red | C60: =(('Time Matrix'!F52*#REF!)*'Mon (101)'!#REF!) + (('Time Matrix'!F52*#REF!)*'Mon (101)'!#REF!) + (('Time Matrix'!F52*#REF!)*'Mon (101)'!#REF!) + (('Time Matrix'!F52*#REF!)*'Mon (101)'!#REF!) -> #REF! | D60: =(('Time Matrix'!F52*#REF!)*#REF!) + (('Time Matrix'!F52*#REF!)*#REF!) + (('Time Matrix'!F52*#REF!)*#REF!) + (('Time Matrix'!F52*#REF!)*#REF!) -> #REF! | E60: =(('Time Matrix'!F52*#REF!)*#REF!) + (('Time Matrix'!F52*#REF!)*#REF!) + (('Time Matrix'!F52*#REF!)*#REF!) + (('Time Matrix'!F52*#REF!)*#REF!) -> #REF! | F60: =(('Time Matrix'!F52*#REF!)*#REF!) + (('Time Matrix'!F52*#REF!)*#REF!) + (('Time Matrix'!F52*#REF!)*#REF!) + (('Time Matrix'!F52*#REF!)*#REF!) -> #REF! | G60: =(('Time Matrix'!F52*#REF!)*#REF!) + (('Time Matrix'!F52*#REF!)*#REF!) + (('Time Matrix'!F52*#REF!)*#REF!) + (('Time Matrix'!F52*#REF!)*#REF!) -> #REF! | H60: =(('Time Matrix'!F52*#REF!)*#REF!) + (('Time Matrix'!F52*#REF!)*#REF!) + (('Time Matrix'!F52*#REF!)*#REF!) + (('Time Matrix'!F52*#REF!)*#REF!) -> #REF!
B61: Rapid | C61: =(('Time Matrix'!F53*#REF!)*'Mon (101)'!#REF!) + (('Time Matrix'!F53*#REF!)*'Mon (101)'!#REF!) + (('Time Matrix'!F53*#REF!)*'Mon (101)'!#REF!) + (('Time Matrix'!F53*#REF!)*'Mon (101)'!#REF!) -> #REF! | D61: =(('Time Matrix'!F53*#REF!)*#REF!) + (('Time Matrix'!F53*#REF!)*#REF!) + (('Time Matrix'!F53*#REF!)*#REF!) + (('Time Matrix'!F53*#REF!)*#REF!) -> #REF! | E61: =(('Time Matrix'!F53*#REF!)*#REF!) + (('Time Matrix'!F53*#REF!)*#REF!) + (('Time Matrix'!F53*#REF!)*#REF!) + (('Time Matrix'!F53*#REF!)*#REF!) -> #REF! | F61: =(('Time Matrix'!F53*#REF!)*#REF!) + (('Time Matrix'!F53*#REF!)*#REF!) + (('Time Matrix'!F53*#REF!)*#REF!) + (('Time Matrix'!F53*#REF!)*#REF!) -> #REF! | G61: =(('Time Matrix'!F53*#REF!)*#REF!) + (('Time Matrix'!F53*#REF!)*#REF!) + (('Time Matrix'!F53*#REF!)*#REF!) + (('Time Matrix'!F53*#REF!)*#REF!) -> #REF! | H61: =(('Time Matrix'!F53*#REF!)*#REF!) + (('Time Matrix'!F53*#REF!)*#REF!) + (('Time Matrix'!F53*#REF!)*#REF!) + (('Time Matrix'!F53*#REF!)*#REF!) -> #REF!
B62: Shock | C62: =(('Time Matrix'!F54*#REF!)*'Mon (101)'!#REF!) + (('Time Matrix'!F54*#REF!)*'Mon (101)'!#REF!) + (('Time Matrix'!F54*#REF!)*'Mon (101)'!#REF!) + (('Time Matrix'!F54*#REF!)*'Mon (101)'!#REF!) -> #REF! | D62: =(('Time Matrix'!F54*#REF!)*#REF!) + (('Time Matrix'!F54*#REF!)*#REF!) + (('Time Matrix'!F54*#REF!)*#REF!) + (('Time Matrix'!F54*#REF!)*#REF!) -> #REF! | E62: =(('Time Matrix'!F54*#REF!)*#REF!) + (('Time Matrix'!F54*#REF!)*#REF!) + (('Time Matrix'!F54*#REF!)*#REF!) + (('Time Matrix'!F54*#REF!)*#REF!) -> #REF! | F62: =(('Time Matrix'!F54*#REF!)*#REF!) + (('Time Matrix'!F54*#REF!)*#REF!) + (('Time Matrix'!F54*#REF!)*#REF!) + (('Time Matrix'!F54*#REF!)*#REF!) -> #REF! | G62: =(('Time Matrix'!F54*#REF!)*#REF!) + (('Time Matrix'!F54*#REF!)*#REF!) + (('Time Matrix'!F54*#REF!)*#REF!) + (('Time Matrix'!F54*#REF!)*#REF!) -> #REF! | H62: =(('Time Matrix'!F54*#REF!)*#REF!) + (('Time Matrix'!F54*#REF!)*#REF!) + (('Time Matrix'!F54*#REF!)*#REF!) + (('Time Matrix'!F54*#REF!)*#REF!) -> #REF!
B63: Service Prime | C63: =(('Time Matrix'!F55*#REF!)*'Mon (101)'!#REF!) + (('Time Matrix'!F55*#REF!)*'Mon (101)'!#REF!) + (('Time Matrix'!F55*#REF!)*'Mon (101)'!#REF!) + (('Time Matrix'!F55*#REF!)*'Mon (101)'!#REF!) -> #REF! | D63: =(('Time Matrix'!F55*#REF!)*#REF!) + (('Time Matrix'!F55*#REF!)*#REF!) + (('Time Matrix'!F55*#REF!)*#REF!) + (('Time Matrix'!F55*#REF!)*#REF!) -> #REF! | E63: =(('Time Matrix'!F55*#REF!)*#REF!) + (('Time Matrix'!F55*#REF!)*#REF!) + (('Time Matrix'!F55*#REF!)*#REF!) + (('Time Matrix'!F55*#REF!)*#REF!) -> #REF! | F63: =(('Time Matrix'!F55*#REF!)*#REF!) + (('Time Matrix'!F55*#REF!)*#REF!) + (('Time Matrix'!F55*#REF!)*#REF!) + (('Time Matrix'!F55*#REF!)*#REF!) -> #REF! | G63: =(('Time Matrix'!F55*#REF!)*#REF!) + (('Time Matrix'!F55*#REF!)*#REF!) + (('Time Matrix'!F55*#REF!)*#REF!) + (('Time Matrix'!F55*#REF!)*#REF!) -> #REF! | H63: =(('Time Matrix'!F55*#REF!)*#REF!) + (('Time Matrix'!F55*#REF!)*#REF!) + (('Time Matrix'!F55*#REF!)*#REF!) + (('Time Matrix'!F55*#REF!)*#REF!) -> #REF!
B64: Sat Steel Grey | C64: =(('Time Matrix'!F56*#REF!)*'Mon (101)'!#REF!) + (('Time Matrix'!F56*#REF!)*'Mon (101)'!#REF!) + (('Time Matrix'!F56*#REF!)*'Mon (101)'!#REF!) + (('Time Matrix'!F56*#REF!)*'Mon (101)'!#REF!) -> #REF! | D64: =(('Time Matrix'!F56*#REF!)*#REF!) + (('Time Matrix'!F56*#REF!)*#REF!) + (('Time Matrix'!F56*#REF!)*#REF!) + (('Time Matrix'!F56*#REF!)*#REF!) -> #REF! | E64: =(('Time Matrix'!F56*#REF!)*#REF!) + (('Time Matrix'!F56*#REF!)*#REF!) + (('Time Matrix'!F56*#REF!)*#REF!) + (('Time Matrix'!F56*#REF!)*#REF!) -> #REF! | F64: =(('Time Matrix'!F56*#REF!)*#REF!) + (('Time Matrix'!F56*#REF!)*#REF!) + (('Time Matrix'!F56*#REF!)*#REF!) + (('Time Matrix'!F56*#REF!)*#REF!) -> #REF! | G64: =(('Time Matrix'!F56*#REF!)*#REF!) + (('Time Matrix'!F56*#REF!)*#REF!) + (('Time Matrix'!F56*#REF!)*#REF!) + (('Time Matrix'!F56*#REF!)*#REF!) -> #REF! | H64: =(('Time Matrix'!F56*#REF!)*#REF!) + (('Time Matrix'!F56*#REF!)*#REF!) + (('Time Matrix'!F56*#REF!)*#REF!) + (('Time Matrix'!F56*#REF!)*#REF!) -> #REF!
B65: Vivid Met | C65: =(('Time Matrix'!F57*#REF!)*'Mon (101)'!#REF!) + (('Time Matrix'!F57*#REF!)*'Mon (101)'!#REF!) + (('Time Matrix'!F57*#REF!)*'Mon (101)'!#REF!) + (('Time Matrix'!F57*#REF!)*'Mon (101)'!#REF!) -> #REF! | D65: =(('Time Matrix'!F57*#REF!)*#REF!) + (('Time Matrix'!F57*#REF!)*#REF!) + (('Time Matrix'!F57*#REF!)*#REF!) + (('Time Matrix'!F57*#REF!)*#REF!) -> #REF! | E65: =(('Time Matrix'!F57*#REF!)*#REF!) + (('Time Matrix'!F57*#REF!)*#REF!) + (('Time Matrix'!F57*#REF!)*#REF!) + (('Time Matrix'!F57*#REF!)*#REF!) -> #REF! | F65: =(('Time Matrix'!F57*#REF!)*#REF!) + (('Time Matrix'!F57*#REF!)*#REF!) + (('Time Matrix'!F57*#REF!)*#REF!) + (('Time Matrix'!F57*#REF!)*#REF!) -> #REF! | G65: =(('Time Matrix'!F57*#REF!)*#REF!) + (('Time Matrix'!F57*#REF!)*#REF!) + (('Time Matrix'!F57*#REF!)*#REF!) + (('Time Matrix'!F57*#REF!)*#REF!) -> #REF! | H65: =(('Time Matrix'!F57*#REF!)*#REF!) + (('Time Matrix'!F57*#REF!)*#REF!) + (('Time Matrix'!F57*#REF!)*#REF!) + (('Time Matrix'!F57*#REF!)*#REF!) -> #REF!
B66: Summit White | C66: =(('Time Matrix'!F58*#REF!)*'Mon (101)'!#REF!) + (('Time Matrix'!F58*#REF!)*'Mon (101)'!#REF!) + (('Time Matrix'!F58*#REF!)*'Mon (101)'!#REF!) + (('Time Matrix'!F58*#REF!)*'Mon (101)'!#REF!) -> #REF! | D66: =(('Time Matrix'!F58*#REF!)*#REF!) + (('Time Matrix'!F58*#REF!)*#REF!) + (('Time Matrix'!F58*#REF!)*#REF!) + (('Time Matrix'!F58*#REF!)*#REF!) -> #REF! | E66: =(('Time Matrix'!F58*#REF!)*#REF!) + (('Time Matrix'!F58*#REF!)*#REF!) + (('Time Matrix'!F58*#REF!)*#REF!) + (('Time Matrix'!F58*#REF!)*#REF!) -> #REF! | F66: =(('Time Matrix'!F58*#REF!)*#REF!) + (('Time Matrix'!F58*#REF!)*#REF!) + (('Time Matrix'!F58*#REF!)*#REF!) + (('Time Matrix'!F58*#REF!)*#REF!) -> #REF! | G66: =(('Time Matrix'!F58*#REF!)*#REF!) + (('Time Matrix'!F58*#REF!)*#REF!) + (('Time Matrix'!F58*#REF!)*#REF!) + (('Time Matrix'!F58*#REF!)*#REF!) -> #REF! | H66: =(('Time Matrix'!F58*#REF!)*#REF!) + (('Time Matrix'!F58*#REF!)*#REF!) + (('Time Matrix'!F58*#REF!)*#REF!) + (('Time Matrix'!F58*#REF!)*#REF!) -> #REF!
A67: Total: | C67: =SUM(C55:C66) -> #REF! | D67: =SUM(D55:D66) -> #REF! | E67: =SUM(E55:E66) -> #REF! | F67: =SUM(F55:F66) -> #REF! | G67: =SUM(G55:G66) -> #REF! | H67: =SUM(H55:H66) -> #REF!
A68: Electrolux (Smoke)
A69: 5011 | B69: CTRL PAN Rev G | C69: =(('Time Matrix'!G59*#REF!)*'Mon (101)'!#REF!) + (('Time Matrix'!G59*#REF!)*'Mon (101)'!#REF!) + (('Time Matrix'!G59*#REF!)*'Mon (101)'!#REF!) + (('Time Matrix'!G59*#REF!)*'Mon (101)'!#REF!) -> #REF! | D69: =(('Time Matrix'!G59*#REF!)*#REF!) + (('Time Matrix'!G59*#REF!)*#REF!) + (('Time Matrix'!G59*#REF!)*#REF!) + (('Time Matrix'!G59*#REF!)*#REF!) -> #REF! | E69: =(('Time Matrix'!G59*#REF!)*#REF!) + (('Time Matrix'!G59*#REF!)*#REF!) + (('Time Matrix'!G59*#REF!)*#REF!) + (('Time Matrix'!G59*#REF!)*#REF!) -> #REF! | F69: =(('Time Matrix'!G59*#REF!)*#REF!) + (('Time Matrix'!G59*#REF!)*#REF!) + (('Time Matrix'!G59*#REF!)*#REF!) + (('Time Matrix'!G59*#REF!)*#REF!) -> #REF! | G69: =(('Time Matrix'!G59*#REF!)*#REF!) + (('Time Matrix'!G59*#REF!)*#REF!) + (('Time Matrix'!G59*#REF!)*#REF!) + (('Time Matrix'!G59*#REF!)*#REF!) -> #REF! | H69: =(('Time Matrix'!G59*#REF!)*#REF!) + (('Time Matrix'!G59*#REF!)*#REF!) + (('Time Matrix'!G59*#REF!)*#REF!) + (('Time Matrix'!G59*#REF!)*#REF!) -> #REF!
A70: 1408 | B70: CTRL PAN Rev I | C70: =(('Time Matrix'!G60*#REF!)*'Mon (101)'!#REF!) + (('Time Matrix'!G60*#REF!)*'Mon (101)'!#REF!) + (('Time Matrix'!G60*#REF!)*'Mon (101)'!#REF!) + (('Time Matrix'!G60*#REF!)*'Mon (101)'!#REF!) -> #REF! | D70: =(('Time Matrix'!G60*#REF!)*#REF!) + (('Time Matrix'!G60*#REF!)*#REF!) + (('Time Matrix'!G60*#REF!)*#REF!) + (('Time Matrix'!G60*#REF!)*#REF!) -> #REF! | E70: =(('Time Matrix'!G60*#REF!)*#REF!) + (('Time Matrix'!G60*#REF!)*#REF!) + (('Time Matrix'!G60*#REF!)*#REF!) + (('Time Matrix'!G60*#REF!)*#REF!) -> #REF! | F70: =(('Time Matrix'!G60*#REF!)*#REF!) + (('Time Matrix'!G60*#REF!)*#REF!) + (('Time Matrix'!G60*#REF!)*#REF!) + (('Time Matrix'!G60*#REF!)*#REF!) -> #REF! | G70: =(('Time Matrix'!G60*#REF!)*#REF!) + (('Time Matrix'!G60*#REF!)*#REF!) + (('Time Matrix'!G60*#REF!)*#REF!) + (('Time Matrix'!G60*#REF!)*#REF!) -> #REF! | H70: =(('Time Matrix'!G60*#REF!)*#REF!) + (('Time Matrix'!G60*#REF!)*#REF!) + (('Time Matrix'!G60*#REF!)*#REF!) + (('Time Matrix'!G60*#REF!)*#REF!) -> #REF!
A71: 5007 | B71: CTRL PAN Rev H | C71: =(('Time Matrix'!G61*#REF!)*'Mon (101)'!#REF!) + (('Time Matrix'!G61*#REF!)*'Mon (101)'!#REF!) + (('Time Matrix'!G61*#REF!)*'Mon (101)'!#REF!) + (('Time Matrix'!G61*#REF!)*'Mon (101)'!#REF!) -> #REF! | D71: =(('Time Matrix'!G61*#REF!)*#REF!) + (('Time Matrix'!G61*#REF!)*#REF!) + (('Time Matrix'!G61*#REF!)*#REF!) + (('Time Matrix'!G61*#REF!)*#REF!) -> #REF! | E71: =(('Time Matrix'!G61*#REF!)*#REF!) + (('Time Matrix'!G61*#REF!)*#REF!) + (('Time Matrix'!G61*#REF!)*#REF!) + (('Time Matrix'!G61*#REF!)*#REF!) -> #REF! | F71: =(('Time Matrix'!G61*#REF!)*#REF!) + (('Time Matrix'!G61*#REF!)*#REF!) + (('Time Matrix'!G61*#REF!)*#REF!) + (('Time Matrix'!G61*#REF!)*#REF!) -> #REF! | G71: =(('Time Matrix'!G61*#REF!)*#REF!) + (('Time Matrix'!G61*#REF!)*#REF!) + (('Time Matrix'!G61*#REF!)*#REF!) + (('Time Matrix'!G61*#REF!)*#REF!) -> #REF! | H71: =(('Time Matrix'!G61*#REF!)*#REF!) + (('Time Matrix'!G61*#REF!)*#REF!) + (('Time Matrix'!G61*#REF!)*#REF!) + (('Time Matrix'!G61*#REF!)*#REF!) -> #REF!
A72: Total: | C72: =SUM(C69:C71) -> #REF! | D72: =SUM(D69:D71) -> #REF! | E72: =SUM(E69:E71) -> #REF! | F72: =SUM(F69:F71) -> #REF! | G72: =SUM(G69:G71) -> #REF! | H72: =SUM(H69:H71) -> #REF!
A73: Laval Summit White
B74: Main Lower Cover | C74: =(('Time Matrix'!H62*#REF!)*'Mon (101)'!#REF!) + (('Time Matrix'!H62*#REF!)*'Mon (101)'!#REF!) + (('Time Matrix'!H62*#REF!)*'Mon (101)'!#REF!) + (('Time Matrix'!H62*#REF!)*'Mon (101)'!#REF!) -> #REF! | D74: =(('Time Matrix'!H62*#REF!)*#REF!) + (('Time Matrix'!H62*#REF!)*#REF!) + (('Time Matrix'!H62*#REF!)*#REF!) + (('Time Matrix'!H62*#REF!)*#REF!) -> #REF! | E74: =(('Time Matrix'!H62*#REF!)*#REF!) + (('Time Matrix'!H62*#REF!)*#REF!) + (('Time Matrix'!H62*#REF!)*#REF!) + (('Time Matrix'!H62*#REF!)*#REF!) -> #REF! | F74: =(('Time Matrix'!H62*#REF!)*#REF!) + (('Time Matrix'!H62*#REF!)*#REF!) + (('Time Matrix'!H62*#REF!)*#REF!) + (('Time Matrix'!H62*#REF!)*#REF!) -> #REF! | G74: =(('Time Matrix'!H62*#REF!)*#REF!) + (('Time Matrix'!H62*#REF!)*#REF!) + (('Time Matrix'!H62*#REF!)*#REF!) + (('Time Matrix'!H62*#REF!)*#REF!) -> #REF! | H74: =(('Time Matrix'!H62*#REF!)*#REF!) + (('Time Matrix'!H62*#REF!)*#REF!) + (('Time Matrix'!H62*#REF!)*#REF!) + (('Time Matrix'!H62*#REF!)*#REF!) -> #REF!
B75: Main Upper Cover | C75: =(('Time Matrix'!H63*#REF!)*'Mon (101)'!#REF!) + (('Time Matrix'!H63*#REF!)*'Mon (101)'!#REF!) + (('Time Matrix'!H63*#REF!)*'Mon (101)'!#REF!) + (('Time Matrix'!H63*#REF!)*'Mon (101)'!#REF!) -> #REF! | D75: =(('Time Matrix'!H63*#REF!)*#REF!) + (('Time Matrix'!H63*#REF!)*#REF!) + (('Time Matrix'!H63*#REF!)*#REF!) + (('Time Matrix'!H63*#REF!)*#REF!) -> #REF! | E75: =(('Time Matrix'!H63*#REF!)*#REF!) + (('Time Matrix'!H63*#REF!)*#REF!) + (('Time Matrix'!H63*#REF!)*#REF!) + (('Time Matrix'!H63*#REF!)*#REF!) -> #REF! | F75: =(('Time Matrix'!H63*#REF!)*#REF!) + (('Time Matrix'!H63*#REF!)*#REF!) + (('Time Matrix'!H63*#REF!)*#REF!) + (('Time Matrix'!H63*#REF!)*#REF!) -> #REF! | G75: =(('Time Matrix'!H63*#REF!)*#REF!) + (('Time Matrix'!H63*#REF!)*#REF!) + (('Time Matrix'!H63*#REF!)*#REF!) + (('Time Matrix'!H63*#REF!)*#REF!) -> #REF! | H75: =(('Time Matrix'!H63*#REF!)*#REF!) + (('Time Matrix'!H63*#REF!)*#REF!) + (('Time Matrix'!H63*#REF!)*#REF!) + (('Time Matrix'!H63*#REF!)*#REF!) -> #REF!
B76: Vent Cover | C76: =(('Time Matrix'!H64*#REF!)*'Mon (101)'!#REF!) + (('Time Matrix'!H64*#REF!)*'Mon (101)'!#REF!) + (('Time Matrix'!H64*#REF!)*'Mon (101)'!#REF!) + (('Time Matrix'!H64*#REF!)*'Mon (101)'!#REF!) -> #REF! | D76: =(('Time Matrix'!H64*#REF!)*#REF!) + (('Time Matrix'!H64*#REF!)*#REF!) + (('Time Matrix'!H64*#REF!)*#REF!) + (('Time Matrix'!H64*#REF!)*#REF!) -> #REF! | E76: =(('Time Matrix'!H64*#REF!)*#REF!) + (('Time Matrix'!H64*#REF!)*#REF!) + (('Time Matrix'!H64*#REF!)*#REF!) + (('Time Matrix'!H64*#REF!)*#REF!) -> #REF! | F76: =(('Time Matrix'!H64*#REF!)*#REF!) + (('Time Matrix'!H64*#REF!)*#REF!) + (('Time Matrix'!H64*#REF!)*#REF!) + (('Time Matrix'!H64*#REF!)*#REF!) -> #REF! | G76: =(('Time Matrix'!H64*#REF!)*#REF!) + (('Time Matrix'!H64*#REF!)*#REF!) + (('Time Matrix'!H64*#REF!)*#REF!) + (('Time Matrix'!H64*#REF!)*#REF!) -> #REF! | H76: =(('Time Matrix'!H64*#REF!)*#REF!) + (('Time Matrix'!H64*#REF!)*#REF!) + (('Time Matrix'!H64*#REF!)*#REF!) + (('Time Matrix'!H64*#REF!)*#REF!) -> #REF!
A77: 7092 | B77: Rear Belt | C77: =(('Time Matrix'!H65*#REF!)*'Mon (101)'!#REF!) + (('Time Matrix'!H65*#REF!)*'Mon (101)'!#REF!) + (('Time Matrix'!H65*#REF!)*'Mon (101)'!#REF!) + (('Time Matrix'!H65*#REF!)*'Mon (101)'!#REF!) -> #REF! | D77: =(('Time Matrix'!H65*#REF!)*#REF!) + (('Time Matrix'!H65*#REF!)*#REF!) + (('Time Matrix'!H65*#REF!)*#REF!) + (('Time Matrix'!H65*#REF!)*#REF!) -> #REF! | E77: =(('Time Matrix'!H65*#REF!)*#REF!) + (('Time Matrix'!H65*#REF!)*#REF!) + (('Time Matrix'!H65*#REF!)*#REF!) + (('Time Matrix'!H65*#REF!)*#REF!) -> #REF! | F77: =(('Time Matrix'!H65*#REF!)*#REF!) + (('Time Matrix'!H65*#REF!)*#REF!) + (('Time Matrix'!H65*#REF!)*#REF!) + (('Time Matrix'!H65*#REF!)*#REF!) -> #REF! | G77: =(('Time Matrix'!H65*#REF!)*#REF!) + (('Time Matrix'!H65*#REF!)*#REF!) + (('Time Matrix'!H65*#REF!)*#REF!) + (('Time Matrix'!H65*#REF!)*#REF!) -> #REF! | H77: =(('Time Matrix'!H65*#REF!)*#REF!) + (('Time Matrix'!H65*#REF!)*#REF!) + (('Time Matrix'!H65*#REF!)*#REF!) + (('Time Matrix'!H65*#REF!)*#REF!) -> #REF!
A78: Total: | C78: =SUM(C74:C77) -> #REF! | D78: =SUM(D74:D77) -> #REF! | E78: =SUM(E74:E77) -> #REF! | F78: =SUM(F74:F77) -> #REF! | G78: =SUM(G74:G77) -> #REF! | H78: =SUM(H74:H77) -> #REF!
A79: Laval Waymo Black
B80: Rear Plate | C80: =(('Time Matrix'!I66*#REF!)*'Mon (101)'!#REF!) + (('Time Matrix'!I66*#REF!)*'Mon (101)'!#REF!) + (('Time Matrix'!I66*#REF!)*'Mon (101)'!#REF!) + (('Time Matrix'!I66*#REF!)*'Mon (101)'!#REF!) -> #REF! | D80: =(('Time Matrix'!I66*#REF!)*#REF!) + (('Time Matrix'!I66*#REF!)*#REF!) + (('Time Matrix'!I66*#REF!)*#REF!) + (('Time Matrix'!I66*#REF!)*#REF!) -> #REF! | E80: =(('Time Matrix'!I66*#REF!)*#REF!) + (('Time Matrix'!I66*#REF!)*#REF!) + (('Time Matrix'!I66*#REF!)*#REF!) + (('Time Matrix'!I66*#REF!)*#REF!) -> #REF! | F80: =(('Time Matrix'!I66*#REF!)*#REF!) + (('Time Matrix'!I66*#REF!)*#REF!) + (('Time Matrix'!I66*#REF!)*#REF!) + (('Time Matrix'!I66*#REF!)*#REF!) -> #REF! | G80: =(('Time Matrix'!I66*#REF!)*#REF!) + (('Time Matrix'!I66*#REF!)*#REF!) + (('Time Matrix'!I66*#REF!)*#REF!) + (('Time Matrix'!I66*#REF!)*#REF!) -> #REF! | H80: =(('Time Matrix'!I66*#REF!)*#REF!) + (('Time Matrix'!I66*#REF!)*#REF!) + (('Time Matrix'!I66*#REF!)*#REF!) + (('Time Matrix'!I66*#REF!)*#REF!) -> #REF!
B81: Bezel | C81: =(('Time Matrix'!I67*#REF!)*'Mon (101)'!#REF!) + (('Time Matrix'!I67*#REF!)*'Mon (101)'!#REF!) + (('Time Matrix'!I67*#REF!)*'Mon (101)'!#REF!) + (('Time Matrix'!I67*#REF!)*'Mon (101)'!#REF!) -> #REF! | D81: =(('Time Matrix'!I67*#REF!)*#REF!) + (('Time Matrix'!I67*#REF!)*#REF!) + (('Time Matrix'!I67*#REF!)*#REF!) + (('Time Matrix'!I67*#REF!)*#REF!) -> #REF! | E81: =(('Time Matrix'!I67*#REF!)*#REF!) + (('Time Matrix'!I67*#REF!)*#REF!) + (('Time Matrix'!I67*#REF!)*#REF!) + (('Time Matrix'!I67*#REF!)*#REF!) -> #REF! | F81: =(('Time Matrix'!I67*#REF!)*#REF!) + (('Time Matrix'!I67*#REF!)*#REF!) + (('Time Matrix'!I67*#REF!)*#REF!) + (('Time Matrix'!I67*#REF!)*#REF!) -> #REF! | G81: =(('Time Matrix'!I67*#REF!)*#REF!) + (('Time Matrix'!I67*#REF!)*#REF!) + (('Time Matrix'!I67*#REF!)*#REF!) + (('Time Matrix'!I67*#REF!)*#REF!) -> #REF! | H81: =(('Time Matrix'!I67*#REF!)*#REF!) + (('Time Matrix'!I67*#REF!)*#REF!) + (('Time Matrix'!I67*#REF!)*#REF!) + (('Time Matrix'!I67*#REF!)*#REF!) -> #REF!
B82: IR Cover LH | C82: =(('Time Matrix'!I68*#REF!)*'Mon (101)'!#REF!) + (('Time Matrix'!I68*#REF!)*'Mon (101)'!#REF!) + (('Time Matrix'!I68*#REF!)*'Mon (101)'!#REF!) + (('Time Matrix'!I68*#REF!)*'Mon (101)'!#REF!) -> #REF! | D82: =(('Time Matrix'!I68*#REF!)*#REF!) + (('Time Matrix'!I68*#REF!)*#REF!) + (('Time Matrix'!I68*#REF!)*#REF!) + (('Time Matrix'!I68*#REF!)*#REF!) -> #REF! | E82: =(('Time Matrix'!I68*#REF!)*#REF!) + (('Time Matrix'!I68*#REF!)*#REF!) + (('Time Matrix'!I68*#REF!)*#REF!) + (('Time Matrix'!I68*#REF!)*#REF!) -> #REF! | F82: =(('Time Matrix'!I68*#REF!)*#REF!) + (('Time Matrix'!I68*#REF!)*#REF!) + (('Time Matrix'!I68*#REF!)*#REF!) + (('Time Matrix'!I68*#REF!)*#REF!) -> #REF! | G82: =(('Time Matrix'!I68*#REF!)*#REF!) + (('Time Matrix'!I68*#REF!)*#REF!) + (('Time Matrix'!I68*#REF!)*#REF!) + (('Time Matrix'!I68*#REF!)*#REF!) -> #REF! | H82: =(('Time Matrix'!I68*#REF!)*#REF!) + (('Time Matrix'!I68*#REF!)*#REF!) + (('Time Matrix'!I68*#REF!)*#REF!) + (('Time Matrix'!I68*#REF!)*#REF!) -> #REF!
B83: IR Cover RH | C83: =(('Time Matrix'!I69*#REF!)*'Mon (101)'!#REF!) + (('Time Matrix'!I69*#REF!)*'Mon (101)'!#REF!) + (('Time Matrix'!I69*#REF!)*'Mon (101)'!#REF!) + (('Time Matrix'!I69*#REF!)*'Mon (101)'!#REF!) -> #REF! | D83: =(('Time Matrix'!I69*#REF!)*#REF!) + (('Time Matrix'!I69*#REF!)*#REF!) + (('Time Matrix'!I69*#REF!)*#REF!) + (('Time Matrix'!I69*#REF!)*#REF!) -> #REF! | E83: =(('Time Matrix'!I69*#REF!)*#REF!) + (('Time Matrix'!I69*#REF!)*#REF!) + (('Time Matrix'!I69*#REF!)*#REF!) + (('Time Matrix'!I69*#REF!)*#REF!) -> #REF! | F83: =(('Time Matrix'!I69*#REF!)*#REF!) + (('Time Matrix'!I69*#REF!)*#REF!) + (('Time Matrix'!I69*#REF!)*#REF!) + (('Time Matrix'!I69*#REF!)*#REF!) -> #REF! | G83: =(('Time Matrix'!I69*#REF!)*#REF!) + (('Time Matrix'!I69*#REF!)*#REF!) + (('Time Matrix'!I69*#REF!)*#REF!) + (('Time Matrix'!I69*#REF!)*#REF!) -> #REF! | H83: =(('Time Matrix'!I69*#REF!)*#REF!) + (('Time Matrix'!I69*#REF!)*#REF!) + (('Time Matrix'!I69*#REF!)*#REF!) + (('Time Matrix'!I69*#REF!)*#REF!) -> #REF!
B84: Laterial Belt LH | C84: =(('Time Matrix'!I70*#REF!)*'Mon (101)'!#REF!) + (('Time Matrix'!I70*#REF!)*'Mon (101)'!#REF!) + (('Time Matrix'!I70*#REF!)*'Mon (101)'!#REF!) + (('Time Matrix'!I70*#REF!)*'Mon (101)'!#REF!) -> #REF! | D84: =(('Time Matrix'!I70*#REF!)*#REF!) + (('Time Matrix'!I70*#REF!)*#REF!) + (('Time Matrix'!I70*#REF!)*#REF!) + (('Time Matrix'!I70*#REF!)*#REF!) -> #REF! | E84: =(('Time Matrix'!I70*#REF!)*#REF!) + (('Time Matrix'!I70*#REF!)*#REF!) + (('Time Matrix'!I70*#REF!)*#REF!) + (('Time Matrix'!I70*#REF!)*#REF!) -> #REF! | F84: =(('Time Matrix'!I70*#REF!)*#REF!) + (('Time Matrix'!I70*#REF!)*#REF!) + (('Time Matrix'!I70*#REF!)*#REF!) + (('Time Matrix'!I70*#REF!)*#REF!) -> #REF! | G84: =(('Time Matrix'!I70*#REF!)*#REF!) + (('Time Matrix'!I70*#REF!)*#REF!) + (('Time Matrix'!I70*#REF!)*#REF!) + (('Time Matrix'!I70*#REF!)*#REF!) -> #REF! | H84: =(('Time Matrix'!I70*#REF!)*#REF!) + (('Time Matrix'!I70*#REF!)*#REF!) + (('Time Matrix'!I70*#REF!)*#REF!) + (('Time Matrix'!I70*#REF!)*#REF!) -> #REF!
B85: Laterial Belt RH | C85: =(('Time Matrix'!I71*#REF!)*'Mon (101)'!#REF!) + (('Time Matrix'!I71*#REF!)*'Mon (101)'!#REF!) + (('Time Matrix'!I71*#REF!)*'Mon (101)'!#REF!) + (('Time Matrix'!I71*#REF!)*'Mon (101)'!#REF!) -> #REF! | D85: =(('Time Matrix'!I71*#REF!)*#REF!) + (('Time Matrix'!I71*#REF!)*#REF!) + (('Time Matrix'!I71*#REF!)*#REF!) + (('Time Matrix'!I71*#REF!)*#REF!) -> #REF! | E85: =(('Time Matrix'!I71*#REF!)*#REF!) + (('Time Matrix'!I71*#REF!)*#REF!) + (('Time Matrix'!I71*#REF!)*#REF!) + (('Time Matrix'!I71*#REF!)*#REF!) -> #REF! | F85: =(('Time Matrix'!I71*#REF!)*#REF!) + (('Time Matrix'!I71*#REF!)*#REF!) + (('Time Matrix'!I71*#REF!)*#REF!) + (('Time Matrix'!I71*#REF!)*#REF!) -> #REF! | G85: =(('Time Matrix'!I71*#REF!)*#REF!) + (('Time Matrix'!I71*#REF!)*#REF!) + (('Time Matrix'!I71*#REF!)*#REF!) + (('Time Matrix'!I71*#REF!)*#REF!) -> #REF! | H85: =(('Time Matrix'!I71*#REF!)*#REF!) + (('Time Matrix'!I71*#REF!)*#REF!) + (('Time Matrix'!I71*#REF!)*#REF!) + (('Time Matrix'!I71*#REF!)*#REF!) -> #REF!
A86: Total: | C86: =SUM(C80:C85) -> #REF! | D86: =SUM(D80:D85) -> #REF! | E86: =SUM(E80:E85) -> #REF! | F86: =SUM(F80:F85) -> #REF! | G86: =SUM(G80:G85) -> #REF! | H86: =SUM(H80:H85) -> #REF!
A87: Manterra - Hyper Silver
A88: 500458 | B88: Base Dual, SSR, cw inserts | C88: =(('Time Matrix'!J72*#REF!)*'Mon (101)'!#REF!) + (('Time Matrix'!J72*#REF!)*'Mon (101)'!#REF!) + (('Time Matrix'!J72*#REF!)*'Mon (101)'!#REF!) + (('Time Matrix'!J72*#REF!)*'Mon (101)'!#REF!) -> #REF! | D88: =(('Time Matrix'!J72*#REF!)*#REF!) + (('Time Matrix'!J72*#REF!)*#REF!) + (('Time Matrix'!J72*#REF!)*#REF!) + (('Time Matrix'!J72*#REF!)*#REF!) -> #REF! | E88: =(('Time Matrix'!J72*#REF!)*#REF!) + (('Time Matrix'!J72*#REF!)*#REF!) + (('Time Matrix'!J72*#REF!)*#REF!) + (('Time Matrix'!J72*#REF!)*#REF!) -> #REF! | F88: =(('Time Matrix'!J72*#REF!)*#REF!) + (('Time Matrix'!J72*#REF!)*#REF!) + (('Time Matrix'!J72*#REF!)*#REF!) + (('Time Matrix'!J72*#REF!)*#REF!) -> #REF! | G88: =(('Time Matrix'!J72*#REF!)*#REF!) + (('Time Matrix'!J72*#REF!)*#REF!) + (('Time Matrix'!J72*#REF!)*#REF!) + (('Time Matrix'!J72*#REF!)*#REF!) -> #REF! | H88: =(('Time Matrix'!J72*#REF!)*#REF!) + (('Time Matrix'!J72*#REF!)*#REF!) + (('Time Matrix'!J72*#REF!)*#REF!) + (('Time Matrix'!J72*#REF!)*#REF!) -> #REF!
A89: 500458 | B89: Face Plate, DTM, SSR | C89: =(('Time Matrix'!J73*#REF!)*'Mon (101)'!#REF!) + (('Time Matrix'!J73*#REF!)*'Mon (101)'!#REF!) + (('Time Matrix'!J73*#REF!)*'Mon (101)'!#REF!) + (('Time Matrix'!J73*#REF!)*'Mon (101)'!#REF!) -> #REF! | D89: =(('Time Matrix'!J73*#REF!)*#REF!) + (('Time Matrix'!J73*#REF!)*#REF!) + (('Time Matrix'!J73*#REF!)*#REF!) + (('Time Matrix'!J73*#REF!)*#REF!) -> #REF! | E89: =(('Time Matrix'!J73*#REF!)*#REF!) + (('Time Matrix'!J73*#REF!)*#REF!) + (('Time Matrix'!J73*#REF!)*#REF!) + (('Time Matrix'!J73*#REF!)*#REF!) -> #REF! | F89: =(('Time Matrix'!J73*#REF!)*#REF!) + (('Time Matrix'!J73*#REF!)*#REF!) + (('Time Matrix'!J73*#REF!)*#REF!) + (('Time Matrix'!J73*#REF!)*#REF!) -> #REF! | G89: =(('Time Matrix'!J73*#REF!)*#REF!) + (('Time Matrix'!J73*#REF!)*#REF!) + (('Time Matrix'!J73*#REF!)*#REF!) + (('Time Matrix'!J73*#REF!)*#REF!) -> #REF! | H89: =(('Time Matrix'!J73*#REF!)*#REF!) + (('Time Matrix'!J73*#REF!)*#REF!) + (('Time Matrix'!J73*#REF!)*#REF!) + (('Time Matrix'!J73*#REF!)*#REF!) -> #REF!
A90: 500458 | B90: Face Plate, STM, SSR | C90: =(('Time Matrix'!J74*#REF!)*'Mon (101)'!#REF!) + (('Time Matrix'!J74*#REF!)*'Mon (101)'!#REF!) + (('Time Matrix'!J74*#REF!)*'Mon (101)'!#REF!) + (('Time Matrix'!J74*#REF!)*'Mon (101)'!#REF!) -> #REF! | D90: =(('Time Matrix'!J74*#REF!)*#REF!) + (('Time Matrix'!J74*#REF!)*#REF!) + (('Time Matrix'!J74*#REF!)*#REF!) + (('Time Matrix'!J74*#REF!)*#REF!) -> #REF! | E90: =(('Time Matrix'!J74*#REF!)*#REF!) + (('Time Matrix'!J74*#REF!)*#REF!) + (('Time Matrix'!J74*#REF!)*#REF!) + (('Time Matrix'!J74*#REF!)*#REF!) -> #REF! | F90: =(('Time Matrix'!J74*#REF!)*#REF!) + (('Time Matrix'!J74*#REF!)*#REF!) + (('Time Matrix'!J74*#REF!)*#REF!) + (('Time Matrix'!J74*#REF!)*#REF!) -> #REF! | G90: =(('Time Matrix'!J74*#REF!)*#REF!) + (('Time Matrix'!J74*#REF!)*#REF!) + (('Time Matrix'!J74*#REF!)*#REF!) + (('Time Matrix'!J74*#REF!)*#REF!) -> #REF! | H90: =(('Time Matrix'!J74*#REF!)*#REF!) + (('Time Matrix'!J74*#REF!)*#REF!) + (('Time Matrix'!J74*#REF!)*#REF!) + (('Time Matrix'!J74*#REF!)*#REF!) -> #REF!
A91: Total: | C91: =SUM(C88:C90) -> #REF! | D91: =SUM(D88:D90) -> #REF! | E91: =SUM(E88:E90) -> #REF! | F91: =SUM(F88:F90) -> #REF! | G91: =SUM(G88:G90) -> #REF! | H91: =SUM(H88:H90) -> #REF!
A92: Splash Guards - Black Carbon
A93: 42521681 | B93: Front RH | C93: =(('Time Matrix'!K75*#REF!)*'Mon (101)'!#REF!) + (('Time Matrix'!K75*#REF!)*'Mon (101)'!#REF!) + (('Time Matrix'!K75*#REF!)*'Mon (101)'!#REF!) + (('Time Matrix'!K75*#REF!)*'Mon (101)'!#REF!) -> #REF! | D93: =(('Time Matrix'!K75*#REF!)*#REF!) + (('Time Matrix'!K75*#REF!)*#REF!) + (('Time Matrix'!K75*#REF!)*#REF!) + (('Time Matrix'!K75*#REF!)*#REF!) -> #REF! | E93: =(('Time Matrix'!K75*#REF!)*#REF!) + (('Time Matrix'!K75*#REF!)*#REF!) + (('Time Matrix'!K75*#REF!)*#REF!) + (('Time Matrix'!K75*#REF!)*#REF!) -> #REF! | F93: =(('Time Matrix'!K75*#REF!)*#REF!) + (('Time Matrix'!K75*#REF!)*#REF!) + (('Time Matrix'!K75*#REF!)*#REF!) + (('Time Matrix'!K75*#REF!)*#REF!) -> #REF! | G93: =(('Time Matrix'!K75*#REF!)*#REF!) + (('Time Matrix'!K75*#REF!)*#REF!) + (('Time Matrix'!K75*#REF!)*#REF!) + (('Time Matrix'!K75*#REF!)*#REF!) -> #REF! | H93: =(('Time Matrix'!K75*#REF!)*#REF!) + (('Time Matrix'!K75*#REF!)*#REF!) + (('Time Matrix'!K75*#REF!)*#REF!) + (('Time Matrix'!K75*#REF!)*#REF!) -> #REF!
A94: 42521680 | B94: Front LH | C94: =(('Time Matrix'!K76*#REF!)*'Mon (101)'!#REF!) + (('Time Matrix'!K76*#REF!)*'Mon (101)'!#REF!) + (('Time Matrix'!K76*#REF!)*'Mon (101)'!#REF!) + (('Time Matrix'!K76*#REF!)*'Mon (101)'!#REF!) -> #REF! | D94: =(('Time Matrix'!K76*#REF!)*#REF!) + (('Time Matrix'!K76*#REF!)*#REF!) + (('Time Matrix'!K76*#REF!)*#REF!) + (('Time Matrix'!K76*#REF!)*#REF!) -> #REF! | E94: =(('Time Matrix'!K76*#REF!)*#REF!) + (('Time Matrix'!K76*#REF!)*#REF!) + (('Time Matrix'!K76*#REF!)*#REF!) + (('Time Matrix'!K76*#REF!)*#REF!) -> #REF! | F94: =(('Time Matrix'!K76*#REF!)*#REF!) + (('Time Matrix'!K76*#REF!)*#REF!) + (('Time Matrix'!K76*#REF!)*#REF!) + (('Time Matrix'!K76*#REF!)*#REF!) -> #REF! | G94: =(('Time Matrix'!K76*#REF!)*#REF!) + (('Time Matrix'!K76*#REF!)*#REF!) + (('Time Matrix'!K76*#REF!)*#REF!) + (('Time Matrix'!K76*#REF!)*#REF!) -> #REF! | H94: =(('Time Matrix'!K76*#REF!)*#REF!) + (('Time Matrix'!K76*#REF!)*#REF!) + (('Time Matrix'!K76*#REF!)*#REF!) + (('Time Matrix'!K76*#REF!)*#REF!) -> #REF!
A95: 42521683 | B95: Rear RH | C95: =(('Time Matrix'!K77*#REF!)*'Mon (101)'!#REF!) + (('Time Matrix'!K77*#REF!)*'Mon (101)'!#REF!) + (('Time Matrix'!K77*#REF!)*'Mon (101)'!#REF!) + (('Time Matrix'!K77*#REF!)*'Mon (101)'!#REF!) -> #REF! | D95: =(('Time Matrix'!K77*#REF!)*#REF!) + (('Time Matrix'!K77*#REF!)*#REF!) + (('Time Matrix'!K77*#REF!)*#REF!) + (('Time Matrix'!K77*#REF!)*#REF!) -> #REF! | E95: =(('Time Matrix'!K77*#REF!)*#REF!) + (('Time Matrix'!K77*#REF!)*#REF!) + (('Time Matrix'!K77*#REF!)*#REF!) + (('Time Matrix'!K77*#REF!)*#REF!) -> #REF! | F95: =(('Time Matrix'!K77*#REF!)*#REF!) + (('Time Matrix'!K77*#REF!)*#REF!) + (('Time Matrix'!K77*#REF!)*#REF!) + (('Time Matrix'!K77*#REF!)*#REF!) -> #REF! | G95: =(('Time Matrix'!K77*#REF!)*#REF!) + (('Time Matrix'!K77*#REF!)*#REF!) + (('Time Matrix'!K77*#REF!)*#REF!) + (('Time Matrix'!K77*#REF!)*#REF!) -> #REF! | H95: =(('Time Matrix'!K77*#REF!)*#REF!) + (('Time Matrix'!K77*#REF!)*#REF!) + (('Time Matrix'!K77*#REF!)*#REF!) + (('Time Matrix'!K77*#REF!)*#REF!) -> #REF!
A96: 42521682 | B96: Rear LH | C96: =(('Time Matrix'!K78*#REF!)*'Mon (101)'!#REF!) + (('Time Matrix'!K78*#REF!)*'Mon (101)'!#REF!) + (('Time Matrix'!K78*#REF!)*'Mon (101)'!#REF!) + (('Time Matrix'!K78*#REF!)*'Mon (101)'!#REF!) -> #REF! | D96: =(('Time Matrix'!K78*#REF!)*#REF!) + (('Time Matrix'!K78*#REF!)*#REF!) + (('Time Matrix'!K78*#REF!)*#REF!) + (('Time Matrix'!K78*#REF!)*#REF!) -> #REF! | E96: =(('Time Matrix'!K78*#REF!)*#REF!) + (('Time Matrix'!K78*#REF!)*#REF!) + (('Time Matrix'!K78*#REF!)*#REF!) + (('Time Matrix'!K78*#REF!)*#REF!) -> #REF! | F96: =(('Time Matrix'!K78*#REF!)*#REF!) + (('Time Matrix'!K78*#REF!)*#REF!) + (('Time Matrix'!K78*#REF!)*#REF!) + (('Time Matrix'!K78*#REF!)*#REF!) -> #REF! | G96: =(('Time Matrix'!K78*#REF!)*#REF!) + (('Time Matrix'!K78*#REF!)*#REF!) + (('Time Matrix'!K78*#REF!)*#REF!) + (('Time Matrix'!K78*#REF!)*#REF!) -> #REF! | H96: =(('Time Matrix'!K78*#REF!)*#REF!) + (('Time Matrix'!K78*#REF!)*#REF!) + (('Time Matrix'!K78*#REF!)*#REF!) + (('Time Matrix'!K78*#REF!)*#REF!) -> #REF!
A97: Total: | C97: =SUM(C93:C96) -> #REF! | D97: =SUM(D93:D96) -> #REF! | E97: =SUM(E93:E96) -> #REF! | F97: =SUM(F93:F96) -> #REF! | G97: =SUM(G93:G96) -> #REF! | H97: =SUM(H93:H96) -> #REF!
A98: Mitchell Plastics
A99: 80931 | B99: Black - LH | C99: =(('Time Matrix'!L79*#REF!)*'Mon (101)'!#REF!) + (('Time Matrix'!L79*#REF!)*'Mon (101)'!#REF!) + (('Time Matrix'!L79*#REF!)*'Mon (101)'!#REF!) + (('Time Matrix'!L79*#REF!)*'Mon (101)'!#REF!) -> #REF! | D99: =(('Time Matrix'!L79*#REF!)*#REF!) + (('Time Matrix'!L79*#REF!)*#REF!) + (('Time Matrix'!L79*#REF!)*#REF!) + (('Time Matrix'!L79*#REF!)*#REF!) -> #REF! | E99: =(('Time Matrix'!L79*#REF!)*#REF!) + (('Time Matrix'!L79*#REF!)*#REF!) + (('Time Matrix'!L79*#REF!)*#REF!) + (('Time Matrix'!L79*#REF!)*#REF!) -> #REF! | F99: =(('Time Matrix'!L79*#REF!)*#REF!) + (('Time Matrix'!L79*#REF!)*#REF!) + (('Time Matrix'!L79*#REF!)*#REF!) + (('Time Matrix'!L79*#REF!)*#REF!) -> #REF! | G99: =(('Time Matrix'!L79*#REF!)*#REF!) + (('Time Matrix'!L79*#REF!)*#REF!) + (('Time Matrix'!L79*#REF!)*#REF!) + (('Time Matrix'!L79*#REF!)*#REF!) -> #REF! | H99: =(('Time Matrix'!L79*#REF!)*#REF!) + (('Time Matrix'!L79*#REF!)*#REF!) + (('Time Matrix'!L79*#REF!)*#REF!) + (('Time Matrix'!L79*#REF!)*#REF!) -> #REF!
A100: 80930 | B100: Black - RH | C100: =(('Time Matrix'!L80*#REF!)*'Mon (101)'!#REF!) + (('Time Matrix'!L80*#REF!)*'Mon (101)'!#REF!) + (('Time Matrix'!L80*#REF!)*'Mon (101)'!#REF!) + (('Time Matrix'!L80*#REF!)*'Mon (101)'!#REF!) -> #REF! | D100: =(('Time Matrix'!L80*#REF!)*#REF!) + (('Time Matrix'!L80*#REF!)*#REF!) + (('Time Matrix'!L80*#REF!)*#REF!) + (('Time Matrix'!L80*#REF!)*#REF!) -> #REF! | E100: =(('Time Matrix'!L80*#REF!)*#REF!) + (('Time Matrix'!L80*#REF!)*#REF!) + (('Time Matrix'!L80*#REF!)*#REF!) + (('Time Matrix'!L80*#REF!)*#REF!) -> #REF! | F100: =(('Time Matrix'!L80*#REF!)*#REF!) + (('Time Matrix'!L80*#REF!)*#REF!) + (('Time Matrix'!L80*#REF!)*#REF!) + (('Time Matrix'!L80*#REF!)*#REF!) -> #REF! | G100: =(('Time Matrix'!L80*#REF!)*#REF!) + (('Time Matrix'!L80*#REF!)*#REF!) + (('Time Matrix'!L80*#REF!)*#REF!) + (('Time Matrix'!L80*#REF!)*#REF!) -> #REF! | H100: =(('Time Matrix'!L80*#REF!)*#REF!) + (('Time Matrix'!L80*#REF!)*#REF!) + (('Time Matrix'!L80*#REF!)*#REF!) + (('Time Matrix'!L80*#REF!)*#REF!) -> #REF!
A101: 80933 | B101: Red - LH | C101: =(('Time Matrix'!L81*#REF!)*'Mon (101)'!#REF!) + (('Time Matrix'!L81*#REF!)*'Mon (101)'!#REF!) + (('Time Matrix'!L81*#REF!)*'Mon (101)'!#REF!) + (('Time Matrix'!L81*#REF!)*'Mon (101)'!#REF!) -> #REF! | D101: =(('Time Matrix'!L81*#REF!)*#REF!) + (('Time Matrix'!L81*#REF!)*#REF!) + (('Time Matrix'!L81*#REF!)*#REF!) + (('Time Matrix'!L81*#REF!)*#REF!) -> #REF! | E101: =(('Time Matrix'!L81*#REF!)*#REF!) + (('Time Matrix'!L81*#REF!)*#REF!) + (('Time Matrix'!L81*#REF!)*#REF!) + (('Time Matrix'!L81*#REF!)*#REF!) -> #REF! | F101: =(('Time Matrix'!L81*#REF!)*#REF!) + (('Time Matrix'!L81*#REF!)*#REF!) + (('Time Matrix'!L81*#REF!)*#REF!) + (('Time Matrix'!L81*#REF!)*#REF!) -> #REF! | G101: =(('Time Matrix'!L81*#REF!)*#REF!) + (('Time Matrix'!L81*#REF!)*#REF!) + (('Time Matrix'!L81*#REF!)*#REF!) + (('Time Matrix'!L81*#REF!)*#REF!) -> #REF! | H101: =(('Time Matrix'!L81*#REF!)*#REF!) + (('Time Matrix'!L81*#REF!)*#REF!) + (('Time Matrix'!L81*#REF!)*#REF!) + (('Time Matrix'!L81*#REF!)*#REF!) -> #REF!
A102: 80932 | B102: Red - RH | C102: =(('Time Matrix'!L82*#REF!)*'Mon (101)'!#REF!) + (('Time Matrix'!L82*#REF!)*'Mon (101)'!#REF!) + (('Time Matrix'!L82*#REF!)*'Mon (101)'!#REF!) + (('Time Matrix'!L82*#REF!)*'Mon (101)'!#REF!) -> #REF! | D102: =(('Time Matrix'!L82*#REF!)*#REF!) + (('Time Matrix'!L82*#REF!)*#REF!) + (('Time Matrix'!L82*#REF!)*#REF!) + (('Time Matrix'!L82*#REF!)*#REF!) -> #REF! | E102: =(('Time Matrix'!L82*#REF!)*#REF!) + (('Time Matrix'!L82*#REF!)*#REF!) + (('Time Matrix'!L82*#REF!)*#REF!) + (('Time Matrix'!L82*#REF!)*#REF!) -> #REF! | F102: =(('Time Matrix'!L82*#REF!)*#REF!) + (('Time Matrix'!L82*#REF!)*#REF!) + (('Time Matrix'!L82*#REF!)*#REF!) + (('Time Matrix'!L82*#REF!)*#REF!) -> #REF! | G102: =(('Time Matrix'!L82*#REF!)*#REF!) + (('Time Matrix'!L82*#REF!)*#REF!) + (('Time Matrix'!L82*#REF!)*#REF!) + (('Time Matrix'!L82*#REF!)*#REF!) -> #REF! | H102: =(('Time Matrix'!L82*#REF!)*#REF!) + (('Time Matrix'!L82*#REF!)*#REF!) + (('Time Matrix'!L82*#REF!)*#REF!) + (('Time Matrix'!L82*#REF!)*#REF!) -> #REF!
A103: Other | C103: =(('Time Matrix'!L83*#REF!)*'Mon (101)'!#REF!) + (('Time Matrix'!L83*#REF!)*'Mon (101)'!#REF!) + (('Time Matrix'!L83*#REF!)*'Mon (101)'!#REF!) + (('Time Matrix'!L83*#REF!)*'Mon (101)'!#REF!) -> #REF! | D103: =(('Time Matrix'!L83*#REF!)*#REF!) + (('Time Matrix'!L83*#REF!)*#REF!) + (('Time Matrix'!L83*#REF!)*#REF!) + (('Time Matrix'!L83*#REF!)*#REF!) -> #REF! | E103: =(('Time Matrix'!L83*#REF!)*#REF!) + (('Time Matrix'!L83*#REF!)*#REF!) + (('Time Matrix'!L83*#REF!)*#REF!) + (('Time Matrix'!L83*#REF!)*#REF!) -> #REF! | F103: =(('Time Matrix'!L83*#REF!)*#REF!) + (('Time Matrix'!L83*#REF!)*#REF!) + (('Time Matrix'!L83*#REF!)*#REF!) + (('Time Matrix'!L83*#REF!)*#REF!) -> #REF! | G103: =(('Time Matrix'!L83*#REF!)*#REF!) + (('Time Matrix'!L83*#REF!)*#REF!) + (('Time Matrix'!L83*#REF!)*#REF!) + (('Time Matrix'!L83*#REF!)*#REF!) -> #REF! | H103: =(('Time Matrix'!L83*#REF!)*#REF!) + (('Time Matrix'!L83*#REF!)*#REF!) + (('Time Matrix'!L83*#REF!)*#REF!) + (('Time Matrix'!L83*#REF!)*#REF!) -> #REF!
...

Sheet Time Matrix
A1: Gun on Time
A2: Part | B2: Hyper Silver (Spyder) | C2: Deep Black (Spyder) | D2: Manta Green (Spyder F3 / F3T) | E2: Vegas White (Spyder) | F2: Metelix - Spoilers | G2: Electrolux (Smoke) | H2: Laval Summit White | I2: Laval Waymo Black | J2: Manterra - Hyper Silver | K2: Splash Guards - Black Carbon | L2: Mitchell Plastics | M2: Evinrude White | N2: Smoke Grey (Evinrude) | O2: Red Mica Snipe | P2: Red Mica Osprey | Q2: Orbital Blue Snipe | R2: Orbital Blue Osprey
A3: LH Trim | B3: 0.066666667
A4: RH Trim | B4: 0.066666667
A5: RH Fender | B5: 0.066666667
A6: LH Fender | B6: 0.066666667
A7: LH Upper Fairing | B7: 0.066666667
A8: RH Upper Fairing | B8: 0.066666667
A9: Rear Fairing | B9: 0.066666667
A10: R66 Hood | B10: 0.066666667
A11: LH Front Fairing | B11: 0.066666667
A12: RH Front Fairing | B12: 0.066666667
A13: LH Box Cover | B13: 0.066666667
A14: RH Box Cover | B14: 0.066666667
... A18: RH Mirror Shell | B18: 0.066666667
A19: Tail Fairing | C19: 0.066666667
A20: LH Console Panel | C20: 0.066666667
A21: RH Console Panel | C21: 0.066666667
A22: LH Console Fairing | C22: 0.066666667
A23: RH Console Fairing | C23: 0.066666667
A24: Tank Cover | C24: 0.066666667
A25: Tank Cover with Hole | C25: 0.066666667
A26: LH LOW FAIRING | D26: 0.066666667
A27: RH LOW FAIRING | D27: 0.066666667
A28: RH FAIRING | D28: 0.066666667
A29: LH FAIRING | D29: 0.066666667
A30: HOOD | D30: 0.066666667
A31: LH VENT PANEL | D31: 0.066666667
A32: RH VENT PANEL | D32: 0.066666667
A33: FRONT FASCIA | D33: 0.066666667
A34: COVER BOX | D34: 0.066666667
A35: LH F3T LOW FAIRING | E35: 0.066666667
A36: RH F3T LOW FAIRING | E36: 0.066666667
A37: RH FAIRING | E37: 0.066666667
A38: LH FAIRING | E38: 0.066666667
A39: RH FENDER | E39: 0.066666667
A40: LH FENDER | E40: 0.066666667
A41: HOOD | E41: 0.066666667
A42: LH VENT PANEL | E42: 0.066666667
A43: RH VENT PANEL | E43: 0.066666667
A44: FRONT FASCIA | E44: 0.066666667
A45: RH F3T PANEL | E45: 0.066666667
A46: LH F3T PANEL | E46: 0.066666667
A47: LG Black | F47: 1.2866667
A48: Black | F48: 1.2866667
A49: Cherry Bomb | F49: 1.2866667
A50: Dk Shdw | F50: 1.2866667
A51: Oconus | F51: 1.2866667
A52: Pull Me Over Red | F52: 1.2866667
A53: Rapid | F53: 1.2866667
A54: Shock | F54: 1.2866667
A55: Service Prime | F55: 1.2866667
A56: Sat Steel Grey | F56: 1.2866667
A57: Vivid Met | F57: 1.2866667
A58: Summit White | F58: 1.2866667
A59: CTRL PAN Rev G | G59: 0.066666667
A60: CTRL PAN Rev I | G60: 0.066666667
A61: CTRL PAN Rev H | G61: 0.066666667
A62: Main Lower Cover | H62: 0.066666667
A63: Main Upper Cover | H63: 0.066666667
A64: Vent Cover | H64: 0.066666667
A65: Rear Belt | H65: 0.066666667
A66: Rear Plate | I66: 0.066666667
A67: Bezel | I67: 0.066666667
A68: IR Cover LH | I68: 0.066666667
A69: IR Cover RH | I69: 0.066666667
A70: Laterial Belt LH | I70: 0.066666667
A71: Laterial Belt RH | I71: 0.066666667
A72: Base Dual, SSR, cw inserts | J72: 0.066666667
A73: Face Plate, DTM, SSR | J73: 0.066666667
A74: Face Plate, STM, SSR | J74: 0.066666667
A75: Front RH | K75: 0.066666667
A76: Front LH | K76: 0.066666667
A77: Rear RH | K77: 0.066666667
A78: Rear LH | K78: 0.066666667
A79: Black - LH | L79: 0.066666667
A80: Black - RH | L80: 0.066666667
A81: Red - LH | L81: 0.066666667
A82: Red - RH | L82: 0.066666667
A83: Other | L83: 0.066666667
A84: Other | L84: 0.066666667
A85: V6 HOOD | M85: 0.066666667
A86: V6 CAP | M86: 0.066666667
A87: PORT | M87: 0.066666667
A88: STBD | M88: 0.066666667
A89: V4 HOOD | M89: 0.066666667
A90: V4 CAP | M90: 0.066666667
A91: V6 HOOD | N91: 0.066666667
A92: V6 CAP | N92: 0.066666667
A93: PORT | N93: 0.066666667
A94: STBD | N94: 0.066666667
A95: V4 HOOD | N95: 0.066666667
A96: V4 CAP | N96: 0.066666667
A97: TALON HOOD | N97: 0.066666667
A98: FALCON HOOD | N98: 0.066666667
A99: TAL/FAL PORT | N99: 0.066666667
A100: TAL/FAL STBD | N100: 0.066666667
A101: FAL/TAL CAP | N101: 0.066666667
A102: ROPE HOOD | N102: 0.066666667
A103: Front Frame Cover | O103: 0.066666667 | P103: 0.066666667 | Q103: 0.066666667 | R103: 0.066666667
...

Sheet Mon (101)
A1: 101 LINE LOAD SHEET | O1: Unprotect Password 6941
C2: MONDAY | G2: Date: | I2: ='Weekly Plan'!H1 -> 46006
A3: Order of Colours: | C3: 1)Tesla -Black 2) Summit White
A5: Black - Laval | G5: Metelix
A6: ='Weekly Plan'!F4 -> 99944 Bezel | B6: Black | C6: ='Weekly Plan'!G4 -> Bezel | D6: =IF(INDEX('Weekly Plan'!$F$2:$M$79,MATCH(A6,'Weekly Plan'!$F$2:$F$79,0),MATCH($C$2,'Weekly Plan'!$F$2:$M$2,0))=0,"",INDEX('Weekly Plan'!$F$2:$M$79,MATCH(A6,'Weekly Plan'!$F$2:$F$79,0),MATCH($C$2,'Weekly Plan'!$F$2:$M$2,0))) | E6: ='Weekly Plan'!A4 -> 2 | F6: =IFERROR(D6/E6,0) -> 0 | G6: ='Weekly Plan'!F16 -> VG0240BL0PA | I6: ='Weekly Plan'!G16 -> C223 ACCSRY Spoiler | J6: =IF(INDEX('Weekly Plan'!$F$2:$M$79,MATCH(G6,'Weekly Plan'!$F$2:$F$79,0),MATCH($C$2,'Weekly Plan'!$F$2:$M$2,0))=0,"",INDEX('Weekly Plan'!$F$2:$M$79,MATCH(G6,'Weekly Plan'!$F$2:$F$79,0),MATCH($C$2,'Weekly Plan'!$F$2:$M$2,0))) | K6: ='Weekly Plan'!A16 -> 1 | L6: =IFERROR(J6/K6,0) -> 0
A7: ='Weekly Plan'!F5 -> 99633 | B7: Black | C7: ='Weekly Plan'!G5 -> IR Cover LH | D7: =IF(INDEX('Weekly Plan'!$F$2:$M$79,MATCH(A7,'Weekly Plan'!$F$2:$F$79,0),MATCH($C$2,'Weekly Plan'!$F$2:$M$2,0))=0,"",INDEX('Weekly Plan'!$F$2:$M$79,MATCH(A7,'Weekly Plan'!$F$2:$F$79,0),MATCH($C$2,'Weekly Plan'!$F$2:$M$2,0))) | E7: ='Weekly Plan'!A5 -> 20 | F7: =IFERROR(D7/E7,0) -> 0 | G7: ='Weekly Plan'!F17 -> VG0241CM0PB | I7: ='Weekly Plan'!G17 -> Y2XX Stanchion - LH | J7: =IF(INDEX('Weekly Plan'!$F$2:$M$79,MATCH(G7,'Weekly Plan'!$F$2:$F$79,0),MATCH($C$2,'Weekly Plan'!$F$2:$M$2,0))=0,"",INDEX('Weekly Plan'!$F$2:$M$79,MATCH(G7,'Weekly Plan'!$F$2:$F$79,0),MATCH($C$2,'Weekly Plan'!$F$2:$M$2,0))) | K7: ='Weekly Plan'!A17 -> 6 | L7: =IFERROR(J7/K7,0) -> 0
A8: ='Weekly Plan'!F6 -> 99646 | B8: Black | C8: ='Weekly Plan'!G6 -> IR Cover RH | D8: =IF(INDEX('Weekly Plan'!$F$2:$M$79,MATCH(A8,'Weekly Plan'!$F$2:$F$79,0),MATCH($C$2,'Weekly Plan'!$F$2:$M$2,0))=0,"",INDEX('Weekly Plan'!$F$2:$M$79,MATCH(A8,'Weekly Plan'!$F$2:$F$79,0),MATCH($C$2,'Weekly Plan'!$F$2:$M$2,0))) | E8: ='Weekly Plan'!A6 -> 20 | F8: =IFERROR(D8/E8,0) -> 0 | G8: ='Weekly Plan'!F18 -> VG0241CM0PD | I8: ='Weekly Plan'!G18 -> Y2XX Stanchion - RH | J8: =IF(INDEX('Weekly Plan'!$F$2:$M$79,MATCH(G8,'Weekly Plan'!$F$2:$F$79,0),MATCH($C$2,'Weekly Plan'!$F$2:$M$2,0))=0,"",INDEX('Weekly Plan'!$F$2:$M$79,MATCH(G8,'Weekly Plan'!$F$2:$F$79,0),MATCH($C$2,'Weekly Plan'!$F$2:$M$2,0))) | K8: ='Weekly Plan'!A18 -> 6 | L8: =IFERROR(J8/K8,0) -> 0
A9: ='Weekly Plan'!F7 -> 99635 | B9: Black | C9: ='Weekly Plan'!G7 -> Lateral Belt LH | D9: =IF(INDEX('Weekly Plan'!$F$2:$M$79,MATCH(A9,'Weekly Plan'!$F$2:$F$79,0),MATCH($C$2,'Weekly Plan'!$F$2:$M$2,0))=0,"",INDEX('Weekly Plan'!$F$2:$M$79,MATCH(A9,'Weekly Plan'!$F$2:$F$79,0),MATCH($C$2,'Weekly Plan'!$F$2:$M$2,0))) | E9: ='Weekly Plan'!A7 -> 6 | F9: =IFERROR(D9/E9,0) -> 0 | G9: ='Weekly Plan'!F19 -> VG0241CM0PC | I9: ='Weekly Plan'!G19 -> Y2XX Stanchion - Center | J9: =IF(INDEX('Weekly Plan'!$F$2:$M$79,MATCH(G9,'Weekly Plan'!$F$2:$F$79,0),MATCH($C$2,'Weekly Plan'!$F$2:$M$2,0))=0,"",INDEX('Weekly Plan'!$F$2:$M$79,MATCH(G9,'Weekly Plan'!$F$2:$F$79,0),MATCH($C$2,'Weekly Plan'!$F$2:$M$2,0))) | K9: ='Weekly Plan'!A19 -> 6 | L9: =IFERROR(J9/K9,0) -> 0
A10: ='Weekly Plan'!F8 -> 99944 | B10: Black | C10: ='Weekly Plan'!G8 -> Lateral Belt RH | D10: =IF(INDEX('Weekly Plan'!$F$2:$M$79,MATCH(A10,'Weekly Plan'!$F$2:$F$79,0),MATCH($C$2,'Weekly Plan'!$F$2:$M$2,0))=0,"",INDEX('Weekly Plan'!$F$2:$M$79,MATCH(A10,'Weekly Plan'!$F$2:$F$79,0),MATCH($C$2,'Weekly Plan'!$F$2:$M$2,0))) | E10: ='Weekly Plan'!A8 -> 6 | F10: =IFERROR(D10/E10,0) -> 0 | G10: ='Weekly Plan'!F20 -> VG0241CM0PE | I10: ='Weekly Plan'!G20 -> Y2XX Winglet -LH | J10: =IF(INDEX('Weekly Plan'!$F$2:$M$79,MATCH(G10,'Weekly Plan'!$F$2:$F$79,0),MATCH($C$2,'Weekly Plan'!$F$2:$M$2,0))=0,"",INDEX('Weekly Plan'!$F$2:$M$79,MATCH(G10,'Weekly Plan'!$F$2:$F$79,0),MATCH($C$2,'Weekly Plan'!$F$2:$M$2,0))) | K10: ='Weekly Plan'!A20 -> 0 | L10: =IFERROR(J12/K10,0) -> 0
A11: ='Weekly Plan'!F9 -> 99636 | B11: Black | C11: ='Weekly Plan'!G9 -> Rear Belt | D11: =IF(INDEX('Weekly Plan'!$F$2:$M$79,MATCH(A11,'Weekly Plan'!$F$2:$F$79,0),MATCH($C$2,'Weekly Plan'!$F$2:$M$2,0))=0,"",INDEX('Weekly Plan'!$F$2:$M$79,MATCH(A11,'Weekly Plan'!$F$2:$F$79,0),MATCH($C$2,'Weekly Plan'!$F$2:$M$2,0))) | E11: ='Weekly Plan'!A9 -> 20 | F11: =IFERROR(D11/E11,0) -> 0 | G11: ='Weekly Plan'!F21 -> VG0241CM0PF | I11: ='Weekly Plan'!G21 -> Y2XX Winglet -RH | J11: =IF(INDEX('Weekly Plan'!$F$2:$M$79,MATCH(G11,'Weekly Plan'!$F$2:$F$79,0),MATCH($C$2,'Weekly Plan'!$F$2:$M$2,0))=0,"",INDEX('Weekly Plan'!$F$2:$M$79,MATCH(G11,'Weekly Plan'!$F$2:$F$79,0),MATCH($C$2,'Weekly Plan'!$F$2:$M$2,0))) | K11: ='Weekly Plan'!A21 -> 0 | L11: =IFERROR(J13/K11,0) -> 0
G12: ='Weekly Plan'!F22 -> VG0241CM0PG | I12: ='Weekly Plan'!G22 -> Y2XX Screw Cover - LH | J12: =IF(INDEX('Weekly Plan'!$F$2:$M$79,MATCH(G12,'Weekly Plan'!$F$2:$F$79,0),MATCH($C$2,'Weekly Plan'!$F$2:$M$2,0))=0,"",INDEX('Weekly Plan'!$F$2:$M$79,MATCH(G12,'Weekly Plan'!$F$2:$F$79,0),MATCH($C$2,'Weekly Plan'!$F$2:$M$2,0))) | K12: ='Weekly Plan'!A22 -> 20 | L12: =IFERROR(J14/K12,0) -> 0
G13: ='Weekly Plan'!F23 -> VG0241CM0PH | I13: ='Weekly Plan'!G23 -> Y2XX Screw Cover - RH | J13: =IF(INDEX('Weekly Plan'!$F$2:$M$79,MATCH(G13,'Weekly Plan'!$F$2:$F$79,0),MATCH($C$2,'Weekly Plan'!$F$2:$M$2,0))=0,"",INDEX('Weekly Plan'!$F$2:$M$79,MATCH(G13,'Weekly Plan'!$F$2:$F$79,0),MATCH($C$2,'Weekly Plan'!$F$2:$M$2,0))) | K13: ='Weekly Plan'!A23 -> 20 | L13: =IFERROR(J15/K13,0) -> 0
A15: Summit White - Laval | G15: Tesla - High Gloss Black
A16: ='Weekly Plan'!F11 -> 99629 | B16: Summit White | C16: ='Weekly Plan'!G11 -> Main Lower Cover | D16: =IF(INDEX('Weekly Plan'!$F$2:$M$79,MATCH(A16,'Weekly Plan'!$F$2:$F$79,0),MATCH($C$2,'Weekly Plan'!$F$2:$M$2,0))=0,"",INDEX('Weekly Plan'!$F$2:$M$79,MATCH(A16,'Weekly Plan'!$F$2:$F$79,0),MATCH($C$2,'Weekly Plan'!$F$2:$M$2,0))) -> 30 | E16: ='Weekly Plan'!A11 -> 1 | F16: =IFERROR(D16/E16,0) -> 30 | G16: ='Weekly Plan'!F25 -> 9405929P | I16: ='Weekly Plan'!G25 -> MX Applique | J16: =IF(INDEX('Weekly Plan'!$F$2:$M$79,MATCH(G16,'Weekly Plan'!$F$2:$F$79,0),MATCH($C$2,'Weekly Plan'!$F$2:$M$2,0))=0,"",INDEX('Weekly Plan'!$F$2:$M$79,MATCH(G16,'Weekly Plan'!$F$2:$F$79,0),MATCH($C$2,'Weekly Plan'!$F$2:$M$2,0))) -> 260 | K16: ='Weekly Plan'!A25 -> 6 | L16: =IFERROR(J16/K16,0) -> 43.333333
A17: ='Weekly Plan'!F12 -> 99631 | B17: Summit White | C17: ='Weekly Plan'!G12 -> Main Upper Cover | D17: =IF(INDEX('Weekly Plan'!$F$2:$M$79,MATCH(A17,'Weekly Plan'!$F$2:$F$79,0),MATCH($C$2,'Weekly Plan'!$F$2:$M$2,0))=0,"",INDEX('Weekly Plan'!$F$2:$M$79,MATCH(A17,'Weekly Plan'!$F$2:$F$79,0),MATCH($C$2,'Weekly Plan'!$F$2:$M$2,0))) -> 30 | E17: ='Weekly Plan'!A12 -> 1 | F17: =IFERROR(D17/E17,0) -> 30 | G17: ='Weekly Plan'!F26 -> 9405930P | I17: ='Weekly Plan'!G26 -> MS Applique | J17: =IF(INDEX('Weekly Plan'!$F$2:$M$79,MATCH(G17,'Weekly Plan'!$F$2:$F$79,0),MATCH($C$2,'Weekly Plan'!$F$2:$M$2,0))=0,"",INDEX('Weekly Plan'!$F$2:$M$79,MATCH(G17,'Weekly Plan'!$F$2:$F$79,0),MATCH($C$2,'Weekly Plan'!$F$2:$M$2,0))) | K17: ='Weekly Plan'!A26 -> 6 | L17: =IFERROR(J17/K17,0) -> 0
A18: ='Weekly Plan'!F13 -> 99638 | B18: Summit White | C18: ='Weekly Plan'!G13 -> Rear Plate | D18: =IF(INDEX('Weekly Plan'!$F$2:$M$79,MATCH(A18,'Weekly Plan'!$F$2:$F$79,0),MATCH($C$2,'Weekly Plan'!$F$2:$M$2,0))=0,"",INDEX('Weekly Plan'!$F$2:$M$79,MATCH(A18,'Weekly Plan'!$F$2:$F$79,0),MATCH($C$2,'Weekly Plan'!$F$2:$M$2,0))) | E18: ='Weekly Plan'!A13 -> 20 | F18: =IFERROR(D18/E18,0) -> 0 | G18: ='Weekly Plan'!F27 -> 9405929P-REW | I18: ='Weekly Plan'!G27 -> MX Applique Rework | J18: =IF(INDEX('Weekly Plan'!$F$2:$M$79,MATCH(G18,'Weekly Plan'!$F$2:$F$79,0),MATCH($C$2,'Weekly Plan'!$F$2:$M$2,0))=0,"",INDEX('Weekly Plan'!$F$2:$M$79,MATCH(G18,'Weekly Plan'!$F$2:$F$79,0),MATCH($C$2,'Weekly Plan'!$F$2:$M$2,0))) -> 360 | K18: ='Weekly Plan'!A27 -> 6 | L18: =IFERROR(J18/K18,0) -> 60
A19: ='Weekly Plan'!F14 -> 99630 | B19: Summit White | C19: ='Weekly Plan'!G14 -> Vent Cover | D19: =IF(INDEX('Weekly Plan'!$F$2:$M$79,MATCH(A19,'Weekly Plan'!$F$2:$F$79,0),MATCH($C$2,'Weekly Plan'!$F$2:$M$2,0))=0,"",INDEX('Weekly Plan'!$F$2:$M$79,MATCH(A19,'Weekly Plan'!$F$2:$F$79,0),MATCH($C$2,'Weekly Plan'!$F$2:$M$2,0))) -> 30 | E19: ='Weekly Plan'!A14 -> 1 | F19: =IFERROR(D19/E19,0) -> 30 | G19: ='Weekly Plan'!F28 -> 9405930P-REW | I19: ='Weekly Plan'!G28 -> MS Applique Rework | J19: =IF(INDEX('Weekly Plan'!$F$2:$M$79,MATCH(G19,'Weekly Plan'!$F$2:$F$79,0),MATCH($C$2,'Weekly Plan'!$F$2:$M$2,0))=0,"",INDEX('Weekly Plan'!$F$2:$M$79,MATCH(G19,'Weekly Plan'!$F$2:$F$79,0),MATCH($C$2,'Weekly Plan'!$F$2:$M$2,0))) | K19: ='Weekly Plan'!A28 -> 6 | L19: =IFERROR(J19/K19,0) -> 0
A21: Stoney Blue - KB Components | G21: Miscellaneous
A22: ='Weekly Plan'!F31 -> KB2352 | B22: Stoney Blue | C22: ='Weekly Plan'!G31 -> W12 Roof Top Cover | D22: =IF(INDEX('Weekly Plan'!$F$2:$M$79,MATCH(A22,'Weekly Plan'!$F$2:$F$79,0),MATCH($C$2,'Weekly Plan'!$F$2:$M$2,0))=0,"",INDEX('Weekly Plan'!$F$2:$M$79,MATCH(A22,'Weekly Plan'!$F$2:$F$79,0),MATCH($C$2,'Weekly Plan'!$F$2:$M$2,0))) | E22: ='Weekly Plan'!A31 -> 1 | F22: =IFERROR(D22/E22,0) -> 0 | G22: ='Weekly Plan'!F36 -> PART#1 | J22: =IF(INDEX('Weekly Plan'!$F$2:$M$79,MATCH(G22,'Weekly Plan'!$F$2:$F$79,0),MATCH($C$2,'Weekly Plan'!$F$2:$M$2,0))=0,"",INDEX('Weekly Plan'!$F$2:$M$79,MATCH(G22,'Weekly Plan'!$F$2:$F$79,0),MATCH($C$2,'Weekly Plan'!$F$2:$M$2,0))) | K22: ='Weekly Plan'!A36 -> 0 | L22: =IFERROR(J22/K22,0) -> 0
A23: ='Weekly Plan'!F32 -> KB2369 | B23: Stoney Blue | C23: ='Weekly Plan'!G32 -> W12 Mech Bezel Pod 1 | D23: =IF(INDEX('Weekly Plan'!$F$2:$M$79,MATCH(A23,'Weekly Plan'!$F$2:$F$79,0),MATCH($C$2,'Weekly Plan'!$F$2:$M$2,0))=0,"",INDEX('Weekly Plan'!$F$2:$M$79,MATCH(A23,'Weekly Plan'!$F$2:$F$79,0),MATCH($C$2,'Weekly Plan'!$F$2:$M$2,0))) | E23: ='Weekly Plan'!A32 -> 4 | F23: =IFERROR(D23/E23,0) -> 0 | G23: ='Weekly Plan'!F37 -> PART#2 | J23: =IF(INDEX('Weekly Plan'!$F$2:$M$79,MATCH(G23,'Weekly Plan'!$F$2:$F$79,0),MATCH($C$2,'Weekly Plan'!$F$2:$M$2,0))=0,"",INDEX('Weekly Plan'!$F$2:$M$79,MATCH(G23,'Weekly Plan'!$F$2:$F$79,0),MATCH($C$2,'Weekly Plan'!$F$2:$M$2,0))) | K23: ='Weekly Plan'!A37 -> 0 | L23: =IFERROR(J23/K23,0) -> 0
A24: ='Weekly Plan'!F33 -> KB2370L | B24: Stoney Blue | C24: ='Weekly Plan'!G33 -> W12 LH Cover Body Closeout Pod 5 | D24: =IF(INDEX('Weekly Plan'!$F$2:$M$79,MATCH(A24,'Weekly Plan'!$F$2:$F$79,0),MATCH($C$2,'Weekly Plan'!$F$2:$M$2,0))=0,"",INDEX('Weekly Plan'!$F$2:$M$79,MATCH(A24,'Weekly Plan'!$F$2:$F$79,0),MATCH($C$2,'Weekly Plan'!$F$2:$M$2,0))) | E24: ='Weekly Plan'!A33 -> 4 | F24: =IFERROR(D24/E24,0) -> 0 | G24: ='Weekly Plan'!F38 -> PART#3 | J24: =IF(INDEX('Weekly Plan'!$F$2:$M$79,MATCH(G24,'Weekly Plan'!$F$2:$F$79,0),MATCH($C$2,'Weekly Plan'!$F$2:$M$2,0))=0,"",INDEX('Weekly Plan'!$F$2:$M$79,MATCH(G24,'Weekly Plan'!$F$2:$F$79,0),MATCH($C$2,'Weekly Plan'!$F$2:$M$2,0))) | K24: ='Weekly Plan'!A38 -> 0 | L24: =IFERROR(J24/K24,0) -> 0
A25: ='Weekly Plan'!F34 -> KB2370R | B25: Stoney Blue | C25: ='Weekly Plan'!G34 -> W12 RH Cover Body Closeout Pod 6 | D25: =IF(INDEX('Weekly Plan'!$F$2:$M$79,MATCH(A25,'Weekly Plan'!$F$2:$F$79,0),MATCH($C$2,'Weekly Plan'!$F$2:$M$2,0))=0,"",INDEX('Weekly Plan'!$F$2:$M$79,MATCH(A25,'Weekly Plan'!$F$2:$F$79,0),MATCH($C$2,'Weekly Plan'!$F$2:$M$2,0))) | E25: ='Weekly Plan'!A34 -> 4 | F25: =IFERROR(D25/E25,0) -> 0 | G25: ='Weekly Plan'!F39 -> PART#4 | J25: =IF(INDEX('Weekly Plan'!$F$2:$M$79,MATCH(G25,'Weekly Plan'!$F$2:$F$79,0),MATCH($C$2,'Weekly Plan'!$F$2:$M$2,0))=0,"",INDEX('Weekly Plan'!$F$2:$M$79,MATCH(G25,'Weekly Plan'!$F$2:$F$79,0),MATCH($C$2,'Weekly Plan'!$F$2:$M$2,0))) | K25: ='Weekly Plan'!A39 -> 0 | L25: =IFERROR(J25/K25,0) -> 0
A28: Notes: | G28: Colour | I28: Time (mins)
A29: **Tesla MX- Rework first, Raw, then 10 rack trial of Conductive Grey Primer | G29: =A5 -> Black - Laval | I29: =SUM(F6:F11) -> 0
G30: =A15 -> Summit White - Laval | I30: =SUM(F16:F19) -> 90
G31: =G5 -> Metelix | I31: =SUM(L6:L13) -> 0
G32: =G15 -> Tesla - High Gloss Black | I32: =SUM(L16:L19) -> 103.33333
G33: Stoney Blue | I33: =SUM(D22:D25) -> 0
G34: =G21 -> Miscellaneous | I34: =SUM(L22:L25) -> 0
G36: Total: | I36: =SUM(I29:I35) -> 193.33333
G38: Gaps | I38: =(COUNTIF(I29:I35, ">0")-1)*(IF(I36>0, 12, 0)) -> 12
G40: Total Time (hrs) | I40: =(I36+I38)/60 -> 3.4222222

Sheet Tue (101)
A1: 101 LINE LOAD SHEET | O1: Unprotect Password 6941
C2: TUESDAY | G2: Date: | I2: ='Weekly Plan'!H1+1 -> 46007
A3: Order of Colours: | C3: 1) Summit White 2) Tesla -Black 4) Laval- Black
A5: Black - Laval | G5: Metelix
A6: ='Weekly Plan'!F4 -> 99944 Bezel | B6: Black | C6: ='Weekly Plan'!G4 -> Bezel | D6: =IF(INDEX('Weekly Plan'!$F$2:$M$79,MATCH(A6,'Weekly Plan'!$F$2:$F$79,0),MATCH($C$2,'Weekly Plan'!$F$2:$M$2,0))=0,"",INDEX('Weekly Plan'!$F$2:$M$79,MATCH(A6,'Weekly Plan'!$F$2:$F$79,0),MATCH($C$2,'Weekly Plan'!$F$2:$M$2,0))) | E6: ='Weekly Plan'!A4 -> 2 | F6: =IFERROR(D6/E6,0) -> 0 | G6: ='Weekly Plan'!F16 -> VG0240BL0PA | I6: ='Weekly Plan'!G16 -> C223 ACCSRY Spoiler | J6: =IF(INDEX('Weekly Plan'!$F$2:$M$79,MATCH(G6,'Weekly Plan'!$F$2:$F$79,0),MATCH($C$2,'Weekly Plan'!$F$2:$M$2,0))=0,"",INDEX('Weekly Plan'!$F$2:$M$79,MATCH(G6,'Weekly Plan'!$F$2:$F$79,0),MATCH($C$2,'Weekly Plan'!$F$2:$M$2,0))) | K6: ='Weekly Plan'!A16 -> 1 | L6: =IFERROR(J6/K6,0) -> 0
A7: ='Weekly Plan'!F5 -> 99633 | B7: Black | C7: ='Weekly Plan'!G5 -> IR Cover LH | D7: =IF(INDEX('Weekly Plan'!$F$2:$M$79,MATCH(A7,'Weekly Plan'!$F$2:$F$79,0),MATCH($C$2,'Weekly Plan'!$F$2:$M$2,0))=0,"",INDEX('Weekly Plan'!$F$2:$M$79,MATCH(A7,'Weekly Plan'!$F$2:$F$79,0),MATCH($C$2,'Weekly Plan'!$F$2:$M$2,0))) | E7: ='Weekly Plan'!A5 -> 20 | F7: =IFERROR(D7/E7,0) -> 0 | G7: ='Weekly Plan'!F17 -> VG0241CM0PB | I7: ='Weekly Plan'!G17 -> Y2XX Stanchion - LH | J7: =IF(INDEX('Weekly Plan'!$F$2:$M$79,MATCH(G7,'Weekly Plan'!$F$2:$F$79,0),MATCH($C$2,'Weekly Plan'!$F$2:$M$2,0))=0,"",INDEX('Weekly Plan'!$F$2:$M$79,MATCH(G7,'Weekly Plan'!$F$2:$F$79,0),MATCH($C$2,'Weekly Plan'!$F$2:$M$2,0))) | K7: ='Weekly Plan'!A17 -> 6 | L7: =IFERROR(J7/K7,0) -> 0
A8: ='Weekly Plan'!F6 -> 99646 | B8: Black | C8: ='Weekly Plan'!G6 -> IR Cover RH | D8: =IF(INDEX('Weekly Plan'!$F$2:$M$79,MATCH(A8,'Weekly Plan'!$F$2:$F$79,0),MATCH($C$2,'Weekly Plan'!$F$2:$M$2,0))=0,"",INDEX('Weekly Plan'!$F$2:$M$79,MATCH(A8,'Weekly Plan'!$F$2:$F$79,0),MATCH($C$2,'Weekly Plan'!$F$2:$M$2,0))) | E8: ='Weekly Plan'!A6 -> 20 | F8: =IFERROR(D8/E8,0) -> 0 | G8: ='Weekly Plan'!F18 -> VG0241CM0PD | I8: ='Weekly Plan'!G18 -> Y2XX Stanchion - RH | J8: =IF(INDEX('Weekly Plan'!$F$2:$M$79,MATCH(G8,'Weekly Plan'!$F$2:$F$79,0),MATCH($C$2,'Weekly Plan'!$F$2:$M$2,0))=0,"",INDEX('Weekly Plan'!$F$2:$M$79,MATCH(G8,'Weekly Plan'!$F$2:$F$79,0),MATCH($C$2,'Weekly Plan'!$F$2:$M$2,0))) | K8: ='Weekly Plan'!A18 -> 6 | L8: =IFERROR(J8/K8,0) -> 0
A9: ='Weekly Plan'!F7 -> 99635 | B9: Black | C9: ='Weekly Plan'!G7 -> Lateral Belt LH | D9: =IF(INDEX('Weekly Plan'!$F$2:$M$79,MATCH(A9,'Weekly Plan'!$F$2:$F$79,0),MATCH($C$2,'Weekly Plan'!$F$2:$M$2,0))=0,"",INDEX('Weekly Plan'!$F$2:$M$79,MATCH(A9,'Weekly Plan'!$F$2:$F$79,0),MATCH($C$2,'Weekly Plan'!$F$2:$M$2,0))) | E9: ='Weekly Plan'!A7 -> 6 | F9: =IFERROR(D9/E9,0) -> 0 | G9: ='Weekly Plan'!F19 -> VG0241CM0PC | I9: ='Weekly Plan'!G19 -> Y2XX Stanchion - Center | J9: =IF(INDEX('Weekly Plan'!$F$2:$M$79,MATCH(G9,'Weekly Plan'!$F$2:$F$79,0),MATCH($C$2,'Weekly Plan'!$F$2:$M$2,0))=0,"",INDEX('Weekly Plan'!$F$2:$M$79,MATCH(G9,'Weekly Plan'!$F$2:$F$79,0),MATCH($C$2,'Weekly Plan'!$F$2:$M$2,0))) | K9: ='Weekly Plan'!A19 -> 6 | L9: =IFERROR(J9/K9,0) -> 0
A10: ='Weekly Plan'!F8 -> 99944 | B10: Black | C10: ='Weekly Plan'!G8 -> Lateral Belt RH | D10: =IF(INDEX('Weekly Plan'!$F$2:$M$79,MATCH(A10,'Weekly Plan'!$F$2:$F$79,0),MATCH($C$2,'Weekly Plan'!$F$2:$M$2,0))=0,"",INDEX('Weekly Plan'!$F$2:$M$79,MATCH(A10,'Weekly Plan'!$F$2:$F$79,0),MATCH($C$2,'Weekly Plan'!$F$2:$M$2,0))) | E10: ='Weekly Plan'!A8 -> 6 | F10: =IFERROR(D10/E10,0) -> 0 | G10: ='Weekly Plan'!F20 -> VG0241CM0PE | I10: ='Weekly Plan'!G20 -> Y2XX Winglet -LH | J10: =IF(INDEX('Weekly Plan'!$F$2:$M$79,MATCH(G10,'Weekly Plan'!$F$2:$F$79,0),MATCH($C$2,'Weekly Plan'!$F$2:$M$2,0))=0,"",INDEX('Weekly Plan'!$F$2:$M$79,MATCH(G10,'Weekly Plan'!$F$2:$F$79,0),MATCH($C$2,'Weekly Plan'!$F$2:$M$2,0))) | K10: ='Weekly Plan'!A20 -> 0 | L10: =IFERROR(J12/K10,0) -> 0
A11: ='Weekly Plan'!F9 -> 99636 | B11: Black | C11: ='Weekly Plan'!G9 -> Rear Belt | D11: =IF(INDEX('Weekly Plan'!$F$2:$M$79,MATCH(A11,'Weekly Plan'!$F$2:$F$79,0),MATCH($C$2,'Weekly Plan'!$F$2:$M$2,0))=0,"",INDEX('Weekly Plan'!$F$2:$M$79,MATCH(A11,'Weekly Plan'!$F$2:$F$79,0),MATCH($C$2,'Weekly Plan'!$F$2:$M$2,0))) | E11: ='Weekly Plan'!A9 -> 20 | F11: =IFERROR(D11/E11,0) -> 0 | G11: ='Weekly Plan'!F21 -> VG0241CM0PF | I11: ='Weekly Plan'!G21 -> Y2XX Winglet -RH | J11: =IF(INDEX('Weekly Plan'!$F$2:$M$79,MATCH(G11,'Weekly Plan'!$F$2:$F$79,0),MATCH($C$2,'Weekly Plan'!$F$2:$M$2,0))=0,"",INDEX('Weekly Plan'!$F$2:$M$79,MATCH(G11,'Weekly Plan'!$F$2:$F$79,0),MATCH($C$2,'Weekly Plan'!$F$2:$M$2,0))) | K11: ='Weekly Plan'!A21 -> 0 | L11: =IFERROR(J13/K11,0) -> 0
G12: ='Weekly Plan'!F22 -> VG0241CM0PG | I12: ='Weekly Plan'!G22 -> Y2XX Screw Cover - LH | J12: =IF(INDEX('Weekly Plan'!$F$2:$M$79,MATCH(G12,'Weekly Plan'!$F$2:$F$79,0),MATCH($C$2,'Weekly Plan'!$F$2:$M$2,0))=0,"",INDEX('Weekly Plan'!$F$2:$M$79,MATCH(G12,'Weekly Plan'!$F$2:$F$79,0),MATCH($C$2,'Weekly Plan'!$F$2:$M$2,0))) | K12: ='Weekly Plan'!A22 -> 20 | L12: =IFERROR(J14/K12,0) -> 0
G13: ='Weekly Plan'!F23 -> VG0241CM0PH | I13: ='Weekly Plan'!G23 -> Y2XX Screw Cover - RH | J13: =IF(INDEX('Weekly Plan'!$F$2:$M$79,MATCH(G13,'Weekly Plan'!$F$2:$F$79,0),MATCH($C$2,'Weekly Plan'!$F$2:$M$2,0))=0,"",INDEX('Weekly Plan'!$F$2:$M$79,MATCH(G13,'Weekly Plan'!$F$2:$F$79,0),MATCH($C$2,'Weekly Plan'!$F$2:$M$2,0))) | K13: ='Weekly Plan'!A23 -> 20 | L13: =IFERROR(J15/K13,0) -> 0
A15: Summit White - Laval | G15: Tesla - High Gloss Black
A16: ='Weekly Plan'!F11 -> 99629 | B16: Summit White | C16: ='Weekly Plan'!G11 -> Main Lower Cover | D16: =IF(INDEX('Weekly Plan'!$F$2:$M$79,MATCH(A16,'Weekly Plan'!$F$2:$F$79,0),MATCH($C$2,'Weekly Plan'!$F$2:$M$2,0))=0,"",INDEX('Weekly Plan'!$F$2:$M$79,MATCH(A16,'Weekly Plan'!$F$2:$F$79,0),MATCH($C$2,'Weekly Plan'!$F$2:$M$2,0))) | E16: ='Weekly Plan'!A11 -> 1 | F16: =IFERROR(D16/E16,0) -> 0 | G16: ='Weekly Plan'!F25 -> 9405929P | I16: ='Weekly Plan'!G25 -> MX Applique | J16: =IF(INDEX('Weekly Plan'!$F$2:$M$79,MATCH(G16,'Weekly Plan'!$F$2:$F$79,0),MATCH($C$2,'Weekly Plan'!$F$2:$M$2,0))=0,"",INDEX('Weekly Plan'!$F$2:$M$79,MATCH(G16,'Weekly Plan'!$F$2:$F$79,0),MATCH($C$2,'Weekly Plan'!$F$2:$M$2,0))) | K16: ='Weekly Plan'!A25 -> 6 | L16: =IFERROR(J16/K16,0) -> 0
A17: ='Weekly Plan'!F12 -> 99631 | B17: Summit White | C17: ='Weekly Plan'!G12 -> Main Upper Cover | D17: =IF(INDEX('Weekly Plan'!$F$2:$M$79,MATCH(A17,'Weekly Plan'!$F$2:$F$79,0),MATCH($C$2,'Weekly Plan'!$F$2:$M$2,0))=0,"",INDEX('Weekly Plan'!$F$2:$M$79,MATCH(A17,'Weekly Plan'!$F$2:$F$79,0),MATCH($C$2,'Weekly Plan'!$F$2:$M$2,0))) | E17: ='Weekly Plan'!A12 -> 1 | F17: =IFERROR(D17/E17,0) -> 0 | G17: ='Weekly Plan'!F26 -> 9405930P | I17: ='Weekly Plan'!G26 -> MS Applique | J17: =IF(INDEX('Weekly Plan'!$F$2:$M$79,MATCH(G17,'Weekly Plan'!$F$2:$F$79,0),MATCH($C$2,'Weekly Plan'!$F$2:$M$2,0))=0,"",INDEX('Weekly Plan'!$F$2:$M$79,MATCH(G17,'Weekly Plan'!$F$2:$F$79,0),MATCH($C$2,'Weekly Plan'!$F$2:$M$2,0))) | K17: ='Weekly Plan'!A26 -> 6 | L17: =IFERROR(J17/K17,0) -> 0
A18: ='Weekly Plan'!F13 -> 99638 | B18: Summit White | C18: ='Weekly Plan'!G13 -> Rear Plate | D18: =IF(INDEX('Weekly Plan'!$F$2:$M$79,MATCH(A18,'Weekly Plan'!$F$2:$F$79,0),MATCH($C$2,'Weekly Plan'!$F$2:$M$2,0))=0,"",INDEX('Weekly Plan'!$F$2:$M$79,MATCH(A18,'Weekly Plan'!$F$2:$F$79,0),MATCH($C$2,'Weekly Plan'!$F$2:$M$2,0))) | E18: ='Weekly Plan'!A13 -> 20 | F18: =IFERROR(D18/E18,0) -> 0 | G18: ='Weekly Plan'!F27 -> 9405929P-REW | I18: ='Weekly Plan'!G27 -> MX Applique Rework | J18: =IF(INDEX('Weekly Plan'!$F$2:$M$79,MATCH(G18,'Weekly Plan'!$F$2:$F$79,0),MATCH($C$2,'Weekly Plan'!$F$2:$M$2,0))=0,"",INDEX('Weekly Plan'!$F$2:$M$79,MATCH(G18,'Weekly Plan'!$F$2:$F$79,0),MATCH($C$2,'Weekly Plan'!$F$2:$M$2,0))) | K18: ='Weekly Plan'!A27 -> 6 | L18: =IFERROR(J18/K18,0) -> 0
A19: ='Weekly Plan'!F14 -> 99630 | B19: Summit White | C19: ='Weekly Plan'!G14 -> Vent Cover | D19: =IF(INDEX('Weekly Plan'!$F$2:$M$79,MATCH(A19,'Weekly Plan'!$F$2:$F$79,0),MATCH($C$2,'Weekly Plan'!$F$2:$M$2,0))=0,"",INDEX('Weekly Plan'!$F$2:$M$79,MATCH(A19,'Weekly Plan'!$F$2:$F$79,0),MATCH($C$2,'Weekly Plan'!$F$2:$M$2,0))) | E19: ='Weekly Plan'!A14 -> 1 | F19: =IFERROR(D19/E19,0) -> 0 | G19: ='Weekly Plan'!F28 -> 9405930P-REW | I19: ='Weekly Plan'!G28 -> MS Applique Rework | J19: =IF(INDEX('Weekly Plan'!$F$2:$M$79,MATCH(G19,'Weekly Plan'!$F$2:$F$79,0),MATCH($C$2,'Weekly Plan'!$F$2:$M$2,0))=0,"",INDEX('Weekly Plan'!$F$2:$M$79,MATCH(G19,'Weekly Plan'!$F$2:$F$79,0),MATCH($C$2,'Weekly Plan'!$F$2:$M$2,0))) | K19: ='Weekly Plan'!A28 -> 6 | L19: =IFERROR(J19/K19,0) -> 0
A21: KB Components | G21: Miscellaneous
A22: ='Weekly Plan'!F31 -> KB2352 | B22: Stoney Blue | C22: ='Weekly Plan'!G31 -> W12 Roof Top Cover | D22: =IF(INDEX('Weekly Plan'!$F$2:$M$79,MATCH(A22,'Weekly Plan'!$F$2:$F$79,0),MATCH($C$2,'Weekly Plan'!$F$2:$M$2,0))=0,"",INDEX('Weekly Plan'!$F$2:$M$79,MATCH(A22,'Weekly Plan'!$F$2:$F$79,0),MATCH($C$2,'Weekly Plan'!$F$2:$M$2,0))) | E22: ='Weekly Plan'!A31 -> 1 | F22: =IFERROR(D22/E22,0) -> 0 | G22: ='Weekly Plan'!F36 -> PART#1 | J22: =IF(INDEX('Weekly Plan'!$F$2:$M$79,MATCH(G22,'Weekly Plan'!$F$2:$F$79,0),MATCH($C$2,'Weekly Plan'!$F$2:$M$2,0))=0,"",INDEX('Weekly Plan'!$F$2:$M$79,MATCH(G22,'Weekly Plan'!$F$2:$F$79,0),MATCH($C$2,'Weekly Plan'!$F$2:$M$2,0))) | K22: ='Weekly Plan'!A36 -> 0 | L22: =IFERROR(J22/K22,0) -> 0
A23: ='Weekly Plan'!F32 -> KB2369 | B23: Stoney Blue | C23: ='Weekly Plan'!G32 -> W12 Mech Bezel Pod 1 | D23: =IF(INDEX('Weekly Plan'!$F$2:$M$79,MATCH(A23,'Weekly Plan'!$F$2:$F$79,0),MATCH($C$2,'Weekly Plan'!$F$2:$M$2,0))=0,"",INDEX('Weekly Plan'!$F$2:$M$79,MATCH(A23,'Weekly Plan'!$F$2:$F$79,0),MATCH($C$2,'Weekly Plan'!$F$2:$M$2,0))) | E23: ='Weekly Plan'!A32 -> 4 | F23: =IFERROR(D23/E23,0) -> 0 | G23: ='Weekly Plan'!F37 -> PART#2 | J23: =IF(INDEX('Weekly Plan'!$F$2:$M$79,MATCH(G23,'Weekly Plan'!$F$2:$F$79,0),MATCH($C$2,'Weekly Plan'!$F$2:$M$2,0))=0,"",INDEX('Weekly Plan'!$F$2:$M$79,MATCH(G23,'Weekly Plan'!$F$2:$F$79,0),MATCH($C$2,'Weekly Plan'!$F$2:$M$2,0))) | K23: ='Weekly Plan'!A37 -> 0 | L23: =IFERROR(J23/K23,0) -> 0
A24: ='Weekly Plan'!F33 -> KB2370L | B24: Stoney Blue | C24: ='Weekly Plan'!G33 -> W12 LH Cover Body Closeout Pod 5 | D24: =IF(INDEX('Weekly Plan'!$F$2:$M$79,MATCH(A24,'Weekly Plan'!$F$2:$F$79,0),MATCH($C$2,'Weekly Plan'!$F$2:$M$2,0))=0,"",INDEX('Weekly Plan'!$F$2:$M$79,MATCH(A24,'Weekly Plan'!$F$2:$F$79,0),MATCH($C$2,'Weekly Plan'!$F$2:$M$2,0))) | E24: ='Weekly Plan'!A33 -> 4 | F24: =IFERROR(D24/E24,0) -> 0 | G24: ='Weekly Plan'!F38 -> PART#3 | J24: =IF(INDEX('Weekly Plan'!$F$2:$M$79,MATCH(G24,'Weekly Plan'!$F$2:$F$79,0),MATCH($C$2,'Weekly Plan'!$F$2:$M$2,0))=0,"",INDEX('Weekly Plan'!$F$2:$M$79,MATCH(G24,'Weekly Plan'!$F$2:$F$79,0),MATCH($C$2,'Weekly Plan'!$F$2:$M$2,0))) | K24: ='Weekly Plan'!A38 -> 0 | L24: =IFERROR(J24/K24,0) -> 0
A25: ='Weekly Plan'!F34 -> KB2370R | B25: Stoney Blue | C25: ='Weekly Plan'!G34 -> W12 RH Cover Body Closeout Pod 6 | D25: =IF(INDEX('Weekly Plan'!$F$2:$M$79,MATCH(A25,'Weekly Plan'!$F$2:$F$79,0),MATCH($C$2,'Weekly Plan'!$F$2:$M$2,0))=0,"",INDEX('Weekly Plan'!$F$2:$M$79,MATCH(A25,'Weekly Plan'!$F$2:$F$79,0),MATCH($C$2,'Weekly Plan'!$F$2:$M$2,0))) | E25: ='Weekly Plan'!A34 -> 4 | F25: =IFERROR(D25/E25,0) -> 0 | G25: ='Weekly Plan'!F39 -> PART#4 | J25: =IF(INDEX('Weekly Plan'!$F$2:$M$79,MATCH(G25,'Weekly Plan'!$F$2:$F$79,0),MATCH($C$2,'Weekly Plan'!$F$2:$M$2,0))=0,"",INDEX('Weekly Plan'!$F$2:$M$79,MATCH(G25,'Weekly Plan'!$F$2:$F$79,0),MATCH($C$2,'Weekly Plan'!$F$2:$M$2,0))) | K25: ='Weekly Plan'!A39 -> 0 | L25: =IFERROR(J25/K25,0) -> 0
M26: 18
A28: Notes: | G28: Colour | I28: Time (mins)
G29: =A5 -> Black - Laval | I29: =SUM(F6:F11) -> 0
G30: =A15 -> Summit White - Laval | I30: =SUM(F16:F19) -> 0 | M30: 21
G31: =G5 -> Metelix | I31: =SUM(L6:L13) -> 0
G32: =G15 -> Tesla - High Gloss Black | I32: =SUM(L16:L19) -> 0
G33: Stoney Blue | I33: =SUM(D22:D25) -> 0
G34: =G21 -> Miscellaneous | I34: =SUM(L22:L25) -> 0
G36: Total: | I36: =SUM(I29:I35) -> 0 | M36: 4
M37: 2
G38: Gaps | I38: =(COUNTIF(I29:I35, ">0")-1)*(IF(I36>0, 12, 0)) -> 0
M39: 1
G40: Total Time (hrs) | I40: =(I36+I38)/60 -> 0
M41: 4
M42: 2
M43: 1
M44: 1

Sheet Wed (101)
A1: 101 LINE LOAD SHEET | O1: Unprotect Password 6941
C2: WEDNESDAY | G2: Date: | I2: ='Weekly Plan'!H1+2 -> 46008
A3: Order of Colours:
A5: Black - Laval | G5: Metelix
A6: ='Weekly Plan'!F4 -> 99944 Bezel | B6: Black | C6: ='Weekly Plan'!G4 -> Bezel | D6: =IF(INDEX('Weekly Plan'!$F$2:$M$79,MATCH(A6,'Weekly Plan'!$F$2:$F$79,0),MATCH($C$2,'Weekly Plan'!$F$2:$M$2,0))=0,"",INDEX('Weekly Plan'!$F$2:$M$79,MATCH(A6,'Weekly Plan'!$F$2:$F$79,0),MATCH($C$2,'Weekly Plan'!$F$2:$M$2,0))) | E6: ='Weekly Plan'!A4 -> 2 | F6: =IFERROR(D6/E6,0) -> 0 | G6: ='Weekly Plan'!F16 -> VG0240BL0PA | I6: ='Weekly Plan'!G16 -> C223 ACCSRY Spoiler | J6: =IF(INDEX('Weekly Plan'!$F$2:$M$79,MATCH(G6,'Weekly Plan'!$F$2:$F$79,0),MATCH($C$2,'Weekly Plan'!$F$2:$M$2,0))=0,"",INDEX('Weekly Plan'!$F$2:$M$79,MATCH(G6,'Weekly Plan'!$F$2:$F$79,0),MATCH($C$2,'Weekly Plan'!$F$2:$M$2,0))) | K6: ='Weekly Plan'!A16 -> 1 | L6: =IFERROR(J6/K6,0) -> 0
A7: ='Weekly Plan'!F5 -> 99633 | B7: Black | C7: ='Weekly Plan'!G5 -> IR Cover LH | D7: =IF(INDEX('Weekly Plan'!$F$2:$M$79,MATCH(A7,'Weekly Plan'!$F$2:$F$79,0),MATCH($C$2,'Weekly Plan'!$F$2:$M$2,0))=0,"",INDEX('Weekly Plan'!$F$2:$M$79,MATCH(A7,'Weekly Plan'!$F$2:$F$79,0),MATCH($C$2,'Weekly Plan'!$F$2:$M$2,0))) | E7: ='Weekly Plan'!A5 -> 20 | F7: =IFERROR(D7/E7,0) -> 0 | G7: ='Weekly Plan'!F17 -> VG0241CM0PB | I7: ='Weekly Plan'!G17 -> Y2XX Stanchion - LH | J7: =IF(INDEX('Weekly Plan'!$F$2:$M$79,MATCH(G7,'Weekly Plan'!$F$2:$F$79,0),MATCH($C$2,'Weekly Plan'!$F$2:$M$2,0))=0,"",INDEX('Weekly Plan'!$F$2:$M$79,MATCH(G7,'Weekly Plan'!$F$2:$F$79,0),MATCH($C$2,'Weekly Plan'!$F$2:$M$2,0))) | K7: ='Weekly Plan'!A17 -> 6 | L7: =IFERROR(J7/K7,0) -> 0
A8: ='Weekly Plan'!F6 -> 99646 | B8: Black | C8: ='Weekly Plan'!G6 -> IR Cover RH | D8: =IF(INDEX('Weekly Plan'!$F$2:$M$79,MATCH(A8,'Weekly Plan'!$F$2:$F$79,0),MATCH($C$2,'Weekly Plan'!$F$2:$M$2,0))=0,"",INDEX('Weekly Plan'!$F$2:$M$79,MATCH(A8,'Weekly Plan'!$F$2:$F$79,0),MATCH($C$2,'Weekly Plan'!$F$2:$M$2,0))) | E8: ='Weekly Plan'!A6 -> 20 | F8: =IFERROR(D8/E8,0) -> 0 | G8: ='Weekly Plan'!F18 -> VG0241CM0PD | I8: ='Weekly Plan'!G18 -> Y2XX Stanchion - RH | J8: =IF(INDEX('Weekly Plan'!$F$2:$M$79,MATCH(G8,'Weekly Plan'!$F$2:$F$79,0),MATCH($C$2,'Weekly Plan'!$F$2:$M$2,0))=0,"",INDEX('Weekly Plan'!$F$2:$M$79,MATCH(G8,'Weekly Plan'!$F$2:$F$79,0),MATCH($C$2,'Weekly Plan'!$F$2:$M$2,0))) | K8: ='Weekly Plan'!A18 -> 6 | L8: =IFERROR(J8/K8,0) -> 0
A9: ='Weekly Plan'!F7 -> 99635 | B9: Black | C9: ='Weekly Plan'!G7 -> Lateral Belt LH | D9: =IF(INDEX('Weekly Plan'!$F$2:$M$79,MATCH(A9,'Weekly Plan'!$F$2:$F$79,0),MATCH($C$2,'Weekly Plan'!$F$2:$M$2,0))=0,"",INDEX('Weekly Plan'!$F$2:$M$79,MATCH(A9,'Weekly Plan'!$F$2:$F$79,0),MATCH($C$2,'Weekly Plan'!$F$2:$M$2,0))) | E9: ='Weekly Plan'!A7 -> 6 | F9: =IFERROR(D9/E9,0) -> 0 | G9: ='Weekly Plan'!F19 -> VG0241CM0PC | I9: ='Weekly Plan'!G19 -> Y2XX Stanchion - Center | J9: =IF(INDEX('Weekly Plan'!$F$2:$M$79,MATCH(G9,'Weekly Plan'!$F$2:$F$79,0),MATCH($C$2,'Weekly Plan'!$F$2:$M$2,0))=0,"",INDEX('Weekly Plan'!$F$2:$M$79,MATCH(G9,'Weekly Plan'!$F$2:$F$79,0),MATCH($C$2,'Weekly Plan'!$F$2:$M$2,0))) | K9: ='Weekly Plan'!A19 -> 6 | L9: =IFERROR(J9/K9,0) -> 0
A10: ='Weekly Plan'!F8 -> 99944 | B10: Black | C10: ='Weekly Plan'!G8 -> Lateral Belt RH | D10: =IF(INDEX('Weekly Plan'!$F$2:$M$79,MATCH(A10,'Weekly Plan'!$F$2:$F$79,0),MATCH($C$2,'Weekly Plan'!$F$2:$M$2,0))=0,"",INDEX('Weekly Plan'!$F$2:$M$79,MATCH(A10,'Weekly Plan'!$F$2:$F$79,0),MATCH($C$2,'Weekly Plan'!$F$2:$M$2,0))) | E10: ='Weekly Plan'!A8 -> 6 | F10: =IFERROR(D10/E10,0) -> 0 | G10: ='Weekly Plan'!F20 -> VG0241CM0PE | I10: ='Weekly Plan'!G20 -> Y2XX Winglet -LH | J10: =IF(INDEX('Weekly Plan'!$F$2:$M$79,MATCH(G10,'Weekly Plan'!$F$2:$F$79,0),MATCH($C$2,'Weekly Plan'!$F$2:$M$2,0))=0,"",INDEX('Weekly Plan'!$F$2:$M$79,MATCH(G10,'Weekly Plan'!$F$2:$F$79,0),MATCH($C$2,'Weekly Plan'!$F$2:$M$2,0))) | K10: ='Weekly Plan'!A20 -> 0 | L10: =IFERROR(J12/K10,0) -> 0
A11: ='Weekly Plan'!F9 -> 99636 | B11: Black | C11: ='Weekly Plan'!G9 -> Rear Belt | D11: =IF(INDEX('Weekly Plan'!$F$2:$M$79,MATCH(A11,'Weekly Plan'!$F$2:$F$79,0),MATCH($C$2,'Weekly Plan'!$F$2:$M$2,0))=0,"",INDEX('Weekly Plan'!$F$2:$M$79,MATCH(A11,'Weekly Plan'!$F$2:$F$79,0),MATCH($C$2,'Weekly Plan'!$F$2:$M$2,0))) | E11: ='Weekly Plan'!A9 -> 20 | F11: =IFERROR(D11/E11,0) -> 0 | G11: ='Weekly Plan'!F21 -> VG0241CM0PF | I11: ='Weekly Plan'!G21 -> Y2XX Winglet -RH | J11: =IF(INDEX('Weekly Plan'!$F$2:$M$79,MATCH(G11,'Weekly Plan'!$F$2:$F$79,0),MATCH($C$2,'Weekly Plan'!$F$2:$M$2,0))=0,"",INDEX('Weekly Plan'!$F$2:$M$79,MATCH(G11,'Weekly Plan'!$F$2:$F$79,0),MATCH($C$2,'Weekly Plan'!$F$2:$M$2,0))) | K11: ='Weekly Plan'!A21 -> 0 | L11: =IFERROR(J13/K11,0) -> 0
G12: ='Weekly Plan'!F22 -> VG0241CM0PG | I12: ='Weekly Plan'!G22 -> Y2XX Screw Cover - LH | J12: =IF(INDEX('Weekly Plan'!$F$2:$M$79,MATCH(G12,'Weekly Plan'!$F$2:$F$79,0),MATCH($C$2,'Weekly Plan'!$F$2:$M$2,0))=0,"",INDEX('Weekly Plan'!$F$2:$M$79,MATCH(G12,'Weekly Plan'!$F$2:$F$79,0),MATCH($C$2,'Weekly Plan'!$F$2:$M$2,0))) | K12: ='Weekly Plan'!A22 -> 20 | L12: =IFERROR(J14/K12,0) -> 0
G13: ='Weekly Plan'!F23 -> VG0241CM0PH | I13: ='Weekly Plan'!G23 -> Y2XX Screw Cover - RH | J13: =IF(INDEX('Weekly Plan'!$F$2:$M$79,MATCH(G13,'Weekly Plan'!$F$2:$F$79,0),MATCH($C$2,'Weekly Plan'!$F$2:$M$2,0))=0,"",INDEX('Weekly Plan'!$F$2:$M$79,MATCH(G13,'Weekly Plan'!$F$2:$F$79,0),MATCH($C$2,'Weekly Plan'!$F$2:$M$2,0))) | K13: ='Weekly Plan'!A23 -> 20 | L13: =IFERROR(J15/K13,0) -> 0
A15: Summit White - Laval | G15: Tesla - High Gloss Black
A16: ='Weekly Plan'!F11 -> 99629 | B16: Summit White | C16: ='Weekly Plan'!G11 -> Main Lower Cover | D16: =IF(INDEX('Weekly Plan'!$F$2:$M$79,MATCH(A16,'Weekly Plan'!$F$2:$F$79,0),MATCH($C$2,'Weekly Plan'!$F$2:$M$2,0))=0,"",INDEX('Weekly Plan'!$F$2:$M$79,MATCH(A16,'Weekly Plan'!$F$2:$F$79,0),MATCH($C$2,'Weekly Plan'!$F$2:$M$2,0))) | E16: ='Weekly Plan'!A11 -> 1 | F16: =IFERROR(D16/E16,0) -> 0 | G16: ='Weekly Plan'!F25 -> 9405929P | I16: ='Weekly Plan'!G25 -> MX Applique | J16: =IF(INDEX('Weekly Plan'!$F$2:$M$79,MATCH(G16,'Weekly Plan'!$F$2:$F$79,0),MATCH($C$2,'Weekly Plan'!$F$2:$M$2,0))=0,"",INDEX('Weekly Plan'!$F$2:$M$79,MATCH(G16,'Weekly Plan'!$F$2:$F$79,0),MATCH($C$2,'Weekly Plan'!$F$2:$M$2,0))) | K16: ='Weekly Plan'!A25 -> 6 | L16: =IFERROR(J16/K16,0) -> 0
A17: ='Weekly Plan'!F12 -> 99631 | B17: Summit White | C17: ='Weekly Plan'!G12 -> Main Upper Cover | D17: =IF(INDEX('Weekly Plan'!$F$2:$M$79,MATCH(A17,'Weekly Plan'!$F$2:$F$79,0),MATCH($C$2,'Weekly Plan'!$F$2:$M$2,0))=0,"",INDEX('Weekly Plan'!$F$2:$M$79,MATCH(A17,'Weekly Plan'!$F$2:$F$79,0),MATCH($C$2,'Weekly Plan'!$F$2:$M$2,0))) | E17: ='Weekly Plan'!A12 -> 1 | F17: =IFERROR(D17/E17,0) -> 0 | G17: ='Weekly Plan'!F26 -> 9405930P | I17: ='Weekly Plan'!G26 -> MS Applique | J17: =IF(INDEX('Weekly Plan'!$F$2:$M$79,MATCH(G17,'Weekly Plan'!$F$2:$F$79,0),MATCH($C$2,'Weekly Plan'!$F$2:$M$2,0))=0,"",INDEX('Weekly Plan'!$F$2:$M$79,MATCH(G17,'Weekly Plan'!$F$2:$F$79,0),MATCH($C$2,'Weekly Plan'!$F$2:$M$2,0))) | K17: ='Weekly Plan'!A26 -> 6 | L17: =IFERROR(J17/K17,0) -> 0
A18: ='Weekly Plan'!F13 -> 99638 | B18: Summit White | C18: ='Weekly Plan'!G13 -> Rear Plate | D18: =IF(INDEX('Weekly Plan'!$F$2:$M$79,MATCH(A18,'Weekly Plan'!$F$2:$F$79,0),MATCH($C$2,'Weekly Plan'!$F$2:$M$2,0))=0,"",INDEX('Weekly Plan'!$F$2:$M$79,MATCH(A18,'Weekly Plan'!$F$2:$F$79,0),MATCH($C$2,'Weekly Plan'!$F$2:$M$2,0))) | E18: ='Weekly Plan'!A13 -> 20 | F18: =IFERROR(D18/E18,0) -> 0 | G18: ='Weekly Plan'!F27 -> 9405929P-REW | I18: ='Weekly Plan'!G27 -> MX Applique Rework | J18: =IF(INDEX('Weekly Plan'!$F$2:$M$79,MATCH(G18,'Weekly Plan'!$F$2:$F$79,0),MATCH($C$2,'Weekly Plan'!$F$2:$M$2,0))=0,"",INDEX('Weekly Plan'!$F$2:$M$79,MATCH(G18,'Weekly Plan'!$F$2:$F$79,0),MATCH($C$2,'Weekly Plan'!$F$2:$M$2,0))) | K18: ='Weekly Plan'!A27 -> 6 | L18: =IFERROR(J18/K18,0) -> 0
A19: ='Weekly Plan'!F14 -> 99630 | B19: Summit White | C19: ='Weekly Plan'!G14 -> Vent Cover | D19: =IF(INDEX('Weekly Plan'!$F$2:$M$79,MATCH(A19,'Weekly Plan'!$F$2:$F$79,0),MATCH($C$2,'Weekly Plan'!$F$2:$M$2,0))=0,"",INDEX('Weekly Plan'!$F$2:$M$79,MATCH(A19,'Weekly Plan'!$F$2:$F$79,0),MATCH($C$2,'Weekly Plan'!$F$2:$M$2,0))) | E19: ='Weekly Plan'!A14 -> 1 | F19: =IFERROR(D19/E19,0) -> 0 | G19: ='Weekly Plan'!F28 -> 9405930P-REW | I19: ='Weekly Plan'!G28 -> MS Applique Rework | J19: =IF(INDEX('Weekly Plan'!$F$2:$M$79,MATCH(G19,'Weekly Plan'!$F$2:$F$79,0),MATCH($C$2,'Weekly Plan'!$F$2:$M$2,0))=0,"",INDEX('Weekly Plan'!$F$2:$M$79,MATCH(G19,'Weekly Plan'!$F$2:$F$79,0),MATCH($C$2,'Weekly Plan'!$F$2:$M$2,0))) | K19: ='Weekly Plan'!A28 -> 6 | L19: =IFERROR(J19/K19,0) -> 0
A21: KB Components | G21: Miscellaneous
A22: ='Weekly Plan'!F31 -> KB2352 | B22: Stoney Blue | C22: ='Weekly Plan'!G31 -> W12 Roof Top Cover | D22: =IF(INDEX('Weekly Plan'!$F$2:$M$79,MATCH(A22,'Weekly Plan'!$F$2:$F$79,0),MATCH($C$2,'Weekly Plan'!$F$2:$M$2,0))=0,"",INDEX('Weekly Plan'!$F$2:$M$79,MATCH(A22,'Weekly Plan'!$F$2:$F$79,0),MATCH($C$2,'Weekly Plan'!$F$2:$M$2,0))) | E22: ='Weekly Plan'!A31 -> 1 | F22: =IFERROR(D22/E22,0) -> 0 | G22: ='Weekly Plan'!F36 -> PART#1 | J22: =IF(INDEX('Weekly Plan'!$F$2:$M$79,MATCH(G22,'Weekly Plan'!$F$2:$F$79,0),MATCH($C$2,'Weekly Plan'!$F$2:$M$2,0))=0,"",INDEX('Weekly Plan'!$F$2:$M$79,MATCH(G22,'Weekly Plan'!$F$2:$F$79,0),MATCH($C$2,'Weekly Plan'!$F$2:$M$2,0))) | K22: ='Weekly Plan'!A36 -> 0 | L22: =IFERROR(J22/K22,0) -> 0
A23: ='Weekly Plan'!F32 -> KB2369 | B23: Stoney Blue | C23: ='Weekly Plan'!G32 -> W12 Mech Bezel Pod 1 | D23: =IF(INDEX('Weekly Plan'!$F$2:$M$79,MATCH(A23,'Weekly Plan'!$F$2:$F$79,0),MATCH($C$2,'Weekly Plan'!$F$2:$M$2,0))=0,"",INDEX('Weekly Plan'!$F$2:$M$79,MATCH(A23,'Weekly Plan'!$F$2:$F$79,0),MATCH($C$2,'Weekly Plan'!$F$2:$M$2,0))) | E23: ='Weekly Plan'!A32 -> 4 | F23: =IFERROR(D23/E23,0) -> 0 | G23: ='Weekly Plan'!F37 -> PART#2 | J23: =IF(INDEX('Weekly Plan'!$F$2:$M$79,MATCH(G23,'Weekly Plan'!$F$2:$F$79,0),MATCH($C$2,'Weekly Plan'!$F$2:$M$2,0))=0,"",INDEX('Weekly Plan'!$F$2:$M$79,MATCH(G23,'Weekly Plan'!$F$2:$F$79,0),MATCH($C$2,'Weekly Plan'!$F$2:$M$2,0))) | K23: ='Weekly Plan'!A37 -> 0 | L23: =IFERROR(J23/K23,0) -> 0
A24: ='Weekly Plan'!F33 -> KB2370L | B24: Stoney Blue | C24: ='Weekly Plan'!G33 -> W12 LH Cover Body Closeout Pod 5 | D24: =IF(INDEX('Weekly Plan'!$F$2:$M$79,MATCH(A24,'Weekly Plan'!$F$2:$F$79,0),MATCH($C$2,'Weekly Plan'!$F$2:$M$2,0))=0,"",INDEX('Weekly Plan'!$F$2:$M$79,MATCH(A24,'Weekly Plan'!$F$2:$F$79,0),MATCH($C$2,'Weekly Plan'!$F$2:$M$2,0))) | E24: ='Weekly Plan'!A33 -> 4 | F24: =IFERROR(D24/E24,0) -> 0 | G24: ='Weekly Plan'!F38 -> PART#3 | J24: =IF(INDEX('Weekly Plan'!$F$2:$M$79,MATCH(G24,'Weekly Plan'!$F$2:$F$79,0),MATCH($C$2,'Weekly Plan'!$F$2:$M$2,0))=0,"",INDEX('Weekly Plan'!$F$2:$M$79,MATCH(G24,'Weekly Plan'!$F$2:$F$79,0),MATCH($C$2,'Weekly Plan'!$F$2:$M$2,0))) | K24: ='Weekly Plan'!A38 -> 0 | L24: =IFERROR(J24/K24,0) -> 0
A25: ='Weekly Plan'!F34 -> KB2370R | B25: Stoney Blue | C25: ='Weekly Plan'!G34 -> W12 RH Cover Body Closeout Pod 6 | D25: =IF(INDEX('Weekly Plan'!$F$2:$M$79,MATCH(A25,'Weekly Plan'!$F$2:$F$79,0),MATCH($C$2,'Weekly Plan'!$F$2:$M$2,0))=0,"",INDEX('Weekly Plan'!$F$2:$M$79,MATCH(A25,'Weekly Plan'!$F$2:$F$79,0),MATCH($C$2,'Weekly Plan'!$F$2:$M$2,0))) | E25: ='Weekly Plan'!A34 -> 4 | F25: =IFERROR(D25/E25,0) -> 0 | G25: ='Weekly Plan'!F39 -> PART#4 | J25: =IF(INDEX('Weekly Plan'!$F$2:$M$79,MATCH(G25,'Weekly Plan'!$F$2:$F$79,0),MATCH($C$2,'Weekly Plan'!$F$2:$M$2,0))=0,"",INDEX('Weekly Plan'!$F$2:$M$79,MATCH(G25,'Weekly Plan'!$F$2:$F$79,0),MATCH($C$2,'Weekly Plan'!$F$2:$M$2,0))) | K25: ='Weekly Plan'!A39 -> 0 | L25: =IFERROR(J25/K25,0) -> 0
M26: 18
A28: Notes: | G28: Colour | I28: Time (mins)
G29: =A5 -> Black - Laval | I29: =SUM(F6:F11) -> 0
G30: =A15 -> Summit White - Laval | I30: =SUM(F16:F19) -> 0 | M30: 21
G31: =G5 -> Metelix | I31: =SUM(L6:L13) -> 0
G32: =G15 -> Tesla - High Gloss Black | I32: =SUM(L16:L19) -> 0
G33: Stoney Blue | I33: =SUM(D22:D25) -> 0
G34: =G21 -> Miscellaneous | I34: =SUM(L22:L25) -> 0
G36: Total: | I36: =SUM(I29:I35) -> 0 | M36: 4
M37: 2
G38: Gaps | I38: =(COUNTIF(I29:I35, ">0")-1)*(IF(I36>0, 12, 0)) -> 0
M39: 1
G40: Total Time (hrs) | I40: =(I36+I38)/60 -> 0
M41: 4
M42: 2
M43: 1
M44: 1

Sheet Thu (101)
A1: 101 LINE LOAD SHEET | O1: Unprotect Password 6941
C2: THURSDAY | G2: Date: | I2: ='Weekly Plan'!H1+3 -> 46009
A3: Order of Colours: | C3: 1) Summit White 2) Laval Black 3) Tesla Black
A5: Black - Laval | G5: Metelix
A6: ='Weekly Plan'!F4 -> 99944 Bezel | B6: Black | C6: ='Weekly Plan'!G4 -> Bezel | D6: =IF(INDEX('Weekly Plan'!$F$2:$M$79,MATCH(A6,'Weekly Plan'!$F$2:$F$79,0),MATCH($C$2,'Weekly Plan'!$F$2:$M$2,0))=0,"",INDEX('Weekly Plan'!$F$2:$M$79,MATCH(A6,'Weekly Plan'!$F$2:$F$79,0),MATCH($C$2,'Weekly Plan'!$F$2:$M$2,0))) | E6: ='Weekly Plan'!A4 -> 2 | F6: =IFERROR(D6/E6,0) -> 0 | G6: ='Weekly Plan'!F16 -> VG0240BL0PA | I6: ='Weekly Plan'!G16 -> C223 ACCSRY Spoiler | J6: =IF(INDEX('Weekly Plan'!$F$2:$M$79,MATCH(G6,'Weekly Plan'!$F$2:$F$79,0),MATCH($C$2,'Weekly Plan'!$F$2:$M$2,0))=0,"",INDEX('Weekly Plan'!$F$2:$M$79,MATCH(G6,'Weekly Plan'!$F$2:$F$79,0),MATCH($C$2,'Weekly Plan'!$F$2:$M$2,0))) | K6: ='Weekly Plan'!A16 -> 1 | L6: =IFERROR(J6/K6,0) -> 0
A7: ='Weekly Plan'!F5 -> 99633 | B7: Black | C7: ='Weekly Plan'!G5 -> IR Cover LH | D7: =IF(INDEX('Weekly Plan'!$F$2:$M$79,MATCH(A7,'Weekly Plan'!$F$2:$F$79,0),MATCH($C$2,'Weekly Plan'!$F$2:$M$2,0))=0,"",INDEX('Weekly Plan'!$F$2:$M$79,MATCH(A7,'Weekly Plan'!$F$2:$F$79,0),MATCH($C$2,'Weekly Plan'!$F$2:$M$2,0))) | E7: ='Weekly Plan'!A5 -> 20 | F7: =IFERROR(D7/E7,0) -> 0 | G7: ='Weekly Plan'!F17 -> VG0241CM0PB | I7: ='Weekly Plan'!G17 -> Y2XX Stanchion - LH | J7: =IF(INDEX('Weekly Plan'!$F$2:$M$79,MATCH(G7,'Weekly Plan'!$F$2:$F$79,0),MATCH($C$2,'Weekly Plan'!$F$2:$M$2,0))=0,"",INDEX('Weekly Plan'!$F$2:$M$79,MATCH(G7,'Weekly Plan'!$F$2:$F$79,0),MATCH($C$2,'Weekly Plan'!$F$2:$M$2,0))) | K7: ='Weekly Plan'!A17 -> 6 | L7: =IFERROR(J7/K7,0) -> 0
A8: ='Weekly Plan'!F6 -> 99646 | B8: Black | C8: ='Weekly Plan'!G6 -> IR Cover RH | D8: =IF(INDEX('Weekly Plan'!$F$2:$M$79,MATCH(A8,'Weekly Plan'!$F$2:$F$79,0),MATCH($C$2,'Weekly Plan'!$F$2:$M$2,0))=0,"",INDEX('Weekly Plan'!$F$2:$M$79,MATCH(A8,'Weekly Plan'!$F$2:$F$79,0),MATCH($C$2,'Weekly Plan'!$F$2:$M$2,0))) | E8: ='Weekly Plan'!A6 -> 20 | F8: =IFERROR(D8/E8,0) -> 0 | G8: ='Weekly Plan'!F18 -> VG0241CM0PD | I8: ='Weekly Plan'!G18 -> Y2XX Stanchion - RH | J8: =IF(INDEX('Weekly Plan'!$F$2:$M$79,MATCH(G8,'Weekly Plan'!$F$2:$F$79,0),MATCH($C$2,'Weekly Plan'!$F$2:$M$2,0))=0,"",INDEX('Weekly Plan'!$F$2:$M$79,MATCH(G8,'Weekly Plan'!$F$2:$F$79,0),MATCH($C$2,'Weekly Plan'!$F$2:$M$2,0))) | K8: ='Weekly Plan'!A18 -> 6 | L8: =IFERROR(J8/K8,0) -> 0
A9: ='Weekly Plan'!F7 -> 99635 | B9: Black | C9: ='Weekly Plan'!G7 -> Lateral Belt LH | D9: =IF(INDEX('Weekly Plan'!$F$2:$M$79,MATCH(A9,'Weekly Plan'!$F$2:$F$79,0),MATCH($C$2,'Weekly Plan'!$F$2:$M$2,0))=0,"",INDEX('Weekly Plan'!$F$2:$M$79,MATCH(A9,'Weekly Plan'!$F$2:$F$79,0),MATCH($C$2,'Weekly Plan'!$F$2:$M$2,0))) | E9: ='Weekly Plan'!A7 -> 6 | F9: =IFERROR(D9/E9,0) -> 0 | G9: ='Weekly Plan'!F19 -> VG0241CM0PC | I9: ='Weekly Plan'!G19 -> Y2XX Stanchion - Center | J9: =IF(INDEX('Weekly Plan'!$F$2:$M$79,MATCH(G9,'Weekly Plan'!$F$2:$F$79,0),MATCH($C$2,'Weekly Plan'!$F$2:$M$2,0))=0,"",INDEX('Weekly Plan'!$F$2:$M$79,MATCH(G9,'Weekly Plan'!$F$2:$F$79,0),MATCH($C$2,'Weekly Plan'!$F$2:$M$2,0))) | K9: ='Weekly Plan'!A19 -> 6 | L9: =IFERROR(J9/K9,0) -> 0
A10: ='Weekly Plan'!F8 -> 99944 | B10: Black | C10: ='Weekly Plan'!G8 -> Lateral Belt RH | D10: =IF(INDEX('Weekly Plan'!$F$2:$M$79,MATCH(A10,'Weekly Plan'!$F$2:$F$79,0),MATCH($C$2,'Weekly Plan'!$F$2:$M$2,0))=0,"",INDEX('Weekly Plan'!$F$2:$M$79,MATCH(A10,'Weekly Plan'!$F$2:$F$79,0),MATCH($C$2,'Weekly Plan'!$F$2:$M$2,0))) | E10: ='Weekly Plan'!A8 -> 6 | F10: =IFERROR(D10/E10,0) -> 0 | G10: ='Weekly Plan'!F20 -> VG0241CM0PE | I10: ='Weekly Plan'!G20 -> Y2XX Winglet -LH | J10: =IF(INDEX('Weekly Plan'!$F$2:$M$79,MATCH(G10,'Weekly Plan'!$F$2:$F$79,0),MATCH($C$2,'Weekly Plan'!$F$2:$M$2,0))=0,"",INDEX('Weekly Plan'!$F$2:$M$79,MATCH(G10,'Weekly Plan'!$F$2:$F$79,0),MATCH($C$2,'Weekly Plan'!$F$2:$M$2,0))) | K10: ='Weekly Plan'!A20 -> 0 | L10: =IFERROR(J12/K10,0) -> 0
A11: ='Weekly Plan'!F9 -> 99636 | B11: Black | C11: ='Weekly Plan'!G9 -> Rear Belt | D11: =IF(INDEX('Weekly Plan'!$F$2:$M$79,MATCH(A11,'Weekly Plan'!$F$2:$F$79,0),MATCH($C$2,'Weekly Plan'!$F$2:$M$2,0))=0,"",INDEX('Weekly Plan'!$F$2:$M$79,MATCH(A11,'Weekly Plan'!$F$2:$F$79,0),MATCH($C$2,'Weekly Plan'!$F$2:$M$2,0))) | E11: ='Weekly Plan'!A9 -> 20 | F11: =IFERROR(D11/E11,0) -> 0 | G11: ='Weekly Plan'!F21 -> VG0241CM0PF | I11: ='Weekly Plan'!G21 -> Y2XX Winglet -RH | J11: =IF(INDEX('Weekly Plan'!$F$2:$M$79,MATCH(G11,'Weekly Plan'!$F$2:$F$79,0),MATCH($C$2,'Weekly Plan'!$F$2:$M$2,0))=0,"",INDEX('Weekly Plan'!$F$2:$M$79,MATCH(G11,'Weekly Plan'!$F$2:$F$79,0),MATCH($C$2,'Weekly Plan'!$F$2:$M$2,0))) | K11: ='Weekly Plan'!A21 -> 0 | L11: =IFERROR(J13/K11,0) -> 0
G12: ='Weekly Plan'!F22 -> VG0241CM0PG | I12: ='Weekly Plan'!G22 -> Y2XX Screw Cover - LH | J12: =IF(INDEX('Weekly Plan'!$F$2:$M$79,MATCH(G12,'Weekly Plan'!$F$2:$F$79,0),MATCH($C$2,'Weekly Plan'!$F$2:$M$2,0))=0,"",INDEX('Weekly Plan'!$F$2:$M$79,MATCH(G12,'Weekly Plan'!$F$2:$F$79,0),MATCH($C$2,'Weekly Plan'!$F$2:$M$2,0))) | K12: ='Weekly Plan'!A22 -> 20 | L12: =IFERROR(J14/K12,0) -> 0
G13: ='Weekly Plan'!F23 -> VG0241CM0PH | I13: ='Weekly Plan'!G23 -> Y2XX Screw Cover - RH | J13: =IF(INDEX('Weekly Plan'!$F$2:$M$79,MATCH(G13,'Weekly Plan'!$F$2:$F$79,0),MATCH($C$2,'Weekly Plan'!$F$2:$M$2,0))=0,"",INDEX('Weekly Plan'!$F$2:$M$79,MATCH(G13,'Weekly Plan'!$F$2:$F$79,0),MATCH($C$2,'Weekly Plan'!$F$2:$M$2,0))) | K13: ='Weekly Plan'!A23 -> 20 | L13: =IFERROR(J15/K13,0) -> 0
A15: Summit White - Laval | G15: Tesla - High Gloss Black
A16: ='Weekly Plan'!F11 -> 99629 | B16: Summit White | C16: ='Weekly Plan'!G11 -> Main Lower Cover | D16: =IF(INDEX('Weekly Plan'!$F$2:$M$79,MATCH(A16,'Weekly Plan'!$F$2:$F$79,0),MATCH($C$2,'Weekly Plan'!$F$2:$M$2,0))=0,"",INDEX('Weekly Plan'!$F$2:$M$79,MATCH(A16,'Weekly Plan'!$F$2:$F$79,0),MATCH($C$2,'Weekly Plan'!$F$2:$M$2,0))) | E16: ='Weekly Plan'!A11 -> 1 | F16: =IFERROR(D16/E16,0) -> 0 | G16: ='Weekly Plan'!F25 -> 9405929P | I16: ='Weekly Plan'!G25 -> MX Applique | J16: =IF(INDEX('Weekly Plan'!$F$2:$M$79,MATCH(G16,'Weekly Plan'!$F$2:$F$79,0),MATCH($C$2,'Weekly Plan'!$F$2:$M$2,0))=0,"",INDEX('Weekly Plan'!$F$2:$M$79,MATCH(G16,'Weekly Plan'!$F$2:$F$79,0),MATCH($C$2,'Weekly Plan'!$F$2:$M$2,0))) | K16: ='Weekly Plan'!A25 -> 6 | L16: =IFERROR(J16/K16,0) -> 0
A17: ='Weekly Plan'!F12 -> 99631 | B17: Summit White | C17: ='Weekly Plan'!G12 -> Main Upper Cover | D17: =IF(INDEX('Weekly Plan'!$F$2:$M$79,MATCH(A17,'Weekly Plan'!$F$2:$F$79,0),MATCH($C$2,'Weekly Plan'!$F$2:$M$2,0))=0,"",INDEX('Weekly Plan'!$F$2:$M$79,MATCH(A17,'Weekly Plan'!$F$2:$F$79,0),MATCH($C$2,'Weekly Plan'!$F$2:$M$2,0))) | E17: ='Weekly Plan'!A12 -> 1 | F17: =IFERROR(D17/E17,0) -> 0 | G17: ='Weekly Plan'!F26 -> 9405930P | I17: ='Weekly Plan'!G26 -> MS Applique | J17: =IF(INDEX('Weekly Plan'!$F$2:$M$79,MATCH(G17,'Weekly Plan'!$F$2:$F$79,0),MATCH($C$2,'Weekly Plan'!$F$2:$M$2,0))=0,"",INDEX('Weekly Plan'!$F$2:$M$79,MATCH(G17,'Weekly Plan'!$F$2:$F$79,0),MATCH($C$2,'Weekly Plan'!$F$2:$M$2,0))) | K17: ='Weekly Plan'!A26 -> 6 | L17: =IFERROR(J17/K17,0) -> 0
A18: ='Weekly Plan'!F13 -> 99638 | B18: Summit White | C18: ='Weekly Plan'!G13 -> Rear Plate | D18: =IF(INDEX('Weekly Plan'!$F$2:$M$79,MATCH(A18,'Weekly Plan'!$F$2:$F$79,0),MATCH($C$2,'Weekly Plan'!$F$2:$M$2,0))=0,"",INDEX('Weekly Plan'!$F$2:$M$79,MATCH(A18,'Weekly Plan'!$F$2:$F$79,0),MATCH($C$2,'Weekly Plan'!$F$2:$M$2,0))) | E18: ='Weekly Plan'!A13 -> 20 | F18: =IFERROR(D18/E18,0) -> 0 | G18: ='Weekly Plan'!F27 -> 9405929P-REW | I18: ='Weekly Plan'!G27 -> MX Applique Rework | J18: =IF(INDEX('Weekly Plan'!$F$2:$M$79,MATCH(G18,'Weekly Plan'!$F$2:$F$79,0),MATCH($C$2,'Weekly Plan'!$F$2:$M$2,0))=0,"",INDEX('Weekly Plan'!$F$2:$M$79,MATCH(G18,'Weekly Plan'!$F$2:$F$79,0),MATCH($C$2,'Weekly Plan'!$F$2:$M$2,0))) | K18: ='Weekly Plan'!A27 -> 6 | L18: =IFERROR(J18/K18,0) -> 0
A19: ='Weekly Plan'!F14 -> 99630 | B19: Summit White | C19: ='Weekly Plan'!G14 -> Vent Cover | D19: =IF(INDEX('Weekly Plan'!$F$2:$M$79,MATCH(A19,'Weekly Plan'!$F$2:$F$79,0),MATCH($C$2,'Weekly Plan'!$F$2:$M$2,0))=0,"",INDEX('Weekly Plan'!$F$2:$M$79,MATCH(A19,'Weekly Plan'!$F$2:$F$79,0),MATCH($C$2,'Weekly Plan'!$F$2:$M$2,0))) | E19: ='Weekly Plan'!A14 -> 1 | F19: =IFERROR(D19/E19,0) -> 0 | G19: ='Weekly Plan'!F28 -> 9405930P-REW | I19: ='Weekly Plan'!G28 -> MS Applique Rework | J19: =IF(INDEX('Weekly Plan'!$F$2:$M$79,MATCH(G19,'Weekly Plan'!$F$2:$F$79,0),MATCH($C$2,'Weekly Plan'!$F$2:$M$2,0))=0,"",INDEX('Weekly Plan'!$F$2:$M$79,MATCH(G19,'Weekly Plan'!$F$2:$F$79,0),MATCH($C$2,'Weekly Plan'!$F$2:$M$2,0))) | K19: ='Weekly Plan'!A28 -> 6 | L19: =IFERROR(J19/K19,0) -> 0
A21: KB Components | G21: Miscellaneous
A22: ='Weekly Plan'!F31 -> KB2352 | B22: Stoney Blue | C22: ='Weekly Plan'!G31 -> W12 Roof Top Cover | D22: =IF(INDEX('Weekly Plan'!$F$2:$M$79,MATCH(A22,'Weekly Plan'!$F$2:$F$79,0),MATCH($C$2,'Weekly Plan'!$F$2:$M$2,0))=0,"",INDEX('Weekly Plan'!$F$2:$M$79,MATCH(A22,'Weekly Plan'!$F$2:$F$79,0),MATCH($C$2,'Weekly Plan'!$F$2:$M$2,0))) | E22: ='Weekly Plan'!A31 -> 1 | F22: =IFERROR(D22/E22,0) -> 0 | G22: ='Weekly Plan'!F36 -> PART#1 | J22: =IF(INDEX('Weekly Plan'!$F$2:$M$79,MATCH(G22,'Weekly Plan'!$F$2:$F$79,0),MATCH($C$2,'Weekly Plan'!$F$2:$M$2,0))=0,"",INDEX('Weekly Plan'!$F$2:$M$79,MATCH(G22,'Weekly Plan'!$F$2:$F$79,0),MATCH($C$2,'Weekly Plan'!$F$2:$M$2,0))) | K22: ='Weekly Plan'!A36 -> 0 | L22: =IFERROR(J22/K22,0) -> 0
A23: ='Weekly Plan'!F32 -> KB2369 | B23: Stoney Blue | C23: ='Weekly Plan'!G32 -> W12 Mech Bezel Pod 1 | D23: =IF(INDEX('Weekly Plan'!$F$2:$M$79,MATCH(A23,'Weekly Plan'!$F$2:$F$79,0),MATCH($C$2,'Weekly Plan'!$F$2:$M$2,0))=0,"",INDEX('Weekly Plan'!$F$2:$M$79,MATCH(A23,'Weekly Plan'!$F$2:$F$79,0),MATCH($C$2,'Weekly Plan'!$F$2:$M$2,0))) | E23: ='Weekly Plan'!A32 -> 4 | F23: =IFERROR(D23/E23,0) -> 0 | G23: ='Weekly Plan'!F37 -> PART#2 | J23: =IF(INDEX('Weekly Plan'!$F$2:$M$79,MATCH(G23,'Weekly Plan'!$F$2:$F$79,0),MATCH($C$2,'Weekly Plan'!$F$2:$M$2,0))=0,"",INDEX('Weekly Plan'!$F$2:$M$79,MATCH(G23,'Weekly Plan'!$F$2:$F$79,0),MATCH($C$2,'Weekly Plan'!$F$2:$M$2,0))) | K23: ='Weekly Plan'!A37 -> 0 | L23: =IFERROR(J23/K23,0) -> 0
A24: ='Weekly Plan'!F33 -> KB2370L | B24: Stoney Blue | C24: ='Weekly Plan'!G33 -> W12 LH Cover Body Closeout Pod 5 | D24: =IF(INDEX('Weekly Plan'!$F$2:$M$79,MATCH(A24,'Weekly Plan'!$F$2:$F$79,0),MATCH($C$2,'Weekly Plan'!$F$2:$M$2,0))=0,"",INDEX('Weekly Plan'!$F$2:$M$79,MATCH(A24,'Weekly Plan'!$F$2:$F$79,0),MATCH($C$2,'Weekly Plan'!$F$2:$M$2,0))) | E24: ='Weekly Plan'!A33 -> 4 | F24: =IFERROR(D24/E24,0) -> 0 | G24: ='Weekly Plan'!F38 -> PART#3 | J24: =IF(INDEX('Weekly Plan'!$F$2:$M$79,MATCH(G24,'Weekly Plan'!$F$2:$F$79,0),MATCH($C$2,'Weekly Plan'!$F$2:$M$2,0))=0,"",INDEX('Weekly Plan'!$F$2:$M$79,MATCH(G24,'Weekly Plan'!$F$2:$F$79,0),MATCH($C$2,'Weekly Plan'!$F$2:$M$2,0))) | K24: ='Weekly Plan'!A38 -> 0 | L24: =IFERROR(J24/K24,0) -> 0
A25: ='Weekly Plan'!F34 -> KB2370R | B25: Stoney Blue | C25: ='Weekly Plan'!G34 -> W12 RH Cover Body Closeout Pod 6 | D25: =IF(INDEX('Weekly Plan'!$F$2:$M$79,MATCH(A25,'Weekly Plan'!$F$2:$F$79,0),MATCH($C$2,'Weekly Plan'!$F$2:$M$2,0))=0,"",INDEX('Weekly Plan'!$F$2:$M$79,MATCH(A25,'Weekly Plan'!$F$2:$F$79,0),MATCH($C$2,'Weekly Plan'!$F$2:$M$2,0))) | E25: ='Weekly Plan'!A34 -> 4 | F25: =IFERROR(D25/E25,0) -> 0 | G25: ='Weekly Plan'!F39 -> PART#4 | J25: =IF(INDEX('Weekly Plan'!$F$2:$M$79,MATCH(G25,'Weekly Plan'!$F$2:$F$79,0),MATCH($C$2,'Weekly Plan'!$F$2:$M$2,0))=0,"",INDEX('Weekly Plan'!$F$2:$M$79,MATCH(G25,'Weekly Plan'!$F$2:$F$79,0),MATCH($C$2,'Weekly Plan'!$F$2:$M$2,0))) | K25: ='Weekly Plan'!A39 -> 0 | L25: =IFERROR(J25/K25,0) -> 0
M26: 18
A28: Notes: | G28: Colour | I28: Time (mins)
G29: Black - Laval | I29: =SUM(F6:F11) -> 0
G30: Summit White - Laval | I30: =SUM(F16:F19) -> 0 | M30: 21
G31: Metelix | I31: =SUM(L6:L13) -> 0
G32: Tesla - High Gloss Black | I32: =SUM(L16:L19) -> 0
G33: Stoney Blue | I33: =SUM(D22:D25) -> 0
G34: Miscellaneous | I34: =SUM(L22:L25) -> 0
G36: Total: | I36: =SUM(I29:I35) -> 0 | M36: 4
M37: 2
G38: Gaps | I38: =(COUNTIF(I29:I35, ">0")-1)*(IF(I36>0, 12, 0)) -> 0
M39: 1
G40: Total Time (hrs) | I40: =(I36+I38)/60 -> 0

Sheet Fri (101)
A1: 101 LINE LOAD SHEET | O1: Unprotect Password 6941
C2: FRIDAY | G2: Date: | I2: ='Weekly Plan'!H1+4 -> 46010
A3: Order of Colours: | C3: 1) Summit White 2) Laval Black 3) Tesla Black rework 4) Carbon Flash
A5: Black - Laval | G5: Metelix
A6: ='Weekly Plan'!F4 -> 99944 Bezel | B6: Black | C6: ='Weekly Plan'!G4 -> Bezel | D6: =IF(INDEX('Weekly Plan'!$F$2:$M$79,MATCH(A6,'Weekly Plan'!$F$2:$F$79,0),MATCH($C$2,'Weekly Plan'!$F$2:$M$2,0))=0,"",INDEX('Weekly Plan'!$F$2:$M$79,MATCH(A6,'Weekly Plan'!$F$2:$F$79,0),MATCH($C$2,'Weekly Plan'!$F$2:$M$2,0))) | E6: ='Weekly Plan'!A4 -> 2 | F6: =IFERROR(D6/E6,0) -> 0 | G6: ='Weekly Plan'!F16 -> VG0240BL0PA | I6: ='Weekly Plan'!G16 -> C223 ACCSRY Spoiler | J6: =IF(INDEX('Weekly Plan'!$F$2:$M$79,MATCH(G6,'Weekly Plan'!$F$2:$F$79,0),MATCH($C$2,'Weekly Plan'!$F$2:$M$2,0))=0,"",INDEX('Weekly Plan'!$F$2:$M$79,MATCH(G6,'Weekly Plan'!$F$2:$F$79,0),MATCH($C$2,'Weekly Plan'!$F$2:$M$2,0))) | K6: ='Weekly Plan'!A16 -> 1 | L6: =IFERROR(J6/K6,0) -> 0
A7: ='Weekly Plan'!F5 -> 99633 | B7: Black | C7: ='Weekly Plan'!G5 -> IR Cover LH | E7: ='Weekly Plan'!A5 -> 20 | F7: =IFERROR(D7/E7,0) -> 0 | G7: ='Weekly Plan'!F17 -> VG0241CM0PB | I7: ='Weekly Plan'!G17 -> Y2XX Stanchion - LH | J7: =IF(INDEX('Weekly Plan'!$F$2:$M$79,MATCH(G7,'Weekly Plan'!$F$2:$F$79,0),MATCH($C$2,'Weekly Plan'!$F$2:$M$2,0))=0,"",INDEX('Weekly Plan'!$F$2:$M$79,MATCH(G7,'Weekly Plan'!$F$2:$F$79,0),MATCH($C$2,'Weekly Plan'!$F$2:$M$2,0))) | K7: ='Weekly Plan'!A17 -> 6 | L7: =IFERROR(J7/K7,0) -> 0
A8: ='Weekly Plan'!F6 -> 99646 | B8: Black | C8: ='Weekly Plan'!G6 -> IR Cover RH | E8: ='Weekly Plan'!A6 -> 20 | F8: =IFERROR(D8/E8,0) -> 0 | G8: ='Weekly Plan'!F18 -> VG0241CM0PD | I8: ='Weekly Plan'!G18 -> Y2XX Stanchion - RH | J8: =IF(INDEX('Weekly Plan'!$F$2:$M$79,MATCH(G8,'Weekly Plan'!$F$2:$F$79,0),MATCH($C$2,'Weekly Plan'!$F$2:$M$2,0))=0,"",INDEX('Weekly Plan'!$F$2:$M$79,MATCH(G8,'Weekly Plan'!$F$2:$F$79,0),MATCH($C$2,'Weekly Plan'!$F$2:$M$2,0))) | K8: ='Weekly Plan'!A18 -> 6 | L8: =IFERROR(J8/K8,0) -> 0
A9: ='Weekly Plan'!F7 -> 99635 | B9: Black | C9: ='Weekly Plan'!G7 -> Lateral Belt LH | E9: ='Weekly Plan'!A7 -> 6 | F9: =IFERROR(D9/E9,0) -> 0 | G9: ='Weekly Plan'!F19 -> VG0241CM0PC | I9: ='Weekly Plan'!G19 -> Y2XX Stanchion - Center | K9: ='Weekly Plan'!A19 -> 6 | L9: =IFERROR(J9/K9,0) -> 0
A10: ='Weekly Plan'!F8 -> 99944 | B10: Black | C10: ='Weekly Plan'!G8 -> Lateral Belt RH | E10: ='Weekly Plan'!A8 -> 6 | F10: =IFERROR(D10/E10,0) -> 0 | G10: ='Weekly Plan'!F20 -> VG0241CM0PE | I10: ='Weekly Plan'!G20 -> Y2XX Winglet -LH | K10: ='Weekly Plan'!A20 -> 0 | L10: =IFERROR(J12/K10,0) -> 0
A11: ='Weekly Plan'!F9 -> 99636 | B11: Black | C11: ='Weekly Plan'!G9 -> Rear Belt | D11: =IF(INDEX('Weekly Plan'!$F$2:$M$79,MATCH(A11,'Weekly Plan'!$F$2:$F$79,0),MATCH($C$2,'Weekly Plan'!$F$2:$M$2,0))=0,"",INDEX('Weekly Plan'!$F$2:$M$79,MATCH(A11,'Weekly Plan'!$F$2:$F$79,0),MATCH($C$2,'Weekly Plan'!$F$2:$M$2,0))) | E11: ='Weekly Plan'!A9 -> 20 | F11: =IFERROR(D11/E11,0) -> 0 | G11: ='Weekly Plan'!F21 -> VG0241CM0PF | I11: ='Weekly Plan'!G21 -> Y2XX Winglet -RH | K11: ='Weekly Plan'!A21 -> 0 | L11: =IFERROR(J13/K11,0) -> 0
G12: ='Weekly Plan'!F22 -> VG0241CM0PG | I12: ='Weekly Plan'!G22 -> Y2XX Screw Cover - LH | K12: ='Weekly Plan'!A22 -> 20 | L12: =IFERROR(J14/K12,0) -> 0
G13: ='Weekly Plan'!F23 -> VG0241CM0PH | I13: ='Weekly Plan'!G23 -> Y2XX Screw Cover - RH | J13: =IF(INDEX('Weekly Plan'!$F$2:$M$79,MATCH(G13,'Weekly Plan'!$F$2:$F$79,0),MATCH($C$2,'Weekly Plan'!$F$2:$M$2,0))=0,"",INDEX('Weekly Plan'!$F$2:$M$79,MATCH(G13,'Weekly Plan'!$F$2:$F$79,0),MATCH($C$2,'Weekly Plan'!$F$2:$M$2,0))) | K13: ='Weekly Plan'!A23 -> 20 | L13: =IFERROR(J15/K13,0) -> 0
A15: Summit White - Laval | G15: Tesla - High Gloss Black
A16: ='Weekly Plan'!F11 -> 99629 | B16: Summit White | C16: ='Weekly Plan'!G11 -> Main Lower Cover | D16: =IF(INDEX('Weekly Plan'!$F$2:$M$79,MATCH(A16,'Weekly Plan'!$F$2:$F$79,0),MATCH($C$2,'Weekly Plan'!$F$2:$M$2,0))=0,"",INDEX('Weekly Plan'!$F$2:$M$79,MATCH(A16,'Weekly Plan'!$F$2:$F$79,0),MATCH($C$2,'Weekly Plan'!$F$2:$M$2,0))) | E16: ='Weekly Plan'!A11 -> 1 | F16: =IFERROR(D16/E16,0) -> 0 | G16: ='Weekly Plan'!F25 -> 9405929P | I16: ='Weekly Plan'!G25 -> MX Applique | J16: =IF(INDEX('Weekly Plan'!$F$2:$M$79,MATCH(G16,'Weekly Plan'!$F$2:$F$79,0),MATCH($C$2,'Weekly Plan'!$F$2:$M$2,0))=0,"",INDEX('Weekly Plan'!$F$2:$M$79,MATCH(G16,'Weekly Plan'!$F$2:$F$79,0),MATCH($C$2,'Weekly Plan'!$F$2:$M$2,0))) | K16: ='Weekly Plan'!A25 -> 6 | L16: =IFERROR(J16/K16,0) -> 0
A17: ='Weekly Plan'!F12 -> 99631 | B17: Summit White | C17: ='Weekly Plan'!G12 -> Main Upper Cover | D17: =IF(INDEX('Weekly Plan'!$F$2:$M$79,MATCH(A17,'Weekly Plan'!$F$2:$F$79,0),MATCH($C$2,'Weekly Plan'!$F$2:$M$2,0))=0,"",INDEX('Weekly Plan'!$F$2:$M$79,MATCH(A17,'Weekly Plan'!$F$2:$F$79,0),MATCH($C$2,'Weekly Plan'!$F$2:$M$2,0))) | E17: ='Weekly Plan'!A12 -> 1 | F17: =IFERROR(D17/E17,0) -> 0 | G17: ='Weekly Plan'!F26 -> 9405930P | I17: ='Weekly Plan'!G26 -> MS Applique | J17: =IF(INDEX('Weekly Plan'!$F$2:$M$79,MATCH(G17,'Weekly Plan'!$F$2:$F$79,0),MATCH($C$2,'Weekly Plan'!$F$2:$M$2,0))=0,"",INDEX('Weekly Plan'!$F$2:$M$79,MATCH(G17,'Weekly Plan'!$F$2:$F$79,0),MATCH($C$2,'Weekly Plan'!$F$2:$M$2,0))) | K17: ='Weekly Plan'!A26 -> 6 | L17: =IFERROR(J17/K17,0) -> 0
A18: ='Weekly Plan'!F13 -> 99638 | B18: Summit White | C18: ='Weekly Plan'!G13 -> Rear Plate | D18: =IF(INDEX('Weekly Plan'!$F$2:$M$79,MATCH(A18,'Weekly Plan'!$F$2:$F$79,0),MATCH($C$2,'Weekly Plan'!$F$2:$M$2,0))=0,"",INDEX('Weekly Plan'!$F$2:$M$79,MATCH(A18,'Weekly Plan'!$F$2:$F$79,0),MATCH($C$2,'Weekly Plan'!$F$2:$M$2,0))) | E18: ='Weekly Plan'!A13 -> 20 | F18: =IFERROR(D18/E18,0) -> 0 | G18: ='Weekly Plan'!F27 -> 9405929P-REW | I18: ='Weekly Plan'!G27 -> MX Applique Rework | J18: =IF(INDEX('Weekly Plan'!$F$2:$M$79,MATCH(G18,'Weekly Plan'!$F$2:$F$79,0),MATCH($C$2,'Weekly Plan'!$F$2:$M$2,0))=0,"",INDEX('Weekly Plan'!$F$2:$M$79,MATCH(G18,'Weekly Plan'!$F$2:$F$79,0),MATCH($C$2,'Weekly Plan'!$F$2:$M$2,0))) | K18: ='Weekly Plan'!A27 -> 6 | L18: =IFERROR(J18/K18,0) -> 0
A19: ='Weekly Plan'!F14 -> 99630 | B19: Summit White | C19: ='Weekly Plan'!G14 -> Vent Cover | D19: =IF(INDEX('Weekly Plan'!$F$2:$M$79,MATCH(A19,'Weekly Plan'!$F$2:$F$79,0),MATCH($C$2,'Weekly Plan'!$F$2:$M$2,0))=0,"",INDEX('Weekly Plan'!$F$2:$M$79,MATCH(A19,'Weekly Plan'!$F$2:$F$79,0),MATCH($C$2,'Weekly Plan'!$F$2:$M$2,0))) | E19: ='Weekly Plan'!A14 -> 1 | F19: =IFERROR(D19/E19,0) -> 0 | G19: ='Weekly Plan'!F28 -> 9405930P-REW | I19: ='Weekly Plan'!G28 -> MS Applique Rework | J19: =IF(INDEX('Weekly Plan'!$F$2:$M$79,MATCH(G19,'Weekly Plan'!$F$2:$F$79,0),MATCH($C$2,'Weekly Plan'!$F$2:$M$2,0))=0,"",INDEX('Weekly Plan'!$F$2:$M$79,MATCH(G19,'Weekly Plan'!$F$2:$F$79,0),MATCH($C$2,'Weekly Plan'!$F$2:$M$2,0))) | K19: ='Weekly Plan'!A28 -> 6 | L19: =IFERROR(J19/K19,0) -> 0
A21: KB Components | G21: Miscellaneous
A22: ='Weekly Plan'!F31 -> KB2352 | B22: Stoney Blue | C22: ='Weekly Plan'!G31 -> W12 Roof Top Cover | D22: =IF(INDEX('Weekly Plan'!$F$2:$M$79,MATCH(A22,'Weekly Plan'!$F$2:$F$79,0),MATCH($C$2,'Weekly Plan'!$F$2:$M$2,0))=0,"",INDEX('Weekly Plan'!$F$2:$M$79,MATCH(A22,'Weekly Plan'!$F$2:$F$79,0),MATCH($C$2,'Weekly Plan'!$F$2:$M$2,0))) | E22: ='Weekly Plan'!A31 -> 1 | F22: =IFERROR(D22/E22,0) -> 0 | G22: ='Weekly Plan'!F36 -> PART#1 | J22: =IF(INDEX('Weekly Plan'!$F$2:$M$79,MATCH(G22,'Weekly Plan'!$F$2:$F$79,0),MATCH($C$2,'Weekly Plan'!$F$2:$M$2,0))=0,"",INDEX('Weekly Plan'!$F$2:$M$79,MATCH(G22,'Weekly Plan'!$F$2:$F$79,0),MATCH($C$2,'Weekly Plan'!$F$2:$M$2,0))) | K22: ='Weekly Plan'!A36 -> 0 | L22: =IFERROR(J22/K22,0) -> 0
A23: ='Weekly Plan'!F32 -> KB2369 | B23: Stoney Blue | C23: ='Weekly Plan'!G32 -> W12 Mech Bezel Pod 1 | D23: =IF(INDEX('Weekly Plan'!$F$2:$M$79,MATCH(A23,'Weekly Plan'!$F$2:$F$79,0),MATCH($C$2,'Weekly Plan'!$F$2:$M$2,0))=0,"",INDEX('Weekly Plan'!$F$2:$M$79,MATCH(A23,'Weekly Plan'!$F$2:$F$79,0),MATCH($C$2,'Weekly Plan'!$F$2:$M$2,0))) | E23: ='Weekly Plan'!A32 -> 4 | F23: =IFERROR(D23/E23,0) -> 0 | G23: ='Weekly Plan'!F37 -> PART#2 | J23: =IF(INDEX('Weekly Plan'!$F$2:$M$79,MATCH(G23,'Weekly Plan'!$F$2:$F$79,0),MATCH($C$2,'Weekly Plan'!$F$2:$M$2,0))=0,"",INDEX('Weekly Plan'!$F$2:$M$79,MATCH(G23,'Weekly Plan'!$F$2:$F$79,0),MATCH($C$2,'Weekly Plan'!$F$2:$M$2,0))) | K23: ='Weekly Plan'!A37 -> 0 | L23: =IFERROR(J23/K23,0) -> 0
A24: ='Weekly Plan'!F33 -> KB2370L | B24: Stoney Blue | C24: ='Weekly Plan'!G33 -> W12 LH Cover Body Closeout Pod 5 | D24: =IF(INDEX('Weekly Plan'!$F$2:$M$79,MATCH(A24,'Weekly Plan'!$F$2:$F$79,0),MATCH($C$2,'Weekly Plan'!$F$2:$M$2,0))=0,"",INDEX('Weekly Plan'!$F$2:$M$79,MATCH(A24,'Weekly Plan'!$F$2:$F$79,0),MATCH($C$2,'Weekly Plan'!$F$2:$M$2,0))) | E24: ='Weekly Plan'!A33 -> 4 | F24: =IFERROR(D24/E24,0) -> 0 | G24: ='Weekly Plan'!F38 -> PART#3 | J24: =IF(INDEX('Weekly Plan'!$F$2:$M$79,MATCH(G24,'Weekly Plan'!$F$2:$F$79,0),MATCH($C$2,'Weekly Plan'!$F$2:$M$2,0))=0,"",INDEX('Weekly Plan'!$F$2:$M$79,MATCH(G24,'Weekly Plan'!$F$2:$F$79,0),MATCH($C$2,'Weekly Plan'!$F$2:$M$2,0))) | K24: ='Weekly Plan'!A38 -> 0 | L24: =IFERROR(J24/K24,0) -> 0
A25: ='Weekly Plan'!F34 -> KB2370R | B25: Stoney Blue | C25: ='Weekly Plan'!G34 -> W12 RH Cover Body Closeout Pod 6 | D25: =IF(INDEX('Weekly Plan'!$F$2:$M$79,MATCH(A25,'Weekly Plan'!$F$2:$F$79,0),MATCH($C$2,'Weekly Plan'!$F$2:$M$2,0))=0,"",INDEX('Weekly Plan'!$F$2:$M$79,MATCH(A25,'Weekly Plan'!$F$2:$F$79,0),MATCH($C$2,'Weekly Plan'!$F$2:$M$2,0))) | E25: ='Weekly Plan'!A34 -> 4 | F25: =IFERROR(D25/E25,0) -> 0 | G25: ='Weekly Plan'!F39 -> PART#4 | J25: =IF(INDEX('Weekly Plan'!$F$2:$M$79,MATCH(G25,'Weekly Plan'!$F$2:$F$79,0),MATCH($C$2,'Weekly Plan'!$F$2:$M$2,0))=0,"",INDEX('Weekly Plan'!$F$2:$M$79,MATCH(G25,'Weekly Plan'!$F$2:$F$79,0),MATCH($C$2,'Weekly Plan'!$F$2:$M$2,0))) | K25: ='Weekly Plan'!A39 -> 0 | L25: =IFERROR(J25/K25,0) -> 0
M26: 18
A28: Notes: | G28: Colour | I28: Time (mins)
G29: =A5 -> Black - Laval | I29: =SUM(F6:F11) -> 0
G30: =A15 -> Summit White - Laval | I30: =SUM(F16:F19) -> 0 | M30: 21
G31: =G5 -> Metelix | I31: =SUM(L6:L13) -> 0
G32: =G15 -> Tesla - High Gloss Black | I32: =SUM(L16:L19) -> 0
G33: Stoney Blue | I33: =SUM(D22:D25) -> 0
G34: =G21 -> Miscellaneous | I34: =SUM(L22:L25) -> 0
G36: Total: | I36: =SUM(I29:I35) -> 0 | M36: 4
M37: 2
G38: Gaps | I38: =(COUNTIF(I29:I35, ">0")-1)*(IF(I36>0, 12, 0)) -> 0
M39: 1
G40: Total Time (hrs) | I40: =(I36+I38)/60 -> 0
M41: 4
M42: 2
M43: 1
M44: 1

Sheet Sat (101)
A1: 101 LINE LOAD SHEET
C2: SATURDAY | G2: Date: | I2: ='Weekly Plan'!H1+5 -> 46011
A3: Order of Colours:
A5: Black - Laval | G5: Metelix
A6: ='Weekly Plan'!F4 -> 99944 Bezel | B6: Black | C6: ='Weekly Plan'!G4 -> Bezel | D6: =IF(INDEX('Weekly Plan'!$F$2:$M$79,MATCH(A6,'Weekly Plan'!$F$2:$F$79,0),MATCH($C$2,'Weekly Plan'!$F$2:$M$2,0))=0,"",INDEX('Weekly Plan'!$F$2:$M$79,MATCH(A6,'Weekly Plan'!$F$2:$F$79,0),MATCH($C$2,'Weekly Plan'!$F$2:$M$2,0))) | E6: ='Weekly Plan'!A4 -> 2 | F6: =IFERROR(D6/E6,0) -> 0 | G6: ='Weekly Plan'!F16 -> VG0240BL0PA | I6: ='Weekly Plan'!G16 -> C223 ACCSRY Spoiler | J6: =IF(INDEX('Weekly Plan'!$F$2:$M$79,MATCH(G6,'Weekly Plan'!$F$2:$F$79,0),MATCH($C$2,'Weekly Plan'!$F$2:$M$2,0))=0,"",INDEX('Weekly Plan'!$F$2:$M$79,MATCH(G6,'Weekly Plan'!$F$2:$F$79,0),MATCH($C$2,'Weekly Plan'!$F$2:$M$2,0))) | K6: ='Weekly Plan'!A16 -> 1 | L6: =IFERROR(J6/K6,0) -> 0
A7: ='Weekly Plan'!F5 -> 99633 | B7: Black | C7: ='Weekly Plan'!G5 -> IR Cover LH | D7: =IF(INDEX('Weekly Plan'!$F$2:$M$79,MATCH(A7,'Weekly Plan'!$F$2:$F$79,0),MATCH($C$2,'Weekly Plan'!$F$2:$M$2,0))=0,"",INDEX('Weekly Plan'!$F$2:$M$79,MATCH(A7,'Weekly Plan'!$F$2:$F$79,0),MATCH($C$2,'Weekly Plan'!$F$2:$M$2,0))) | E7: ='Weekly Plan'!A5 -> 20 | F7: =IFERROR(D7/E7,0) -> 0 | G7: ='Weekly Plan'!F17 -> VG0241CM0PB | I7: ='Weekly Plan'!G17 -> Y2XX Stanchion - LH | J7: =IF(INDEX('Weekly Plan'!$F$2:$M$79,MATCH(G7,'Weekly Plan'!$F$2:$F$79,0),MATCH($C$2,'Weekly Plan'!$F$2:$M$2,0))=0,"",INDEX('Weekly Plan'!$F$2:$M$79,MATCH(G7,'Weekly Plan'!$F$2:$F$79,0),MATCH($C$2,'Weekly Plan'!$F$2:$M$2,0))) | K7: ='Weekly Plan'!A17 -> 6 | L7: =IFERROR(J7/K7,0) -> 0
A8: ='Weekly Plan'!F6 -> 99646 | B8: Black | C8: ='Weekly Plan'!G6 -> IR Cover RH | D8: =IF(INDEX('Weekly Plan'!$F$2:$M$79,MATCH(A8,'Weekly Plan'!$F$2:$F$79,0),MATCH($C$2,'Weekly Plan'!$F$2:$M$2,0))=0,"",INDEX('Weekly Plan'!$F$2:$M$79,MATCH(A8,'Weekly Plan'!$F$2:$F$79,0),MATCH($C$2,'Weekly Plan'!$F$2:$M$2,0))) | E8: ='Weekly Plan'!A6 -> 20 | F8: =IFERROR(D8/E8,0) -> 0 | G8: ='Weekly Plan'!F18 -> VG0241CM0PD | I8: ='Weekly Plan'!G18 -> Y2XX Stanchion - RH | J8: =IF(INDEX('Weekly Plan'!$F$2:$M$79,MATCH(G8,'Weekly Plan'!$F$2:$F$79,0),MATCH($C$2,'Weekly Plan'!$F$2:$M$2,0))=0,"",INDEX('Weekly Plan'!$F$2:$M$79,MATCH(G8,'Weekly Plan'!$F$2:$F$79,0),MATCH($C$2,'Weekly Plan'!$F$2:$M$2,0))) | K8: ='Weekly Plan'!A18 -> 6 | L8: =IFERROR(J8/K8,0) -> 0
A9: ='Weekly Plan'!F7 -> 99635 | B9: Black | C9: ='Weekly Plan'!G7 -> Lateral Belt LH | D9: =IF(INDEX('Weekly Plan'!$F$2:$M$79,MATCH(A9,'Weekly Plan'!$F$2:$F$79,0),MATCH($C$2,'Weekly Plan'!$F$2:$M$2,0))=0,"",INDEX('Weekly Plan'!$F$2:$M$79,MATCH(A9,'Weekly Plan'!$F$2:$F$79,0),MATCH($C$2,'Weekly Plan'!$F$2:$M$2,0))) | E9: ='Weekly Plan'!A7 -> 6 | F9: =IFERROR(D9/E9,0) -> 0 | G9: ='Weekly Plan'!F19 -> VG0241CM0PC | I9: ='Weekly Plan'!G19 -> Y2XX Stanchion - Center | J9: =IF(INDEX('Weekly Plan'!$F$2:$M$79,MATCH(G9,'Weekly Plan'!$F$2:$F$79,0),MATCH($C$2,'Weekly Plan'!$F$2:$M$2,0))=0,"",INDEX('Weekly Plan'!$F$2:$M$79,MATCH(G9,'Weekly Plan'!$F$2:$F$79,0),MATCH($C$2,'Weekly Plan'!$F$2:$M$2,0))) | K9: ='Weekly Plan'!A19 -> 6 | L9: =IFERROR(J9/K9,0) -> 0
A10: ='Weekly Plan'!F8 -> 99944 | B10: Black | C10: ='Weekly Plan'!G8 -> Lateral Belt RH | D10: =IF(INDEX('Weekly Plan'!$F$2:$M$79,MATCH(A10,'Weekly Plan'!$F$2:$F$79,0),MATCH($C$2,'Weekly Plan'!$F$2:$M$2,0))=0,"",INDEX('Weekly Plan'!$F$2:$M$79,MATCH(A10,'Weekly Plan'!$F$2:$F$79,0),MATCH($C$2,'Weekly Plan'!$F$2:$M$2,0))) | E10: ='Weekly Plan'!A8 -> 6 | F10: =IFERROR(D10/E10,0) -> 0 | G10: ='Weekly Plan'!F20 -> VG0241CM0PE | I10: ='Weekly Plan'!G20 -> Y2XX Winglet -LH | J10: =IF(INDEX('Weekly Plan'!$F$2:$M$79,MATCH(G10,'Weekly Plan'!$F$2:$F$79,0),MATCH($C$2,'Weekly Plan'!$F$2:$M$2,0))=0,"",INDEX('Weekly Plan'!$F$2:$M$79,MATCH(G10,'Weekly Plan'!$F$2:$F$79,0),MATCH($C$2,'Weekly Plan'!$F$2:$M$2,0))) | K10: ='Weekly Plan'!A20 -> 0 | L10: =IFERROR(J12/K10,0) -> 0
A11: ='Weekly Plan'!F9 -> 99636 | B11: Black | C11: ='Weekly Plan'!G9 -> Rear Belt | D11: =IF(INDEX('Weekly Plan'!$F$2:$M$79,MATCH(A11,'Weekly Plan'!$F$2:$F$79,0),MATCH($C$2,'Weekly Plan'!$F$2:$M$2,0))=0,"",INDEX('Weekly Plan'!$F$2:$M$79,MATCH(A11,'Weekly Plan'!$F$2:$F$79,0),MATCH($C$2,'Weekly Plan'!$F$2:$M$2,0))) | E11: ='Weekly Plan'!A9 -> 20 | F11: =IFERROR(D11/E11,0) -> 0 | G11: ='Weekly Plan'!F21 -> VG0241CM0PF | I11: ='Weekly Plan'!G21 -> Y2XX Winglet -RH | J11: =IF(INDEX('Weekly Plan'!$F$2:$M$79,MATCH(G11,'Weekly Plan'!$F$2:$F$79,0),MATCH($C$2,'Weekly Plan'!$F$2:$M$2,0))=0,"",INDEX('Weekly Plan'!$F$2:$M$79,MATCH(G11,'Weekly Plan'!$F$2:$F$79,0),MATCH($C$2,'Weekly Plan'!$F$2:$M$2,0))) | K11: ='Weekly Plan'!A21 -> 0 | L11: =IFERROR(J13/K11,0) -> 0
G12: ='Weekly Plan'!F22 -> VG0241CM0PG | I12: ='Weekly Plan'!G22 -> Y2XX Screw Cover - LH | J12: =IF(INDEX('Weekly Plan'!$F$2:$M$79,MATCH(G12,'Weekly Plan'!$F$2:$F$79,0),MATCH($C$2,'Weekly Plan'!$F$2:$M$2,0))=0,"",INDEX('Weekly Plan'!$F$2:$M$79,MATCH(G12,'Weekly Plan'!$F$2:$F$79,0),MATCH($C$2,'Weekly Plan'!$F$2:$M$2,0))) | K12: ='Weekly Plan'!A22 -> 20 | L12: =IFERROR(J14/K12,0) -> 0
G13: ='Weekly Plan'!F23 -> VG0241CM0PH | I13: ='Weekly Plan'!G23 -> Y2XX Screw Cover - RH | J13: =IF(INDEX('Weekly Plan'!$F$2:$M$79,MATCH(G13,'Weekly Plan'!$F$2:$F$79,0),MATCH($C$2,'Weekly Plan'!$F$2:$M$2,0))=0,"",INDEX('Weekly Plan'!$F$2:$M$79,MATCH(G13,'Weekly Plan'!$F$2:$F$79,0),MATCH($C$2,'Weekly Plan'!$F$2:$M$2,0))) | K13: ='Weekly Plan'!A23 -> 20 | L13: =IFERROR(J15/K13,0) -> 0
A15: Summit White - Laval | G15: Tesla - High Gloss Black
A16: ='Weekly Plan'!F11 -> 99629 | B16: Summit White | C16: ='Weekly Plan'!G11 -> Main Lower Cover | D16: =IF(INDEX('Weekly Plan'!$F$2:$M$79,MATCH(A16,'Weekly Plan'!$F$2:$F$79,0),MATCH($C$2,'Weekly Plan'!$F$2:$M$2,0))=0,"",INDEX('Weekly Plan'!$F$2:$M$79,MATCH(A16,'Weekly Plan'!$F$2:$F$79,0),MATCH($C$2,'Weekly Plan'!$F$2:$M$2,0))) | E16: ='Weekly Plan'!A11 -> 1 | F16: =IFERROR(D16/E16,0) -> 0 | G16: ='Weekly Plan'!F25 -> 9405929P | I16: ='Weekly Plan'!G25 -> MX Applique | J16: =IF(INDEX('Weekly Plan'!$F$2:$M$79,MATCH(G16,'Weekly Plan'!$F$2:$F$79,0),MATCH($C$2,'Weekly Plan'!$F$2:$M$2,0))=0,"",INDEX('Weekly Plan'!$F$2:$M$79,MATCH(G16,'Weekly Plan'!$F$2:$F$79,0),MATCH($C$2,'Weekly Plan'!$F$2:$M$2,0))) | K16: ='Weekly Plan'!A25 -> 6 | L16: =IFERROR(J16/K16,0) -> 0 | O16: Unprotect Password 6941
A17: ='Weekly Plan'!F12 -> 99631 | B17: Summit White | C17: ='Weekly Plan'!G12 -> Main Upper Cover | D17: =IF(INDEX('Weekly Plan'!$F$2:$M$79,MATCH(A17,'Weekly Plan'!$F$2:$F$79,0),MATCH($C$2,'Weekly Plan'!$F$2:$M$2,0))=0,"",INDEX('Weekly Plan'!$F$2:$M$79,MATCH(A17,'Weekly Plan'!$F$2:$F$79,0),MATCH($C$2,'Weekly Plan'!$F$2:$M$2,0))) | E17: ='Weekly Plan'!A12 -> 1 | F17: =IFERROR(D17/E17,0) -> 0 | G17: ='Weekly Plan'!F26 -> 9405930P | I17: ='Weekly Plan'!G26 -> MS Applique | J17: =IF(INDEX('Weekly Plan'!$F$2:$M$79,MATCH(G17,'Weekly Plan'!$F$2:$F$79,0),MATCH($C$2,'Weekly Plan'!$F$2:$M$2,0))=0,"",INDEX('Weekly Plan'!$F$2:$M$79,MATCH(G17,'Weekly Plan'!$F$2:$F$79,0),MATCH($C$2,'Weekly Plan'!$F$2:$M$2,0))) | K17: ='Weekly Plan'!A26 -> 6 | L17: =IFERROR(J17/K17,0) -> 0
A18: ='Weekly Plan'!F13 -> 99638 | B18: Summit White | C18: ='Weekly Plan'!G13 -> Rear Plate | D18: =IF(INDEX('Weekly Plan'!$F$2:$M$79,MATCH(A18,'Weekly Plan'!$F$2:$F$79,0),MATCH($C$2,'Weekly Plan'!$F$2:$M$2,0))=0,"",INDEX('Weekly Plan'!$F$2:$M$79,MATCH(A18,'Weekly Plan'!$F$2:$F$79,0),MATCH($C$2,'Weekly Plan'!$F$2:$M$2,0))) | E18: ='Weekly Plan'!A13 -> 20 | F18: =IFERROR(D18/E18,0) -> 0 | G18: ='Weekly Plan'!F27 -> 9405929P-REW | I18: ='Weekly Plan'!G27 -> MX Applique Rework | J18: =IF(INDEX('Weekly Plan'!$F$2:$M$79,MATCH(G18,'Weekly Plan'!$F$2:$F$79,0),MATCH($C$2,'Weekly Plan'!$F$2:$M$2,0))=0,"",INDEX('Weekly Plan'!$F$2:$M$79,MATCH(G18,'Weekly Plan'!$F$2:$F$79,0),MATCH($C$2,'Weekly Plan'!$F$2:$M$2,0))) | K18: ='Weekly Plan'!A27 -> 6 | L18: =IFERROR(J18/K18,0) -> 0
A19: ='Weekly Plan'!F14 -> 99630 | B19: Summit White | C19: ='Weekly Plan'!G14 -> Vent Cover | D19: =IF(INDEX('Weekly Plan'!$F$2:$M$79,MATCH(A19,'Weekly Plan'!$F$2:$F$79,0),MATCH($C$2,'Weekly Plan'!$F$2:$M$2,0))=0,"",INDEX('Weekly Plan'!$F$2:$M$79,MATCH(A19,'Weekly Plan'!$F$2:$F$79,0),MATCH($C$2,'Weekly Plan'!$F$2:$M$2,0))) | E19: ='Weekly Plan'!A14 -> 1 | F19: =IFERROR(D19/E19,0) -> 0 | G19: ='Weekly Plan'!F28 -> 9405930P-REW | I19: ='Weekly Plan'!G28 -> MS Applique Rework | J19: =IF(INDEX('Weekly Plan'!$F$2:$M$79,MATCH(G19,'Weekly Plan'!$F$2:$F$79,0),MATCH($C$2,'Weekly Plan'!$F$2:$M$2,0))=0,"",INDEX('Weekly Plan'!$F$2:$M$79,MATCH(G19,'Weekly Plan'!$F$2:$F$79,0),MATCH($C$2,'Weekly Plan'!$F$2:$M$2,0))) | K19: ='Weekly Plan'!A28 -> 6 | L19: =IFERROR(J19/K19,0) -> 0
A21: KB Components | G21: Miscellaneous
A22: ='Weekly Plan'!F31 -> KB2352 | B22: Stoney Blue | C22: ='Weekly Plan'!G31 -> W12 Roof Top Cover | D22: =IF(INDEX('Weekly Plan'!$F$2:$M$79,MATCH(A22,'Weekly Plan'!$F$2:$F$79,0),MATCH($C$2,'Weekly Plan'!$F$2:$M$2,0))=0,"",INDEX('Weekly Plan'!$F$2:$M$79,MATCH(A22,'Weekly Plan'!$F$2:$F$79,0),MATCH($C$2,'Weekly Plan'!$F$2:$M$2,0))) | E22: ='Weekly Plan'!A31 -> 1 | F22: =IFERROR(D22/E22,0) -> 0 | G22: ='Weekly Plan'!F36 -> PART#1 | J22: =IF(INDEX('Weekly Plan'!$F$2:$M$79,MATCH(G22,'Weekly Plan'!$F$2:$F$79,0),MATCH($C$2,'Weekly Plan'!$F$2:$M$2,0))=0,"",INDEX('Weekly Plan'!$F$2:$M$79,MATCH(G22,'Weekly Plan'!$F$2:$F$79,0),MATCH($C$2,'Weekly Plan'!$F$2:$M$2,0))) | K22: ='Weekly Plan'!A36 -> 0 | L22: =IFERROR(J22/K22,0) -> 0
A23: ='Weekly Plan'!F32 -> KB2369 | B23: Stoney Blue | C23: ='Weekly Plan'!G32 -> W12 Mech Bezel Pod 1 | D23: =IF(INDEX('Weekly Plan'!$F$2:$M$79,MATCH(A23,'Weekly Plan'!$F$2:$F$79,0),MATCH($C$2,'Weekly Plan'!$F$2:$M$2,0))=0,"",INDEX('Weekly Plan'!$F$2:$M$79,MATCH(A23,'Weekly Plan'!$F$2:$F$79,0),MATCH($C$2,'Weekly Plan'!$F$2:$M$2,0))) | E23: ='Weekly Plan'!A32 -> 4 | F23: =IFERROR(D23/E23,0) -> 0 | G23: ='Weekly Plan'!F37 -> PART#2 | J23: =IF(INDEX('Weekly Plan'!$F$2:$M$79,MATCH(G23,'Weekly Plan'!$F$2:$F$79,0),MATCH($C$2,'Weekly Plan'!$F$2:$M$2,0))=0,"",INDEX('Weekly Plan'!$F$2:$M$79,MATCH(G23,'Weekly Plan'!$F$2:$F$79,0),MATCH($C$2,'Weekly Plan'!$F$2:$M$2,0))) | K23: ='Weekly Plan'!A37 -> 0 | L23: =IFERROR(J23/K23,0) -> 0
A24: ='Weekly Plan'!F33 -> KB2370L | B24: Stoney Blue | C24: ='Weekly Plan'!G33 -> W12 LH Cover Body Closeout Pod 5 | D24: =IF(INDEX('Weekly Plan'!$F$2:$M$79,MATCH(A24,'Weekly Plan'!$F$2:$F$79,0),MATCH($C$2,'Weekly Plan'!$F$2:$M$2,0))=0,"",INDEX('Weekly Plan'!$F$2:$M$79,MATCH(A24,'Weekly Plan'!$F$2:$F$79,0),MATCH($C$2,'Weekly Plan'!$F$2:$M$2,0))) | E24: ='Weekly Plan'!A33 -> 4 | F24: =IFERROR(D24/E24,0) -> 0 | G24: ='Weekly Plan'!F38 -> PART#3 | J24: =IF(INDEX('Weekly Plan'!$F$2:$M$79,MATCH(G24,'Weekly Plan'!$F$2:$F$79,0),MATCH($C$2,'Weekly Plan'!$F$2:$M$2,0))=0,"",INDEX('Weekly Plan'!$F$2:$M$79,MATCH(G24,'Weekly Plan'!$F$2:$F$79,0),MATCH($C$2,'Weekly Plan'!$F$2:$M$2,0))) | K24: ='Weekly Plan'!A38 -> 0 | L24: =IFERROR(J24/K24,0) -> 0
A25: ='Weekly Plan'!F34 -> KB2370R | B25: Stoney Blue | C25: ='Weekly Plan'!G34 -> W12 RH Cover Body Closeout Pod 6 | D25: =IF(INDEX('Weekly Plan'!$F$2:$M$79,MATCH(A25,'Weekly Plan'!$F$2:$F$79,0),MATCH($C$2,'Weekly Plan'!$F$2:$M$2,0))=0,"",INDEX('Weekly Plan'!$F$2:$M$79,MATCH(A25,'Weekly Plan'!$F$2:$F$79,0),MATCH($C$2,'Weekly Plan'!$F$2:$M$2,0))) | E25: ='Weekly Plan'!A34 -> 4 | F25: =IFERROR(D25/E25,0) -> 0 | G25: ='Weekly Plan'!F39 -> PART#4 | J25: =IF(INDEX('Weekly Plan'!$F$2:$M$79,MATCH(G25,'Weekly Plan'!$F$2:$F$79,0),MATCH($C$2,'Weekly Plan'!$F$2:$M$2,0))=0,"",INDEX('Weekly Plan'!$F$2:$M$79,MATCH(G25,'Weekly Plan'!$F$2:$F$79,0),MATCH($C$2,'Weekly Plan'!$F$2:$M$2,0))) | K25: ='Weekly Plan'!A39 -> 0 | L25: =IFERROR(J25/K25,0) -> 0
M26: 18
A28: Notes: | G28: Colour | I28: Time (mins)
G29: =A5 -> Black - Laval | I29: =SUM(F6:F11) -> 0
G30: =A15 -> Summit White - Laval | I30: =SUM(F16:F19) -> 0 | M30: 21
G31: =G5 -> Metelix | I31: =SUM(L6:L13) -> 0
G32: =G15 -> Tesla - High Gloss Black | I32: =SUM(L16:L19) -> 0
G33: Stoney Blue | I33: =SUM(D22:D25) -> 0
G34: =G21 -> Miscellaneous | I34: =SUM(L22:L25) -> 0
G36: Total: | I36: =SUM(I29:I35) -> 0 | M36: 4
M37: 2
G38: Gaps | I38: =(COUNTIF(I29:I35, ">0")-1)*(IF(I36>0, 12, 0)) -> 0
M39: 1
G40: Total Time (hrs) | I40: =(I36+I38)/60 -> 0
M41: 4
M42: 2
M43: 1
M44: 1

Sheet Painter Matrix
A1: Stack | B1: Hyper Silver | C1: Deep Black | D1: Manta Green | E1: Vegas White | F1: Spoilers | G1: Electrolux | H1: Laval | I1: Manterra | J1: Splash Guards | K1: Mitchell | L1: Evinrude White | M1: Smoke Grey | N1: Red Mica | O1: Orbital Blue
A2: Prime | B2: Nic | C2: Nic | D2: Nic | E2: Nic | F2: Nic | G2: Nic | H2: Nic | I2: Nic | J2: Nic | K2: Nic | L2: Nic | M2: Nic | N2: Nic | O2: Nic
A3: 1 | B3: Jared | C3: Jared | D3: Jared | E3: Jared | F3: Jared | G3: Jared | H3: Jared | I3: Jared | J3: Jared | K3: Jared | L3: Jared | M3: Jared | N3: Jared | O3: Jared
A4: 2 | B4: Quinn | C4: Quinn | D4: Quinn | E4: Quinn | F4: Quinn | G4: Quinn | H4: Quinn | I4: Quinn | J4: Quinn | K4: Quinn | L4: Quinn | M4: Quinn | N4: Quinn | O4: Quinn
A5: 3 | B5: Mike | C5: Mike | D5: Mike/Jeremy M | E5: Mike/Jeremy M | F5: Mike/Jeremy M | G5: Mike/Jeremy M | H5: Mike/Jeremy M | I5: Mike/Jeremy M | J5: Mike/Jeremy M | K5: Mike/Jeremy M | L5: Mike/Jeremy M | M5: Mike/Jeremy M | N5: Mike/Jeremy M | O5: Mike/Jeremy M
A6: 4 | B6: Jeremy H | C6: Jeremy H | D6: Jesse | E6: Jesse | F6: Jesse | G6: Jesse | H6: Jesse | I6: Jesse | J6: Jesse | K6: Jesse | L6: Jesse | M6: Jesse | N6: Jesse | O6: Jesse

Sheet Part Info
A1: Raw Part # | B1: Name | C1: Color | D1: Customer | E1: # UP | F1: Rack Qty | I1: Colors | K1: Spoilers
A2: 708400067 | B2: LH Consol Fairing | C2: Deep Black | D2: BRP | E2: 2 | I2: Deep Black | K2: BLACK
A3: 708400001 | B3: LH Consol Panel | C3: Deep Black | D3: BRP | E3: 2 | I3: Hyper Silver | K3: CHERRY BOMB
A4: 708400069 | B4: RH Consol Fairing | C4: Deep Black | D4: BRP | E4: 2 | I4: Manta Green | K4: DARK SHADOW
A5: 708400002 | B5: RH Consol Panel | C5: Deep Black | D5: BRP | E5: 2 | I5: Hyper Silver | K5: LG BLACK
A6: 708001528 | B6: Tail Fairing | C6: Deep Black | D6: BRP | E6: 2 | I6: Black Carbon | K6: OCONUS MET
A7: 708400287 | B7: Tank Cover | C7: Deep Black | D7: BRP | E7: 2 | I7: Summit White | K7: PRIMER
A8: 708400398 | B8: Tank Cover with Hole | C8: Deep Black | D8: BRP | E8: 2 | I8: Waymo Black | K8: PULL ME OVER RED
A9: 708302947 | B9: LH Box Cover | C9: Hyper Silver | D9: BRP | E9: 2 | K9: SATIN STEEL
A10: 708303799 | B10: LH F3T Panel | C10: Hyper Silver | D10: BRP | K10: SUMMIT WHITE
A11: 705012976 | B11: LH Fender | C11: Hyper Silver | D11: BRP | E11: 2 | K11: CARBON FLASH
A12: 708200870 | B12: LH Front Fairing | C12: Hyper Silver | D12: BRP | E12: 1 | K12: RAPID
A13: 705012348 | B13: LH Trim | C13: Hyper Silver | D13: BRP | K13: VIVID
A14: 708400461 | B14: LH Mirror Shell | C14: Hyper Silver | D14: BRP | E14: 6
A15: 705014100 | B15: LH Upper Fairing | C15: Hyper Silver | D15: BRP | E15: 2
A16: 708200869 | B16: R66 Hood | C16: Hyper Silver | D16: BRP | E16: 1
A17: 708003041 | B17: Rear Fairing | C17: Hyper Silver | D17: BRP | E17: 2
A18: 708302948 | B18: RH Box Cover | C18: Hyper Silver | D18: BRP | E18: 2
A19: 708303801 | B19: RH F3T Panel | C19: Hyper Silver | D19: BRP | E19: 2
A20: 705012868 | B20: RH Fender | C20: Hyper Silver | D20: BRP | E20: 2
A21: 708200871 | B21: RH Front Fairing | C21: Hyper Silver | D21: BRP | E21: 1
A22: 705012350 | B22: RH Trim | C22: Hyper Silver | D22: BRP
A23: 708400463 | B23: RH Mirror Shell | C23: Hyper Silver | D23: BRP | E23: 6
A24: 705014101 | B24: RH Upper Fairing | C24: Hyper Silver | D24: BRP | E24: 2
A25: 708301201 | B25: COVER BOX | C25: Manta Green | D25: BRP | E25: 4
A26: 708200698 | B26: FRONT FASCIA | C26: Manta Green | D26: BRP | E26: 1
A27: 708200366 | B27: HOOD | C27: Manta Green | D27: BRP | E27: 1
A28: 705010851 | B28: LH FAIRING | C28: Manta Green | D28: BRP | E28: 1
A29: 705007790 | B29: LH LOW FAIRING | C29: Manta Green | D29: BRP | E29: 4
A30: 708200401 | B30: LH VENT PANEL | C30: Manta Green | D30: BRP | E30: 2
A31: 705010835 | B31: RH FAIRING | C31: Manta Green | D31: BRP | E31: 1
A32: 705007791 | B32: RH LOW FAIRING | C32: Manta Green | D32: BRP | E32: 4
A33: 708200402 | B33: RH VENT PANEL | C33: Manta Green | D33: BRP | E33: 2
A34: 500458 | B34: Base Dual, SSR, cw inserts | C34: Hyper Silver | D34: Manterra
A35: 500458 | B35: Face Plate, DTM, SSR | C35: Hyper Silver | D35: Manterra
A36: 500458 | B36: Face Plate, STM, SSR | C36: Hyper Silver | D36: Manterra
A37: 42521680 | B37: Front LH | C37: Black Carbon | D37: PAPP
A38: 42521681 | B38: Front RH | C38: Black Carbon | D38: PAPP
A39: 42521682 | B39: Rear LH | C39: Black Carbon | D39: PAPP
A40: 42521683 | B40: Rear RH | C40: Black Carbon | D40: PAPP
A41: BLACK | B41: Spoiler | C41: =A41 -> BLACK | D41: Metelix | E41: 2
A42: CHERRY BOMB | B42: Spoiler | C42: =A42 -> CHERRY BOMB | D42: Metelix | E42: 2
A43: DARK SHADOW | B43: Spoiler | C43: =A43 -> DARK SHADOW | D43: Metelix | E43: 2
A44: LG BLACK | B44: Spoiler | C44: =A44 -> LG BLACK | D44: Metelix | E44: 2
A45: OCONUS MET | B45: Spoiler | C45: =A45 -> OCONUS MET | D45: Metelix | E45: 2
A46: PRIMER | B46: Spoiler | C46: =A46 -> PRIMER | D46: Metelix | E46: 2
A47: PULL ME OVER RED | B47: Spoiler | C47: =A47 -> PULL ME OVER RED | D47: Metelix | E47: 2
A48: SATIN STEEL | B48: Spoiler | C48: =A48 -> SATIN STEEL | D48: Metelix | E48: 2
A49: SUMMIT WHITE | B49: Spoiler | C49: =A49 -> SUMMIT WHITE | D49: Metelix | E49: 2
A50: CARBON FLASH | B50: Spoiler | C50: =A50 -> CARBON FLASH | D50: Metelix | E50: 2
A51: RAPID | B51: Spoiler | C51: =A51 -> RAPID | D51: Metelix | E51: 2
A52: VIVID | B52: Spoiler | C52: =A52 -> VIVID | D52: Metelix | E52: 2
