Workbook

Sheet Receiving
A1: RECEIVING | E1: =SUM(F1:BA1) -> 0 | F1: =SUM(F4:F7) -> 0 | G1: =SUM(G4:G7) -> 0 | H1: =SUM(H4:H7) -> 0 | I1: =SUM(I4:I7) -> 0 | J1: =SUM(J4:J7) -> 0 | K1: =SUM(K4:K7) -> 0 | L1: =SUM(L4:L7) -> 0 | M1: =SUM(M4:M7) -> 0 | ... AZ1: =SUM(AZ4:AZ7) -> 0
D2: On Hand | E2: RECEIVED prod parts Nov 18 and on | BB2: Insert columns before the black line
A3: FG Part# | B3: RAW Part# | C3: SF Description
A4: P2352 | B4: KB2352 | C4: W12 Roof Top Cover | D4: =E4-INDEX(Shipping!$A$4:$D$8,MATCH(A4,Shipping!$A$4:$A$8,0),MATCH("SHIPPED prod parts (Nov 18 and on)",Shipping!$A$4:$D$4,0)) -> 0 | E4: =SUM(T4:BB4) -> 0
A5: P2369 | B5: KB2369 | C5: W12 Mech Bezel Pod 1 | D5: =E5-INDEX(Shipping!$A$4:$D$8,MATCH(A5,Shipping!$A$4:$A$8,0),MATCH("SHIPPED prod parts (Nov 18 and on)",Shipping!$A$4:$D$4,0)) -> 0 | E5: =SUM(T5:BB5) -> 0
A6: P2370L | B6: KB2370L | C6: W12 LH Cover Body Closeout Pod 5 | D6: =E6-INDEX(Shipping!$A$4:$D$8,MATCH(A6,Shipping!$A$4:$A$8,0),MATCH("SHIPPED prod parts (Nov 18 and on)",Shipping!$A$4:$D$4,0)) -> 0 | E6: =SUM(T6:BB6) -> 0
A7: P2370R | B7: KB2370R | C7: W12 RH Cover Body Closeout Pod 6 | D7: =E7-INDEX(Shipping!$A$4:$D$8,MATCH(A7,Shipping!$A$4:$A$8,0),MATCH("SHIPPED prod parts (Nov 18 and on)",Shipping!$A$4:$D$4,0)) -> 0 | E7: =SUM(T7:BB7) -> 0

Sheet Shipping
D1: week starting | AA1: =IF(AA4="","",(AA4-WEEKDAY(AA4,3))) | AB1: =IF(AB4="","",(AB4-WEEKDAY(AB4,3))) | AC1: =IF(AC4="","",(AC4-WEEKDAY(AC4,3))) | AD1: =IF(AD4="","",(AD4-WEEKDAY(AD4,3))) | AE1: =IF(AE4="","",(AE4-WEEKDAY(AE4,3))) | AF1: =IF(AF4="","",(AF4-WEEKDAY(AF4,3))) | AG1: =IF(AG4="","",(AG4-WEEKDAY(AG4,3))) | AH1: =IF(AH4="","",(AH4-WEEKDAY(AH4,3))) | ... AV1: =IF(AV4="","",(AV4-WEEKDAY(AV4,3)))
A2: SHIPPING | D2: =SUM(E2:AW2) -> 0 | E2: =SUM(E5:E8) -> 0 | F2: =SUM(F5:F8) -> 0 | G2: =SUM(G5:G8) -> 0 | H2: =SUM(H5:H8) -> 0 | I2: =SUM(I5:I8) -> 0 | J2: =SUM(J5:J8) -> 0 | K2: =SUM(K5:K8) -> 0 | L2: =SUM(L5:L8) -> 0 | ... AV2: =SUM(AV5:AV8) -> 0
A3: KB2004784 | AX3: Insert columns before the black line
A4: FG Part# | B4: RAW Part# | C4: SF Description | D4: SHIPPED prod parts (Nov 18 and on)
A5: P2352 | B5: KB2352 | C5: W12 Roof Top Cover | D5: =SUM(AA5:AX5) -> 0
A6: P2369 | B6: KB2369 | C6: W12 Mech Bezel Pod 1 | D6: =SUM(AA6:AX6) -> 0
A7: P2370L | B7: KB2370L | C7: W12 LH Cover Body Closeout Pod 5 | D7: =SUM(AA7:AX7) -> 0
A8: P2370R | B8: KB2370R | C8: W12 RH Cover Body Closeout Pod 6 | D8: =SUM(AA8:AX8) -> 0

Sheet MRP
F2: =CHOOSE(WEEKDAY(F3),"Sun","Mon","Tue","Wed","Thu","Fri","Sat") -> Mon | G2: =CHOOSE(WEEKDAY(G3),"Sun","Mon","Tue","Wed","Thu","Fri","Sat") -> Mon | H2: =CHOOSE(WEEKDAY(H3),"Sun","Mon","Tue","Wed","Thu","Fri","Sat") -> Mon | I2: =CHOOSE(WEEKDAY(I3),"Sun","Mon","Tue","Wed","Thu","Fri","Sat") -> Mon | J2: =CHOOSE(WEEKDAY(J3),"Sun","Mon","Tue","Wed","Thu","Fri","Sat") -> Mon | K2: =CHOOSE(WEEKDAY(K3),"Sun","Mon","Tue","Wed","Thu","Fri","Sat") -> Mon | L2: =CHOOSE(WEEKDAY(L3),"Sun","Mon","Tue","Wed","Thu","Fri","Sat") -> Mon | M2: =CHOOSE(WEEKDAY(M3),"Sun","Mon","Tue","Wed","Thu","Fri","Sat") -> Mon | ... AX2: =CHOOSE(WEEKDAY(AX3),"Sun","Mon","Tue","Wed","Thu","Fri","Sat") -> Mon
A3: FG Part# | B3: RAW Part# | C3: Description | D3: Line Type | F3: =Releases!D1 -> 45978 | G3: =F3+7 -> 45985 | H3: =G3+7 -> 45992 | I3: =H3+7 -> 45999 | J3: =I3+7 -> 46006 | K3: =J3+7 -> 46013 | L3: =K3+7 -> 46020 | M3: =L3+7 -> 46027 | N3: =M3+7 -> 46034 | ... AX3: =AW3+7 -> 46286
A4: P2352 | B4: KB2352 | C4: W12 Roof Top Cover | D4: demand | F4: =IFERROR(INDEX(Releases!$C$3:$BH$12,MATCH($A4,Releases!$C$3:$C$11,0),MATCH(F$3,Releases!$C$3:$BH$3,0)),0) -> 0 | G4: =IFERROR(INDEX(Releases!$C$3:$BH$12,MATCH($A4,Releases!$C$3:$C$11,0),MATCH(G$3,Releases!$C$3:$BH$3,0)),0) -> 0 | H4: =IFERROR(INDEX(Releases!$C$3:$BH$12,MATCH($A4,Releases!$C$3:$C$11,0),MATCH(H$3,Releases!$C$3:$BH$3,0)),0) -> 0 | I4: =IFERROR(INDEX(Releases!$C$3:$BH$12,MATCH($A4,Releases!$C$3:$C$11,0),MATCH(I$3,Releases!$C$3:$BH$3,0)),0) -> 0 | J4: =IFERROR(INDEX(Releases!$C$3:$BH$12,MATCH($A4,Releases!$C$3:$C$11,0),MATCH(J$3,Releases!$C$3:$BH$3,0)),0) -> 0 | K4: =IFERROR(INDEX(Releases!$C$3:$BH$12,MATCH($A4,Releases!$C$3:$C$11,0),MATCH(K$3,Releases!$C$3:$BH$3,0)),0) -> 0 | L4: =IFERROR(INDEX(Releases!$C$3:$BH$12,MATCH($A4,Releases!$C$3:$C$11,0),MATCH(L$3,Releases!$C$3:$BH$3,0)),0) -> 0 | M4: =IFERROR(INDEX(Releases!$C$3:$BH$12,MATCH($A4,Releases!$C$3:$C$11,0),MATCH(M$3,Releases!$C$3:$BH$3,0)),0) -> 0 | ... AX4: =IFERROR(INDEX(Releases!$C$3:$BH$12,MATCH($A4,Releases!$C$3:$C$11,0),MATCH(AX$3,Releases!$C$3:$BH$3,0)),0) -> 0
A5: P2352 | B5: KB2352 | C5: W12 Roof Top Cover | D5: shipped | F5: =IFERROR(INDEX(Shipping!$A$1:$AO$8,MATCH($A5,Shipping!$A$1:$A$8,0),MATCH(F$3,Shipping!$A$1:$AU$1,0)),0) -> 0 | G5: =IFERROR(INDEX(Shipping!$A$1:$AO$8,MATCH($A5,Shipping!$A$1:$A$8,0),MATCH(G$3,Shipping!$A$1:$AU$1,0)),0) -> 0 | H5: =IFERROR(INDEX(Shipping!$A$1:$AO$8,MATCH($A5,Shipping!$A$1:$A$8,0),MATCH(H$3,Shipping!$A$1:$AU$1,0)),0) -> 0 | I5: =IFERROR(INDEX(Shipping!$A$1:$AO$8,MATCH($A5,Shipping!$A$1:$A$8,0),MATCH(I$3,Shipping!$A$1:$AU$1,0)),0) -> 0 | J5: =IFERROR(INDEX(Shipping!$A$1:$AO$8,MATCH($A5,Shipping!$A$1:$A$8,0),MATCH(J$3,Shipping!$A$1:$AU$1,0)),0) -> 0 | K5: =IFERROR(INDEX(Shipping!$A$1:$AO$8,MATCH($A5,Shipping!$A$1:$A$8,0),MATCH(K$3,Shipping!$A$1:$AU$1,0)),0) -> 0 | L5: =IFERROR(INDEX(Shipping!$A$1:$AO$8,MATCH($A5,Shipping!$A$1:$A$8,0),MATCH(L$3,Shipping!$A$1:$AU$1,0)),0) -> 0 | M5: =IFERROR(INDEX(Shipping!$A$1:$AO$8,MATCH($A5,Shipping!$A$1:$A$8,0),MATCH(M$3,Shipping!$A$1:$AU$1,0)),0) -> 0 | ... AX5: =IFERROR(INDEX(Shipping!$A$1:$AO$8,MATCH($A5,Shipping!$A$1:$A$8,0),MATCH(AX$3,Shipping!$A$1:$AU$1,0)),0) -> 0
A6: P2352 | B6: KB2352 | C6: W12 Roof Top Cover | D6: total due | K6: =K4-SUM(F5:I5) -> 0 | M6: =K6+M4 -> 0 | P6: =M6+P4 -> 0 | R6: =P6+R4 -> 0
A7: P2352 | B7: KB2352 | C7: W12 Roof Top Cover | D7: inv (rec-ship) | E7: =VLOOKUP(B7,Receiving!$B$3:$E$7,4,FALSE)-VLOOKUP(A7,Shipping!$A$4:$D$8,4,FALSE) -> 0 | I7: =E7-K6 -> 0 | J7: =I7-M6 -> 0 | N7: =J7-P6 -> 0
A8: P2369 | B8: KB2369 | C8: W12 Mech Bezel Pod 1 | D8: demand | F8: =IFERROR(INDEX(Releases!$C$3:$BH$12,MATCH($A8,Releases!$C$3:$C$11,0),MATCH(F$3,Releases!$C$3:$BH$3,0)),0) -> 0 | G8: =IFERROR(INDEX(Releases!$C$3:$BH$12,MATCH($A8,Releases!$C$3:$C$11,0),MATCH(G$3,Releases!$C$3:$BH$3,0)),0) -> 0 | H8: =IFERROR(INDEX(Releases!$C$3:$BH$12,MATCH($A8,Releases!$C$3:$C$11,0),MATCH(H$3,Releases!$C$3:$BH$3,0)),0) -> 0 | I8: =IFERROR(INDEX(Releases!$C$3:$BH$12,MATCH($A8,Releases!$C$3:$C$11,0),MATCH(I$3,Releases!$C$3:$BH$3,0)),0) -> 0 | J8: =IFERROR(INDEX(Releases!$C$3:$BH$12,MATCH($A8,Releases!$C$3:$C$11,0),MATCH(J$3,Releases!$C$3:$BH$3,0)),0) -> 0 | K8: =IFERROR(INDEX(Releases!$C$3:$BH$12,MATCH($A8,Releases!$C$3:$C$11,0),MATCH(K$3,Releases!$C$3:$BH$3,0)),0) -> 0 | L8: =IFERROR(INDEX(Releases!$C$3:$BH$12,MATCH($A8,Releases!$C$3:$C$11,0),MATCH(L$3,Releases!$C$3:$BH$3,0)),0) -> 0 | M8: =IFERROR(INDEX(Releases!$C$3:$BH$12,MATCH($A8,Releases!$C$3:$C$11,0),MATCH(M$3,Releases!$C$3:$BH$3,0)),0) -> 0 | ... AX8: =IFERROR(INDEX(Releases!$C$3:$BH$12,MATCH($A8,Releases!$C$3:$C$11,0),MATCH(AX$3,Releases!$C$3:$BH$3,0)),0) -> 0
A9: P2369 | B9: KB2369 | C9: W12 Mech Bezel Pod 1 | D9: shipped | F9: =IFERROR(INDEX(Shipping!$A$1:$AO$8,MATCH($A9,Shipping!$A$1:$A$8,0),MATCH(F$3,Shipping!$A$1:$AU$1,0)),0) -> 0 | G9: =IFERROR(INDEX(Shipping!$A$1:$AO$8,MATCH($A9,Shipping!$A$1:$A$8,0),MATCH(G$3,Shipping!$A$1:$AU$1,0)),0) -> 0 | H9: =IFERROR(INDEX(Shipping!$A$1:$AO$8,MATCH($A9,Shipping!$A$1:$A$8,0),MATCH(H$3,Shipping!$A$1:$AU$1,0)),0) -> 0 | I9: =IFERROR(INDEX(Shipping!$A$1:$AO$8,MATCH($A9,Shipping!$A$1:$A$8,0),MATCH(I$3,Shipping!$A$1:$AU$1,0)),0) -> 0 | J9: =IFERROR(INDEX(Shipping!$A$1:$AO$8,MATCH($A9,Shipping!$A$1:$A$8,0),MATCH(J$3,Shipping!$A$1:$AU$1,0)),0) -> 0 | K9: =IFERROR(INDEX(Shipping!$A$1:$AO$8,MATCH($A9,Shipping!$A$1:$A$8,0),MATCH(K$3,Shipping!$A$1:$AU$1,0)),0) -> 0 | L9: =IFERROR(INDEX(Shipping!$A$1:$AO$8,MATCH($A9,Shipping!$A$1:$A$8,0),MATCH(L$3,Shipping!$A$1:$AU$1,0)),0) -> 0 | M9: =IFERROR(INDEX(Shipping!$A$1:$AO$8,MATCH($A9,Shipping!$A$1:$A$8,0),MATCH(M$3,Shipping!$A$1:$AU$1,0)),0) -> 0 | ... AX9: =IFERROR(INDEX(Shipping!$A$1:$AO$8,MATCH($A9,Shipping!$A$1:$A$8,0),MATCH(AX$3,Shipping!$A$1:$AU$1,0)),0) -> 0
A10: P2369 | B10: KB2369 | C10: W12 Mech Bezel Pod 1 | D10: total due | K10: =K8-SUM(F9:I9) -> 0 | M10: =K10+M8 -> 0 | P10: =M10+P8 -> 0 | R10: =P10+R8 -> 0
A11: P2369 | B11: KB2369 | C11: W12 Mech Bezel Pod 1 | D11: inv (rec-ship) | E11: =VLOOKUP(B11,Receiving!$B$3:$E$7,4,FALSE)-VLOOKUP(A11,Shipping!$A$4:$D$8,4,FALSE) -> 0 | I11: =E11-K10 -> 0 | J11: =I11-M10 -> 0 | N11: =J11-P10 -> 0
A12: P2370L | B12: KB2370L | C12: W12 LH Cover Body Closeout Pod 5 | D12: demand | F12: =IFERROR(INDEX(Releases!$C$3:$BH$12,MATCH($A12,Releases!$C$3:$C$11,0),MATCH(F$3,Releases!$C$3:$BH$3,0)),0) -> 0 | G12: =IFERROR(INDEX(Releases!$C$3:$BH$12,MATCH($A12,Releases!$C$3:$C$11,0),MATCH(G$3,Releases!$C$3:$BH$3,0)),0) -> 0 | H12: =IFERROR(INDEX(Releases!$C$3:$BH$12,MATCH($A12,Releases!$C$3:$C$11,0),MATCH(H$3,Releases!$C$3:$BH$3,0)),0) -> 0 | I12: =IFERROR(INDEX(Releases!$C$3:$BH$12,MATCH($A12,Releases!$C$3:$C$11,0),MATCH(I$3,Releases!$C$3:$BH$3,0)),0) -> 0 | J12: =IFERROR(INDEX(Releases!$C$3:$BH$12,MATCH($A12,Releases!$C$3:$C$11,0),MATCH(J$3,Releases!$C$3:$BH$3,0)),0) -> 0 | K12: =IFERROR(INDEX(Releases!$C$3:$BH$12,MATCH($A12,Releases!$C$3:$C$11,0),MATCH(K$3,Releases!$C$3:$BH$3,0)),0) -> 0 | L12: =IFERROR(INDEX(Releases!$C$3:$BH$12,MATCH($A12,Releases!$C$3:$C$11,0),MATCH(L$3,Releases!$C$3:$BH$3,0)),0) -> 0 | M12: =IFERROR(INDEX(Releases!$C$3:$BH$12,MATCH($A12,Releases!$C$3:$C$11,0),MATCH(M$3,Releases!$C$3:$BH$3,0)),0) -> 0 | ... AX12: =IFERROR(INDEX(Releases!$C$3:$BH$12,MATCH($A12,Releases!$C$3:$C$11,0),MATCH(AX$3,Releases!$C$3:$BH$3,0)),0) -> 0
A13: P2370L | B13: KB2370L | C13: W12 LH Cover Body Closeout Pod 5 | D13: shipped | F13: =IFERROR(INDEX(Shipping!$A$1:$AO$8,MATCH($A13,Shipping!$A$1:$A$8,0),MATCH(F$3,Shipping!$A$1:$AU$1,0)),0) -> 0 | G13: =IFERROR(INDEX(Shipping!$A$1:$AO$8,MATCH($A13,Shipping!$A$1:$A$8,0),MATCH(G$3,Shipping!$A$1:$AU$1,0)),0) -> 0 | H13: =IFERROR(INDEX(Shipping!$A$1:$AO$8,MATCH($A13,Shipping!$A$1:$A$8,0),MATCH(H$3,Shipping!$A$1:$AU$1,0)),0) -> 0 | I13: =IFERROR(INDEX(Shipping!$A$1:$AO$8,MATCH($A13,Shipping!$A$1:$A$8,0),MATCH(I$3,Shipping!$A$1:$AU$1,0)),0) -> 0 | J13: =IFERROR(INDEX(Shipping!$A$1:$AO$8,MATCH($A13,Shipping!$A$1:$A$8,0),MATCH(J$3,Shipping!$A$1:$AU$1,0)),0) -> 0 | K13: =IFERROR(INDEX(Shipping!$A$1:$AO$8,MATCH($A13,Shipping!$A$1:$A$8,0),MATCH(K$3,Shipping!$A$1:$AU$1,0)),0) -> 0 | L13: =IFERROR(INDEX(Shipping!$A$1:$AO$8,MATCH($A13,Shipping!$A$1:$A$8,0),MATCH(L$3,Shipping!$A$1:$AU$1,0)),0) -> 0 | M13: =IFERROR(INDEX(Shipping!$A$1:$AO$8,MATCH($A13,Shipping!$A$1:$A$8,0),MATCH(M$3,Shipping!$A$1:$AU$1,0)),0) -> 0 | ... AX13: =IFERROR(INDEX(Shipping!$A$1:$AO$8,MATCH($A13,Shipping!$A$1:$A$8,0),MATCH(AX$3,Shipping!$A$1:$AU$1,0)),0) -> 0
A14: P2370L | B14: KB2370L | C14: W12 LH Cover Body Closeout Pod 5 | D14: total due | K14: =K12-SUM(F13:I13) -> 0 | M14: =K14+M12 -> 0 | P14: =M14+P12 -> 0 | R14: =P14+R12 -> 0
A15: P2370L | B15: KB2370L | C15: W12 LH Cover Body Closeout Pod 5 | D15: inv (rec-ship) | E15: =VLOOKUP(B15,Receiving!$B$3:$E$7,4,FALSE)-VLOOKUP(A15,Shipping!$A$4:$D$8,4,FALSE) -> 0 | I15: =E15-K14 -> 0 | J15: =I15-M14 -> 0 | N15: =J15-P14 -> 0
A16: P2370R | B16: KB2370R | C16: W12 RH Cover Body Closeout Pod 6 | D16: demand | F16: =IFERROR(INDEX(Releases!$C$3:$BH$12,MATCH($A16,Releases!$C$3:$C$11,0),MATCH(F$3,Releases!$C$3:$BH$3,0)),0) -> 0 | G16: =IFERROR(INDEX(Releases!$C$3:$BH$12,MATCH($A16,Releases!$C$3:$C$11,0),MATCH(G$3,Releases!$C$3:$BH$3,0)),0) -> 0 | H16: =IFERROR(INDEX(Releases!$C$3:$BH$12,MATCH($A16,Releases!$C$3:$C$11,0),MATCH(H$3,Releases!$C$3:$BH$3,0)),0) -> 0 | I16: =IFERROR(INDEX(Releases!$C$3:$BH$12,MATCH($A16,Releases!$C$3:$C$11,0),MATCH(I$3,Releases!$C$3:$BH$3,0)),0) -> 0 | J16: =IFERROR(INDEX(Releases!$C$3:$BH$12,MATCH($A16,Releases!$C$3:$C$11,0),MATCH(J$3,Releases!$C$3:$BH$3,0)),0) -> 0 | K16: =IFERROR(INDEX(Releases!$C$3:$BH$12,MATCH($A16,Releases!$C$3:$C$11,0),MATCH(K$3,Releases!$C$3:$BH$3,0)),0) -> 0 | L16: =IFERROR(INDEX(Releases!$C$3:$BH$12,MATCH($A16,Releases!$C$3:$C$11,0),MATCH(L$3,Releases!$C$3:$BH$3,0)),0) -> 0 | M16: =IFERROR(INDEX(Releases!$C$3:$BH$12,MATCH($A16,Releases!$C$3:$C$11,0),MATCH(M$3,Releases!$C$3:$BH$3,0)),0) -> 0 | ... AX16: =IFERROR(INDEX(Releases!$C$3:$BH$12,MATCH($A16,Releases!$C$3:$C$11,0),MATCH(AX$3,Releases!$C$3:$BH$3,0)),0) -> 0
A17: P2370R | B17: KB2370R | C17: W12 RH Cover Body Closeout Pod 6 | D17: shipped | F17: =IFERROR(INDEX(Shipping!$A$1:$AO$8,MATCH($A17,Shipping!$A$1:$A$8,0),MATCH(F$3,Shipping!$A$1:$AU$1,0)),0) -> 0 | G17: =IFERROR(INDEX(Shipping!$A$1:$AO$8,MATCH($A17,Shipping!$A$1:$A$8,0),MATCH(G$3,Shipping!$A$1:$AU$1,0)),0) -> 0 | H17: =IFERROR(INDEX(Shipping!$A$1:$AO$8,MATCH($A17,Shipping!$A$1:$A$8,0),MATCH(H$3,Shipping!$A$1:$AU$1,0)),0) -> 0 | I17: =IFERROR(INDEX(Shipping!$A$1:$AO$8,MATCH($A17,Shipping!$A$1:$A$8,0),MATCH(I$3,Shipping!$A$1:$AU$1,0)),0) -> 0 | J17: =IFERROR(INDEX(Shipping!$A$1:$AO$8,MATCH($A17,Shipping!$A$1:$A$8,0),MATCH(J$3,Shipping!$A$1:$AU$1,0)),0) -> 0 | K17: =IFERROR(INDEX(Shipping!$A$1:$AO$8,MATCH($A17,Shipping!$A$1:$A$8,0),MATCH(K$3,Shipping!$A$1:$AU$1,0)),0) -> 0 | L17: =IFERROR(INDEX(Shipping!$A$1:$AO$8,MATCH($A17,Shipping!$A$1:$A$8,0),MATCH(L$3,Shipping!$A$1:$AU$1,0)),0) -> 0 | M17: =IFERROR(INDEX(Shipping!$A$1:$AO$8,MATCH($A17,Shipping!$A$1:$A$8,0),MATCH(M$3,Shipping!$A$1:$AU$1,0)),0) -> 0 | ... AX17: =IFERROR(INDEX(Shipping!$A$1:$AO$8,MATCH($A17,Shipping!$A$1:$A$8,0),MATCH(AX$3,Shipping!$A$1:$AU$1,0)),0) -> 0
A18: P2370R | B18: KB2370R | C18: W12 RH Cover Body Closeout Pod 6 | D18: total due | K18: =K16-SUM(F17:I17) -> 0 | M18: =K18+M16 -> 0 | P18: =M18+P16 -> 0 | R18: =P18+R16 -> 0
A19: P2370R | B19: KB2370R | C19: W12 RH Cover Body Closeout Pod 6 | D19: inv (rec-ship) | E19: =VLOOKUP(B19,Receiving!$B$3:$E$7,4,FALSE)-VLOOKUP(A19,Shipping!$A$4:$D$8,4,FALSE) -> 0 | I19: =E19-K18 -> 0 | J19: =I19-M18 -> 0 | N19: =J19-P18 -> 0

Sheet Parts Legend
A2: FG Part# | B2: RAW Part# | C2: SF Description | D2: Description | E2: Part Pictures
A3: KB2352 | B3: KB2352 | C3: W12 Roof Top Cover | D3: W12 Roof Top Cover
A4: KB2369 | B4: KB2369 | C4: W12 Mech Bezel Pod 1 | D4: W12 Mech Bezel Pod 1
A5: KB2370L | B5: KB2370L | C5: W12 LH Cover Body Closeout Pod 5 | D5: W12 LH Cover Body Closeout Pod 5
A6: KB2370R | B6: KB2370R | C6: W12 RH Cover Body Closeout Pod 6 | D6: W12 RH Cover Body Closeout Pod 6

Sheet Releases
C1: Week of Monday | D1: 45978
D2: cum shipped | E2: Mon | F2: Mon | G2: Mon | H2: Mon | I2: Mon | J2: Mon | K2: Mon | L2: Mon | M2: Mon | N2: Mon | O2: Mon | P2: Mon | Q2: Mon | R2: Mon | S2: Mon | T2: Mon | U2: Mon | V2: Mon | W2: Mon | X2: Mon | Y2: Mon | Z2: Mon | AA2: Mon | AB2: Mon | AC2: Mon | AD2: Mon | AE2: Mon | AF2: Mon | AG2: Mon | AH2: Mon | AI2: Mon | AJ2: Mon | AK2: Mon | AL2: Mon | AM2: Mon | AN2: Mon | AO2: Mon | AP2: Mon | AQ2: Mon | AR2: Mon | AS2: Mon | AT2: Mon | AU2: Mon | AV2: Mon | AW2: Mon | AX2: Mon | AY2: Mon | AZ2: Mon | BA2: Mon | BB2: Mon | BC2: Mon | BD2: Mon | BE2: Mon | BF2: Mon | BG2: Mon | BH2: Mon
E3: 46006 | F3: =E3+7 -> 46013 | G3: =F3+7 -> 46020 | H3: =G3+7 -> 46027 | I3: =H3+7 -> 46034 | J3: =I3+7 -> 46041 | K3: =J3+7 -> 46048 | L3: =K3+7 -> 46055 | M3: =L3+7 -> 46062 | ... BH3: =BG3+7 -> 46391
A4: =$D$1 -> 45978 | B4: W12 Roof Top Cover | C4: P2352
A5: =$D$1 -> 45978 | C5: P2352 CUM | D5: 0 | E5: =D5+E4 -> 0 | F5: =E5+F4 -> 0 | G5: =F5+G4 -> 0 | H5: =G5+H4 -> 0 | I5: =H5+I4 -> 0 | J5: =I5+J4 -> 0 | K5: =J5+K4 -> 0 | L5: =K5+L4 -> 0 | ... BH5: =BG5+BH4 -> 0
A6: =$D$1 -> 45978 | B6: W12 Mech Bezel Pod 1 | C6: P2369 | E6: =E4 -> 0
A7: =$D$1 -> 45978 | C7: P2369 CUM | D7: 0 | E7: =D7+E6 -> 0 | F7: =E7+F6 -> 0 | G7: =F7+G6 -> 0 | H7: =G7+H6 -> 0 | I7: =H7+I6 -> 0 | J7: =I7+J6 -> 0 | K7: =J7+K6 -> 0 | L7: =K7+L6 -> 0 | ... BH7: =BG7+BH6 -> 0
A8: =$D$1 -> 45978 | B8: W12 LH Cover Body Closeout Pod 5 | C8: P2370L | E8: =E4 -> 0
A9: =$D$1 -> 45978 | C9: P2370L CUM | D9: 0 | E9: =D9+E8 -> 0 | F9: =E9+F8 -> 0 | G9: =F9+G8 -> 0 | H9: =G9+H8 -> 0 | I9: =H9+I8 -> 0 | J9: =I9+J8 -> 0 | K9: =J9+K8 -> 0 | L9: =K9+L8 -> 0 | ... BH9: =BG9+BH8 -> 0
A10: =$D$1 -> 45978 | B10: W12 RH Cover Body Closeout Pod 6 | C10: P2370R | E10: =E4 -> 0
A11: =$D$1 -> 45978 | C11: P2370R CUM | D11: 0 | E11: =D11+E10 -> 0 | F11: =E11+F10 -> 0 | G11: =F11+G10 -> 0 | H11: =G11+H10 -> 0 | I11: =H11+I10 -> 0 | J11: =I11+J10 -> 0 | K11: =J11+K10 -> 0 | L11: =K11+L10 -> 0 | ... BH11: =BG11+BH10 -> 0
C12: Weekly Totals | E12: =E4+E6+E8+E10 -> 0 | F12: =F4+F6+F8+F10 -> 0 | G12: =G4+G6+G8+G10 -> 0 | H12: =H4+H6+H8+H10 -> 0 | I12: =I4+I6+I8+I10 -> 0 | J12: =J4+J6+J8+J10 -> 0 | K12: =K4+K6+K8+K10 -> 0 | L12: =L4+L6+L8+L10 -> 0 | ... BH12: =BH4+BH6+BH8+BH10 -> 0
B15: Nippon Paint | D15: 45975
A16: Paint | B16: Per 10 sets | C16: min | D16: ON HAND
A17: Stoney Blue | B17: 1.8 | C17: 30 | D17: 30 | E17: =D17-E4/10*$B17+E18 -> 30 | F17: =E17-F4/10*$B17+F18 -> 60 | G17: =F17-G4/10*$B17+G18 -> 60 | H17: =G17-H4/10*$B17+H18 -> 60 | I17: =H17-I4/10*$B17+I18 -> 60 | J17: =I17-J4/10*$B17+J18 -> 60 | K17: =J17-K4/10*$B17+K18 -> 100 | L17: =K17-L4/10*$B17+L18 -> 100 | ... AH17: =AG17-AH4/10*$B17+AH18 -> 150
D18: replenish | F18: 30 | K18: 40 | O18: 50
F19: P2-836 | K19: P2-836 | O19: P2-836 | R19: 50 | U19: 60 | X19: 60
F20: 46013 | K20: 46048 | O20: 46076
E23: 100 sets at Select at all times
E24: As early as first week in November
B25: GLT International | D25: 45936
A26: Tape | B26: per 45 covers | C26: min | D26: ON HAND
A27: Roll | B27: 1 | C27: 8 | D27: 8 | E27: =D27-E4/45*$B27+E28 -> 24 | F27: =E27-F4/45*$B27+F28 -> 24 | G27: =F27-G4/45*$B27+G28 -> 24 | H27: =G27-H4/45*$B27+H28 -> 24 | I27: =H27-I4/45*$B27+I28 -> 24 | J27: =I27-J4/45*$B27+J28 -> 24 | K27: =J27-K4/45*$B27+K28 -> 24 | L27: =K27-L4/45*$B27+L28 -> 24 | ... BH27: =BG27-BH4/45*$B27+BH28 -> 24
D28: replenish | E28: 16
B29: The KB covers will use 10pcs./cover. | Q29: 16 | Y29: 16 | AD29: 24 | AI29: 24 | AN29: 24 | AS29: 32 | AX29: 32
B30: 300'/roll, 8"/perforation. | E30: 45981
B31: = 450pcs./roll
B32: 1 roll = 45 covers
B34: We don't need it anymore (as of 12/16)

Sheet waterfall
A1: instructions | D1: 46006 | E1: =D1+7 -> 46013 | F1: =E1+7 -> 46020 | G1: =F1+7 -> 46027 | H1: =G1+7 -> 46034 | I1: =H1+7 -> 46041 | J1: =I1+7 -> 46048 | K1: =J1+7 -> 46055 | L1: =K1+7 -> 46062 | ... BR1: =BQ1+7 -> 46468
A2: =Releases!$D$1 -> 45978 | B2: W12 Roof Top Cover | C2: P2352 | D2: =IFERROR(INDEX(Releases!$C$3:$BZ$11,MATCH($C2,Releases!$C$3:$C$11,0),MATCH(D$1,Releases!$C$3:$BZ$3,0)),0) -> 0 | E2: =IFERROR(INDEX(Releases!$C$3:$BZ$11,MATCH($C2,Releases!$C$3:$C$11,0),MATCH(E$1,Releases!$C$3:$BZ$3,0)),0) -> 0 | F2: =IFERROR(INDEX(Releases!$C$3:$BZ$11,MATCH($C2,Releases!$C$3:$C$11,0),MATCH(F$1,Releases!$C$3:$BZ$3,0)),0) -> 0 | G2: =IFERROR(INDEX(Releases!$C$3:$BZ$11,MATCH($C2,Releases!$C$3:$C$11,0),MATCH(G$1,Releases!$C$3:$BZ$3,0)),0) -> 0 | H2: =IFERROR(INDEX(Releases!$C$3:$BZ$11,MATCH($C2,Releases!$C$3:$C$11,0),MATCH(H$1,Releases!$C$3:$BZ$3,0)),0) -> 0 | I2: =IFERROR(INDEX(Releases!$C$3:$BZ$11,MATCH($C2,Releases!$C$3:$C$11,0),MATCH(I$1,Releases!$C$3:$BZ$3,0)),0) -> 0 | J2: =IFERROR(INDEX(Releases!$C$3:$BZ$11,MATCH($C2,Releases!$C$3:$C$11,0),MATCH(J$1,Releases!$C$3:$BZ$3,0)),0) -> 0 | K2: =IFERROR(INDEX(Releases!$C$3:$BZ$11,MATCH($C2,Releases!$C$3:$C$11,0),MATCH(K$1,Releases!$C$3:$BZ$3,0)),0) -> 0 | ... BR2: =IFERROR(INDEX(Releases!$C$3:$BZ$11,MATCH($C2,Releases!$C$3:$C$11,0),MATCH(BR$1,Releases!$C$3:$BZ$3,0)),0) -> 0
A3: =Releases!$D$1 -> 45978 | C3: P2352 CUM | D3: =IFERROR(INDEX(Releases!$C$3:$BZ$11,MATCH($C3,Releases!$C$3:$C$11,0),MATCH(D$1,Releases!$C$3:$BZ$3,0)),0) -> 0 | E3: =IFERROR(INDEX(Releases!$C$3:$BZ$11,MATCH($C3,Releases!$C$3:$C$11,0),MATCH(E$1,Releases!$C$3:$BZ$3,0)),0) -> 0 | F3: =IFERROR(INDEX(Releases!$C$3:$BZ$11,MATCH($C3,Releases!$C$3:$C$11,0),MATCH(F$1,Releases!$C$3:$BZ$3,0)),0) -> 0 | G3: =IFERROR(INDEX(Releases!$C$3:$BZ$11,MATCH($C3,Releases!$C$3:$C$11,0),MATCH(G$1,Releases!$C$3:$BZ$3,0)),0) -> 0 | H3: =IFERROR(INDEX(Releases!$C$3:$BZ$11,MATCH($C3,Releases!$C$3:$C$11,0),MATCH(H$1,Releases!$C$3:$BZ$3,0)),0) -> 0 | I3: =IFERROR(INDEX(Releases!$C$3:$BZ$11,MATCH($C3,Releases!$C$3:$C$11,0),MATCH(I$1,Releases!$C$3:$BZ$3,0)),0) -> 0 | J3: =IFERROR(INDEX(Releases!$C$3:$BZ$11,MATCH($C3,Releases!$C$3:$C$11,0),MATCH(J$1,Releases!$C$3:$BZ$3,0)),0) -> 0 | K3: =IFERROR(INDEX(Releases!$C$3:$BZ$11,MATCH($C3,Releases!$C$3:$C$11,0),MATCH(K$1,Releases!$C$3:$BZ$3,0)),0) -> 0 | ... BR3: =IFERROR(INDEX(Releases!$C$3:$BZ$11,MATCH($C3,Releases!$C$3:$C$11,0),MATCH(BR$1,Releases!$C$3:$BZ$3,0)),0) -> 0
A4: =Releases!$D$1 -> 45978 | B4: W12 Mech Bezel Pod 1 | C4: P2369 | D4: =IFERROR(INDEX(Releases!$C$3:$BZ$11,MATCH($C4,Releases!$C$3:$C$11,0),MATCH(D$1,Releases!$C$3:$BZ$3,0)),0) -> 0 | E4: =IFERROR(INDEX(Releases!$C$3:$BZ$11,MATCH($C4,Releases!$C$3:$C$11,0),MATCH(E$1,Releases!$C$3:$BZ$3,0)),0) -> 0 | F4: =IFERROR(INDEX(Releases!$C$3:$BZ$11,MATCH($C4,Releases!$C$3:$C$11,0),MATCH(F$1,Releases!$C$3:$BZ$3,0)),0) -> 0 | G4: =IFERROR(INDEX(Releases!$C$3:$BZ$11,MATCH($C4,Releases!$C$3:$C$11,0),MATCH(G$1,Releases!$C$3:$BZ$3,0)),0) -> 0 | H4: =IFERROR(INDEX(Releases!$C$3:$BZ$11,MATCH($C4,Releases!$C$3:$C$11,0),MATCH(H$1,Releases!$C$3:$BZ$3,0)),0) -> 0 | I4: =IFERROR(INDEX(Releases!$C$3:$BZ$11,MATCH($C4,Releases!$C$3:$C$11,0),MATCH(I$1,Releases!$C$3:$BZ$3,0)),0) -> 0 | J4: =IFERROR(INDEX(Releases!$C$3:$BZ$11,MATCH($C4,Releases!$C$3:$C$11,0),MATCH(J$1,Releases!$C$3:$BZ$3,0)),0) -> 0 | K4: =IFERROR(INDEX(Releases!$C$3:$BZ$11,MATCH($C4,Releases!$C$3:$C$11,0),MATCH(K$1,Releases!$C$3:$BZ$3,0)),0) -> 0 | ... BR4: =IFERROR(INDEX(Releases!$C$3:$BZ$11,MATCH($C4,Releases!$C$3:$C$11,0),MATCH(BR$1,Releases!$C$3:$BZ$3,0)),0) -> 0
A5: =Releases!$D$1 -> 45978 | C5: P2369 CUM | D5: =IFERROR(INDEX(Releases!$C$3:$BZ$11,MATCH($C5,Releases!$C$3:$C$11,0),MATCH(D$1,Releases!$C$3:$BZ$3,0)),0) -> 0 | E5: =IFERROR(INDEX(Releases!$C$3:$BZ$11,MATCH($C5,Releases!$C$3:$C$11,0),MATCH(E$1,Releases!$C$3:$BZ$3,0)),0) -> 0 | F5: =IFERROR(INDEX(Releases!$C$3:$BZ$11,MATCH($C5,Releases!$C$3:$C$11,0),MATCH(F$1,Releases!$C$3:$BZ$3,0)),0) -> 0 | G5: =IFERROR(INDEX(Releases!$C$3:$BZ$11,MATCH($C5,Releases!$C$3:$C$11,0),MATCH(G$1,Releases!$C$3:$BZ$3,0)),0) -> 0 | H5: =IFERROR(INDEX(Releases!$C$3:$BZ$11,MATCH($C5,Releases!$C$3:$C$11,0),MATCH(H$1,Releases!$C$3:$BZ$3,0)),0) -> 0 | I5: =IFERROR(INDEX(Releases!$C$3:$BZ$11,MATCH($C5,Releases!$C$3:$C$11,0),MATCH(I$1,Releases!$C$3:$BZ$3,0)),0) -> 0 | J5: =IFERROR(INDEX(Releases!$C$3:$BZ$11,MATCH($C5,Releases!$C$3:$C$11,0),MATCH(J$1,Releases!$C$3:$BZ$3,0)),0) -> 0 | K5: =IFERROR(INDEX(Releases!$C$3:$BZ$11,MATCH($C5,Releases!$C$3:$C$11,0),MATCH(K$1,Releases!$C$3:$BZ$3,0)),0) -> 0 | ... BR5: =IFERROR(INDEX(Releases!$C$3:$BZ$11,MATCH($C5,Releases!$C$3:$C$11,0),MATCH(BR$1,Releases!$C$3:$BZ$3,0)),0) -> 0
A6: =Releases!$D$1 -> 45978 | B6: W12 LH Cover Body Closeout Pod 5 | C6: P2370L | D6: =IFERROR(INDEX(Releases!$C$3:$BZ$11,MATCH($C6,Releases!$C$3:$C$11,0),MATCH(D$1,Releases!$C$3:$BZ$3,0)),0) -> 0 | E6: =IFERROR(INDEX(Releases!$C$3:$BZ$11,MATCH($C6,Releases!$C$3:$C$11,0),MATCH(E$1,Releases!$C$3:$BZ$3,0)),0) -> 0 | F6: =IFERROR(INDEX(Releases!$C$3:$BZ$11,MATCH($C6,Releases!$C$3:$C$11,0),MATCH(F$1,Releases!$C$3:$BZ$3,0)),0) -> 0 | G6: =IFERROR(INDEX(Releases!$C$3:$BZ$11,MATCH($C6,Releases!$C$3:$C$11,0),MATCH(G$1,Releases!$C$3:$BZ$3,0)),0) -> 0 | H6: =IFERROR(INDEX(Releases!$C$3:$BZ$11,MATCH($C6,Releases!$C$3:$C$11,0),MATCH(H$1,Releases!$C$3:$BZ$3,0)),0) -> 0 | I6: =IFERROR(INDEX(Releases!$C$3:$BZ$11,MATCH($C6,Releases!$C$3:$C$11,0),MATCH(I$1,Releases!$C$3:$BZ$3,0)),0) -> 0 | J6: =IFERROR(INDEX(Releases!$C$3:$BZ$11,MATCH($C6,Releases!$C$3:$C$11,0),MATCH(J$1,Releases!$C$3:$BZ$3,0)),0) -> 0 | K6: =IFERROR(INDEX(Releases!$C$3:$BZ$11,MATCH($C6,Releases!$C$3:$C$11,0),MATCH(K$1,Releases!$C$3:$BZ$3,0)),0) -> 0 | ... BR6: =IFERROR(INDEX(Releases!$C$3:$BZ$11,MATCH($C6,Releases!$C$3:$C$11,0),MATCH(BR$1,Releases!$C$3:$BZ$3,0)),0) -> 0
A7: =Releases!$D$1 -> 45978 | C7: P2370L CUM | D7: =IFERROR(INDEX(Releases!$C$3:$BZ$11,MATCH($C7,Releases!$C$3:$C$11,0),MATCH(D$1,Releases!$C$3:$BZ$3,0)),0) -> 0 | E7: =IFERROR(INDEX(Releases!$C$3:$BZ$11,MATCH($C7,Releases!$C$3:$C$11,0),MATCH(E$1,Releases!$C$3:$BZ$3,0)),0) -> 0 | F7: =IFERROR(INDEX(Releases!$C$3:$BZ$11,MATCH($C7,Releases!$C$3:$C$11,0),MATCH(F$1,Releases!$C$3:$BZ$3,0)),0) -> 0 | G7: =IFERROR(INDEX(Releases!$C$3:$BZ$11,MATCH($C7,Releases!$C$3:$C$11,0),MATCH(G$1,Releases!$C$3:$BZ$3,0)),0) -> 0 | H7: =IFERROR(INDEX(Releases!$C$3:$BZ$11,MATCH($C7,Releases!$C$3:$C$11,0),MATCH(H$1,Releases!$C$3:$BZ$3,0)),0) -> 0 | I7: =IFERROR(INDEX(Releases!$C$3:$BZ$11,MATCH($C7,Releases!$C$3:$C$11,0),MATCH(I$1,Releases!$C$3:$BZ$3,0)),0) -> 0 | J7: =IFERROR(INDEX(Releases!$C$3:$BZ$11,MATCH($C7,Releases!$C$3:$C$11,0),MATCH(J$1,Releases!$C$3:$BZ$3,0)),0) -> 0 | K7: =IFERROR(INDEX(Releases!$C$3:$BZ$11,MATCH($C7,Releases!$C$3:$C$11,0),MATCH(K$1,Releases!$C$3:$BZ$3,0)),0) -> 0 | ... BR7: =IFERROR(INDEX(Releases!$C$3:$BZ$11,MATCH($C7,Releases!$C$3:$C$11,0),MATCH(BR$1,Releases!$C$3:$BZ$3,0)),0) -> 0
A8: =Releases!$D$1 -> 45978 | B8: W12 RH Cover Body Closeout Pod 6 | C8: P2370R | D8: =IFERROR(INDEX(Releases!$C$3:$BZ$11,MATCH($C8,Releases!$C$3:$C$11,0),MATCH(D$1,Releases!$C$3:$BZ$3,0)),0) -> 0 | E8: =IFERROR(INDEX(Releases!$C$3:$BZ$11,MATCH($C8,Releases!$C$3:$C$11,0),MATCH(E$1,Releases!$C$3:$BZ$3,0)),0) -> 0 | F8: =IFERROR(INDEX(Releases!$C$3:$BZ$11,MATCH($C8,Releases!$C$3:$C$11,0),MATCH(F$1,Releases!$C$3:$BZ$3,0)),0) -> 0 | G8: =IFERROR(INDEX(Releases!$C$3:$BZ$11,MATCH($C8,Releases!$C$3:$C$11,0),MATCH(G$1,Releases!$C$3:$BZ$3,0)),0) -> 0 | H8: =IFERROR(INDEX(Releases!$C$3:$BZ$11,MATCH($C8,Releases!$C$3:$C$11,0),MATCH(H$1,Releases!$C$3:$BZ$3,0)),0) -> 0 | I8: =IFERROR(INDEX(Releases!$C$3:$BZ$11,MATCH($C8,Releases!$C$3:$C$11,0),MATCH(I$1,Releases!$C$3:$BZ$3,0)),0) -> 0 | J8: =IFERROR(INDEX(Releases!$C$3:$BZ$11,MATCH($C8,Releases!$C$3:$C$11,0),MATCH(J$1,Releases!$C$3:$BZ$3,0)),0) -> 0 | K8: =IFERROR(INDEX(Releases!$C$3:$BZ$11,MATCH($C8,Releases!$C$3:$C$11,0),MATCH(K$1,Releases!$C$3:$BZ$3,0)),0) -> 0 | ... BR8: =IFERROR(INDEX(Releases!$C$3:$BZ$11,MATCH($C8,Releases!$C$3:$C$11,0),MATCH(BR$1,Releases!$C$3:$BZ$3,0)),0) -> 0
A9: =Releases!$D$1 -> 45978 | C9: P2370R CUM | D9: =IFERROR(INDEX(Releases!$C$3:$BZ$11,MATCH($C9,Releases!$C$3:$C$11,0),MATCH(D$1,Releases!$C$3:$BZ$3,0)),0) -> 0 | E9: =IFERROR(INDEX(Releases!$C$3:$BZ$11,MATCH($C9,Releases!$C$3:$C$11,0),MATCH(E$1,Releases!$C$3:$BZ$3,0)),0) -> 0 | F9: =IFERROR(INDEX(Releases!$C$3:$BZ$11,MATCH($C9,Releases!$C$3:$C$11,0),MATCH(F$1,Releases!$C$3:$BZ$3,0)),0) -> 0 | G9: =IFERROR(INDEX(Releases!$C$3:$BZ$11,MATCH($C9,Releases!$C$3:$C$11,0),MATCH(G$1,Releases!$C$3:$BZ$3,0)),0) -> 0 | H9: =IFERROR(INDEX(Releases!$C$3:$BZ$11,MATCH($C9,Releases!$C$3:$C$11,0),MATCH(H$1,Releases!$C$3:$BZ$3,0)),0) -> 0 | I9: =IFERROR(INDEX(Releases!$C$3:$BZ$11,MATCH($C9,Releases!$C$3:$C$11,0),MATCH(I$1,Releases!$C$3:$BZ$3,0)),0) -> 0 | J9: =IFERROR(INDEX(Releases!$C$3:$BZ$11,MATCH($C9,Releases!$C$3:$C$11,0),MATCH(J$1,Releases!$C$3:$BZ$3,0)),0) -> 0 | K9: =IFERROR(INDEX(Releases!$C$3:$BZ$11,MATCH($C9,Releases!$C$3:$C$11,0),MATCH(K$1,Releases!$C$3:$BZ$3,0)),0) -> 0 | ... BR9: =IFERROR(INDEX(Releases!$C$3:$BZ$11,MATCH($C9,Releases!$C$3:$C$11,0),MATCH(BR$1,Releases!$C$3:$BZ$3,0)),0) -> 0
A11: Release date | B11: Description | C11: Part Number | D11: 46006 | E11: =D11+7 -> 46013 | F11: =E11+7 -> 46020 | G11: =F11+7 -> 46027 | H11: =G11+7 -> 46034 | I11: =H11+7 -> 46041 | J11: =I11+7 -> 46048 | K11: =J11+7 -> 46055 | L11: =K11+7 -> 46062 | ... BR11: =BQ11+7 -> 46468
A12: 45929 | B12: W12 Roof Top Cover | C12: P2352 | D12: 0 | E12: 28 | F12: 33 | G12: 33 | H12: 0 | I12: 44 | J12: 55 | K12: 55 | L12: 66 | M12: 66 | N12: 66 | O12: 66 | P12: 66 | Q12: 93.5 | R12: 88 | S12: 88 | T12: 88 | U12: 104.5 | V12: 110 | W12: 143 | X12: 143 | Y12: 143 | Z12: 143 | AA12: 143 | AB12: 143 | AC12: 143 | AD12: 218.9 | AE12: 231 | AF12: 231 | AG12: 231 | AH12: 231 | AI12: 184.8 | AJ12: 209 | AK12: 209 | AL12: 236.5 | AM12: 236.5 | AN12: 236.5 | AO12: 258.5 | AP12: 231 | AQ12: 166.1 | AR12: 154 | AS12: 337.7 | AT12: 269.5 | AU12: 269.5 | AV12: 269.5 | AW12: 269.5 | AX12: 269.5 | AY12: 269.5 | AZ12: 269.5 | BA12: 269.5 | BB12: 269.5 | BC12: 269.5 | BD12: 0 | BE12: 0 | BF12: 0 | BG12: 0 | BH12: 0 | BI12: 0 | BJ12: 0 | BK12: 0 | BL12: 0 | BM12: 0 | BN12: 0 | BO12: 0 | BP12: 0 | BQ12: 0 | BR12: 0
A13: 45929 | C13: P2352 CUM | D13: 0 | E13: 28 | F13: 61 | G13: 94 | H13: 94 | I13: 138 | J13: 193 | K13: 248 | L13: 314 | M13: 380 | N13: 446 | O13: 512 | P13: 578 | Q13: 671.5 | R13: 759.5 | S13: 847.5 | T13: 935.5 | U13: 1040 | V13: 1150 | W13: 1293 | X13: 1436 | Y13: 1579 | Z13: 1722 | AA13: 1865 | AB13: 2008 | AC13: 2151 | AD13: 2369.9 | AE13: 2600.9 | AF13: 2831.9 | AG13: 3062.9 | AH13: 3293.9 | AI13: 3478.7 | AJ13: 3687.7 | AK13: 3896.7 | AL13: 4133.2 | AM13: 4369.7 | AN13: 4606.2 | AO13: 4864.7 | AP13: 5095.7 | AQ13: 5261.8 | AR13: 5415.8 | AS13: 5753.5 | AT13: 6023 | AU13: 6292.5 | AV13: 6562 | AW13: 6831.5 | AX13: 7101 | AY13: 7370.5 | AZ13: 7640 | BA13: 7909.5 | BB13: 8179 | BC13: 8448.5 | BD13: 8448.5 | BE13: 8448.5 | BF13: 8448.5 | BG13: 8448.5 | BH13: 0 | BI13: 0 | BJ13: 0 | BK13: 0 | BL13: 0 | BM13: 0 | BN13: 0 | BO13: 0 | BP13: 0 | BQ13: 0 | BR13: 0
A14: 45929 | B14: W12 Mech Bezel Pod 1 | C14: P2369 | D14: 0 | E14: 28 | F14: 33 | G14: 33 | H14: 0 | I14: 44 | J14: 55 | K14: 55 | L14: 66 | M14: 66 | N14: 66 | O14: 66 | P14: 66 | Q14: 93.5 | R14: 88 | S14: 88 | T14: 88 | U14: 104.5 | V14: 110 | W14: 143 | X14: 143 | Y14: 143 | Z14: 143 | AA14: 143 | AB14: 143 | AC14: 143 | AD14: 218.9 | AE14: 231 | AF14: 231 | AG14: 231 | AH14: 231 | AI14: 184.8 | AJ14: 209 | AK14: 209 | AL14: 236.5 | AM14: 236.5 | AN14: 236.5 | AO14: 258.5 | AP14: 231 | AQ14: 166.1 | AR14: 154 | AS14: 337.7 | AT14: 269.5 | AU14: 269.5 | AV14: 269.5 | AW14: 269.5 | AX14: 269.5 | AY14: 269.5 | AZ14: 269.5 | BA14: 269.5 | BB14: 269.5 | BC14: 269.5 | BD14: 0 | BE14: 0 | BF14: 0 | BG14: 0 | BH14: 0 | BI14: 0 | BJ14: 0 | BK14: 0 | BL14: 0 | BM14: 0 | BN14: 0 | BO14: 0 | BP14: 0 | BQ14: 0 | BR14: 0
A15: 45929 | C15: P2369 CUM | D15: 0 | E15: 28 | F15: 61 | G15: 94 | H15: 94 | I15: 138 | J15: 193 | K15: 248 | L15: 314 | M15: 380 | N15: 446 | O15: 512 | P15: 578 | Q15: 671.5 | R15: 759.5 | S15: 847.5 | T15: 935.5 | U15: 1040 | V15: 1150 | W15: 1293 | X15: 1436 | Y15: 1579 | Z15: 1722 | AA15: 1865 | AB15: 2008 | AC15: 2151 | AD15: 2369.9 | AE15: 2600.9 | AF15: 2831.9 | AG15: 3062.9 | AH15: 3293.9 | AI15: 3478.7 | AJ15: 3687.7 | AK15: 3896.7 | AL15: 4133.2 | AM15: 4369.7 | AN15: 4606.2 | AO15: 4864.7 | AP15: 5095.7 | AQ15: 5261.8 | AR15: 5415.8 | AS15: 5753.5 | AT15: 6023 | AU15: 6292.5 | AV15: 6562 | AW15: 6831.5 | AX15: 7101 | AY15: 7370.5 | AZ15: 7640 | BA15: 7909.5 | BB15: 8179 | BC15: 8448.5 | BD15: 8448.5 | BE15: 8448.5 | BF15: 8448.5 | BG15: 8448.5 | BH15: 0 | BI15: 0 | BJ15: 0 | BK15: 0 | BL15: 0 | BM15: 0 | BN15: 0 | BO15: 0 | BP15: 0 | BQ15: 0 | BR15: 0
A16: 45929 | B16: W12 LH Cover Body Closeout Pod 5 | C16: P2370L | D16: 0 | E16: 28 | F16: 33 | G16: 33 | H16: 0 | I16: 44 | J16: 55 | K16: 55 | L16: 66 | M16: 66 | N16: 66 | O16: 66 | P16: 66 | Q16: 93.5 | R16: 88 | S16: 88 | T16: 88 | U16: 104.5 | V16: 110 | W16: 143 | X16: 143 | Y16: 143 | Z16: 143 | AA16: 143 | AB16: 143 | AC16: 143 | AD16: 218.9 | AE16: 231 | AF16: 231 | AG16: 231 | AH16: 231 | AI16: 184.8 | AJ16: 209 | AK16: 209 | AL16: 236.5 | AM16: 236.5 | AN16: 236.5 | AO16: 258.5 | AP16: 231 | AQ16: 166.1 | AR16: 154 | AS16: 337.7 | AT16: 269.5 | AU16: 269.5 | AV16: 269.5 | AW16: 269.5 | AX16: 269.5 | AY16: 269.5 | AZ16: 269.5 | BA16: 269.5 | BB16: 269.5 | BC16: 269.5 | BD16: 0 | BE16: 0 | BF16: 0 | BG16: 0 | BH16: 0 | BI16: 0 | BJ16: 0 | BK16: 0 | BL16: 0 | BM16: 0 | BN16: 0 | BO16: 0 | BP16: 0 | BQ16: 0 | BR16: 0
A17: 45929 | C17: P2370L CUM | D17: 0 | E17: 28 | F17: 61 | G17: 94 | H17: 94 | I17: 138 | J17: 193 | K17: 248 | L17: 314 | M17: 380 | N17: 446 | O17: 512 | P17: 578 | Q17: 671.5 | R17: 759.5 | S17: 847.5 | T17: 935.5 | U17: 1040 | V17: 1150 | W17: 1293 | X17: 1436 | Y17: 1579 | Z17: 1722 | AA17: 1865 | AB17: 2008 | AC17: 2151 | AD17: 2369.9 | AE17: 2600.9 | AF17: 2831.9 | AG17: 3062.9 | AH17: 3293.9 | AI17: 3478.7 | AJ17: 3687.7 | AK17: 3896.7 | AL17: 4133.2 | AM17: 4369.7 | AN17: 4606.2 | AO17: 4864.7 | AP17: 5095.7 | AQ17: 5261.8 | AR17: 5415.8 | AS17: 5753.5 | AT17: 6023 | AU17: 6292.5 | AV17: 6562 | AW17: 6831.5 | AX17: 7101 | AY17: 7370.5 | AZ17: 7640 | BA17: 7909.5 | BB17: 8179 | BC17: 8448.5 | BD17: 8448.5 | BE17: 8448.5 | BF17: 8448.5 | BG17: 8448.5 | BH17: 0 | BI17: 0 | BJ17: 0 | BK17: 0 | BL17: 0 | BM17: 0 | BN17: 0 | BO17: 0 | BP17: 0 | BQ17: 0 | BR17: 0
A18: 45929 | B18: W12 RH Cover Body Closeout Pod 6 | C18: P2370R | D18: 0 | E18: 28 | F18: 33 | G18: 33 | H18: 0 | I18: 44 | J18: 55 | K18: 55 | L18: 66 | M18: 66 | N18: 66 | O18: 66 | P18: 66 | Q18: 93.5 | R18: 88 | S18: 88 | T18: 88 | U18: 104.5 | V18: 110 | W18: 143 | X18: 143 | Y18: 143 | Z18: 143 | AA18: 143 | AB18: 143 | AC18: 143 | AD18: 218.9 | AE18: 231 | AF18: 231 | AG18: 231 | AH18: 231 | AI18: 184.8 | AJ18: 209 | AK18: 209 | AL18: 236.5 | AM18: 236.5 | AN18: 236.5 | AO18: 258.5 | AP18: 231 | AQ18: 166.1 | AR18: 154 | AS18: 337.7 | AT18: 269.5 | AU18: 269.5 | AV18: 269.5 | AW18: 269.5 | AX18: 269.5 | AY18: 269.5 | AZ18: 269.5 | BA18: 269.5 | BB18: 269.5 | BC18: 269.5 | BD18: 0 | BE18: 0 | BF18: 0 | BG18: 0 | BH18: 0 | BI18: 0 | BJ18: 0 | BK18: 0 | BL18: 0 | BM18: 0 | BN18: 0 | BO18: 0 | BP18: 0 | BQ18: 0 | BR18: 0
A19: 45929 | C19: P2370R CUM | D19: 0 | E19: 28 | F19: 61 | G19: 94 | H19: 94 | I19: 138 | J19: 193 | K19: 248 | L19: 314 | M19: 380 | N19: 446 | O19: 512 | P19: 578 | Q19: 671.5 | R19: 759.5 | S19: 847.5 | T19: 935.5 | U19: 1040 | V19: 1150 | W19: 1293 | X19: 1436 | Y19: 1579 | Z19: 1722 | AA19: 1865 | AB19: 2008 | AC19: 2151 | AD19: 2369.9 | AE19: 2600.9 | AF19: 2831.9 | AG19: 3062.9 | AH19: 3293.9 | AI19: 3478.7 | AJ19: 3687.7 | AK19: 3896.7 | AL19: 4133.2 | AM19: 4369.7 | AN19: 4606.2 | AO19: 4864.7 | AP19: 5095.7 | AQ19: 5261.8 | AR19: 5415.8 | AS19: 5753.5 | AT19: 6023 | AU19: 6292.5 | AV19: 6562 | AW19: 6831.5 | AX19: 7101 | AY19: 7370.5 | AZ19: 7640 | BA19: 7909.5 | BB19: 8179 | BC19: 8448.5 | BD19: 8448.5 | BE19: 8448.5 | BF19: 8448.5 | BG19: 8448.5 | BH19: 0 | BI19: 0 | BJ19: 0 | BK19: 0 | BL19: 0 | BM19: 0 | BN19: 0 | BO19: 0 | BP19: 0 | BQ19: 0 | BR19: 0
A20: 45901 | B20: W12 Roof Top Cover | C20: P2352 | D20: 0 | E20: 0 | F20: 0 | G20: 0 | H20: 0 | I20: 0 | J20: 0 | K20: 20 | L20: 20 | M20: 20 | N20: 20 | O20: 30 | P20: 30 | Q20: 30 | R20: 30 | S20: 30 | T20: 45 | U20: 45 | V20: 45 | W20: 45 | X20: 60 | Y20: 60 | Z20: 60 | AA20: 60 | AB20: 75 | AC20: 75 | AD20: 75 | AE20: 90 | AF20: 90 | AG20: 100 | AH20: 100 | AI20: 100 | AJ20: 115 | AK20: 115 | AL20: 115 | AM20: 115 | AN20: 115 | AO20: 115 | AP20: 115 | AQ20: 115 | AR20: 115 | AS20: 115 | AT20: 115 | AU20: 115 | AV20: 115 | AW20: 115 | AX20: 115 | AY20: 115 | AZ20: 115 | BA20: 120 | BB20: 120 | BC20: 120 | BD20: 120 | BE20: 120 | BF20: 120 | BG20: 0 | BH20: 0 | BI20: 0 | BJ20: 0 | BK20: 0 | BL20: 0 | BM20: 0 | BN20: 0 | BO20: 0 | BP20: 0 | BQ20: 0 | BR20: 0
A21: 45901 | C21: P2352 CUM | D21: 0 | E21: 0 | F21: 0 | G21: 0 | H21: 0 | I21: 0 | J21: 0 | K21: 20 | L21: 40 | M21: 60 | N21: 80 | O21: 110 | P21: 140 | Q21: 170 | R21: 200 | S21: 230 | T21: 275 | U21: 320 | V21: 365 | W21: 410 | X21: 470 | Y21: 530 | Z21: 590 | AA21: 650 | AB21: 725 | AC21: 800 | AD21: 875 | AE21: 965 | AF21: 1055 | AG21: 1155 | AH21: 1255 | AI21: 1355 | AJ21: 1470 | AK21: 1585 | AL21: 1700 | AM21: 1815 | AN21: 1930 | AO21: 2045 | AP21: 2160 | AQ21: 2275 | AR21: 2390 | AS21: 2505 | AT21: 2620 | AU21: 2735 | AV21: 2850 | AW21: 2965 | AX21: 3080 | AY21: 3195 | AZ21: 3310 | BA21: 3430 | BB21: 3550 | BC21: 3670 | BD21: 3790 | BE21: 3910 | BF21: 4030 | BG21: 0 | BH21: 0 | BI21: 0 | BJ21: 0 | BK21: 0 | BL21: 0 | BM21: 0 | BN21: 0 | BO21: 0 | BP21: 0 | BQ21: 0 | BR21: 0
A22: 45901 | B22: W12 Mech Bezel Pod 1 | C22: P2369 | D22: 0 | E22: 0 | F22: 0 | G22: 0 | H22: 0 | I22: 0 | J22: 0 | K22: 20 | L22: 20 | M22: 20 | N22: 20 | O22: 30 | P22: 30 | Q22: 30 | R22: 30 | S22: 30 | T22: 45 | U22: 45 | V22: 45 | W22: 45 | X22: 60 | Y22: 60 | Z22: 60 | AA22: 60 | AB22: 75 | AC22: 75 | AD22: 75 | AE22: 90 | AF22: 90 | AG22: 100 | AH22: 100 | AI22: 100 | AJ22: 115 | AK22: 115 | AL22: 115 | AM22: 115 | AN22: 115 | AO22: 115 | AP22: 115 | AQ22: 115 | AR22: 115 | AS22: 115 | AT22: 115 | AU22: 115 | AV22: 115 | AW22: 115 | AX22: 115 | AY22: 115 | AZ22: 115 | BA22: 120 | BB22: 120 | BC22: 120 | BD22: 120 | BE22: 120 | BF22: 120 | BG22: 0 | BH22: 0 | BI22: 0 | BJ22: 0 | BK22: 0 | BL22: 0 | BM22: 0 | BN22: 0 | BO22: 0 | BP22: 0 | BQ22: 0 | BR22: 0
A23: 45901 | C23: P2369 CUM | D23: 0 | E23: 0 | F23: 0 | G23: 0 | H23: 0 | I23: 0 | J23: 0 | K23: 20 | L23: 40 | M23: 60 | N23: 80 | O23: 110 | P23: 140 | Q23: 170 | R23: 200 | S23: 230 | T23: 275 | U23: 320 | V23: 365 | W23: 410 | X23: 470 | Y23: 530 | Z23: 590 | AA23: 650 | AB23: 725 | AC23: 800 | AD23: 875 | AE23: 965 | AF23: 1055 | AG23: 1155 | AH23: 1255 | AI23: 1355 | AJ23: 1470 | AK23: 1585 | AL23: 1700 | AM23: 1815 | AN23: 1930 | AO23: 2045 | AP23: 2160 | AQ23: 2275 | AR23: 2390 | AS23: 2505 | AT23: 2620 | AU23: 2735 | AV23: 2850 | AW23: 2965 | AX23: 3080 | AY23: 3195 | AZ23: 3310 | BA23: 3430 | BB23: 3550 | BC23: 3670 | BD23: 3790 | BE23: 3910 | BF23: 4030 | BG23: 0 | BH23: 0 | BI23: 0 | BJ23: 0 | BK23: 0 | BL23: 0 | BM23: 0 | BN23: 0 | BO23: 0 | BP23: 0 | BQ23: 0 | BR23: 0
A24: 45901 | B24: W12 LH Cover Body Closeout Pod 5 | C24: P2370L | D24: 0 | E24: 0 | F24: 0 | G24: 0 | H24: 0 | I24: 0 | J24: 0 | K24: 20 | L24: 20 | M24: 20 | N24: 20 | O24: 30 | P24: 30 | Q24: 30 | R24: 30 | S24: 30 | T24: 45 | U24: 45 | V24: 45 | W24: 45 | X24: 60 | Y24: 60 | Z24: 60 | AA24: 60 | AB24: 75 | AC24: 75 | AD24: 75 | AE24: 90 | AF24: 90 | AG24: 100 | AH24: 100 | AI24: 100 | AJ24: 115 | AK24: 115 | AL24: 115 | AM24: 115 | AN24: 115 | AO24: 115 | AP24: 115 | AQ24: 115 | AR24: 115 | AS24: 115 | AT24: 115 | AU24: 115 | AV24: 115 | AW24: 115 | AX24: 115 | AY24: 115 | AZ24: 115 | BA24: 120 | BB24: 120 | BC24: 120 | BD24: 120 | BE24: 120 | BF24: 120 | BG24: 0 | BH24: 0 | BI24: 0 | BJ24: 0 | BK24: 0 | BL24: 0 | BM24: 0 | BN24: 0 | BO24: 0 | BP24: 0 | BQ24: 0 | BR24: 0
A25: 45901 | C25: P2370L CUM | D25: 0 | E25: 0 | F25: 0 | G25: 0 | H25: 0 | I25: 0 | J25: 0 | K25: 20 | L25: 40 | M25: 60 | N25: 80 | O25: 110 | P25: 140 | Q25: 170 | R25: 200 | S25: 230 | T25: 275 | U25: 320 | V25: 365 | W25: 410 | X25: 470 | Y25: 530 | Z25: 590 | AA25: 650 | AB25: 725 | AC25: 800 | AD25: 875 | AE25: 965 | AF25: 1055 | AG25: 1155 | AH25: 1255 | AI25: 1355 | AJ25: 1470 | AK25: 1585 | AL25: 1700 | AM25: 1815 | AN25: 1930 | AO25: 2045 | AP25: 2160 | AQ25: 2275 | AR25: 2390 | AS25: 2505 | AT25: 2620 | AU25: 2735 | AV25: 2850 | AW25: 2965 | AX25: 3080 | AY25: 3195 | AZ25: 3310 | BA25: 3430 | BB25: 3550 | BC25: 3670 | BD25: 3790 | BE25: 3910 | BF25: 4030 | BG25: 0 | BH25: 0 | BI25: 0 | BJ25: 0 | BK25: 0 | BL25: 0 | BM25: 0 | BN25: 0 | BO25: 0 | BP25: 0 | BQ25: 0 | BR25: 0
A26: 45901 | B26: W12 RH Cover Body Closeout Pod 6 | C26: P2370R | D26: 0 | E26: 0 | F26: 0 | G26: 0 | H26: 0 | I26: 0 | J26: 0 | K26: 20 | L26: 20 | M26: 20 | N26: 20 | O26: 30 | P26: 30 | Q26: 30 | R26: 30 | S26: 30 | T26: 45 | U26: 45 | V26: 45 | W26: 45 | X26: 60 | Y26: 60 | Z26: 60 | AA26: 60 | AB26: 75 | AC26: 75 | AD26: 75 | AE26: 90 | AF26: 90 | AG26: 100 | AH26: 100 | AI26: 100 | AJ26: 115 | AK26: 115 | AL26: 115 | AM26: 115 | AN26: 115 | AO26: 115 | AP26: 115 | AQ26: 115 | AR26: 115 | AS26: 115 | AT26: 115 | AU26: 115 | AV26: 115 | AW26: 115 | AX26: 115 | AY26: 115 | AZ26: 115 | BA26: 120 | BB26: 120 | BC26: 120 | BD26: 120 | BE26: 120 | BF26: 120 | BG26: 0 | BH26: 0 | BI26: 0 | BJ26: 0 | BK26: 0 | BL26: 0 | BM26: 0 | BN26: 0 | BO26: 0 | BP26: 0 | BQ26: 0 | BR26: 0
A27: 45901 | C27: P2370R CUM | D27: 0 | E27: 0 | F27: 0 | G27: 0 | H27: 0 | I27: 0 | J27: 0 | K27: 20 | L27: 40 | M27: 60 | N27: 80 | O27: 110 | P27: 140 | Q27: 170 | R27: 200 | S27: 230 | T27: 275 | U27: 320 | V27: 365 | W27: 410 | X27: 470 | Y27: 530 | Z27: 590 | AA27: 650 | AB27: 725 | AC27: 800 | AD27: 875 | AE27: 965 | AF27: 1055 | AG27: 1155 | AH27: 1255 | AI27: 1355 | AJ27: 1470 | AK27: 1585 | AL27: 1700 | AM27: 1815 | AN27: 1930 | AO27: 2045 | AP27: 2160 | AQ27: 2275 | AR27: 2390 | AS27: 2505 | AT27: 2620 | AU27: 2735 | AV27: 2850 | AW27: 2965 | AX27: 3080 | AY27: 3195 | AZ27: 3310 | BA27: 3430 | BB27: 3550 | BC27: 3670 | BD27: 3790 | BE27: 3910 | BF27: 4030 | BG27: 0 | BH27: 0 | BI27: 0 | BJ27: 0 | BK27: 0 | BL27: 0 | BM27: 0 | BN27: 0 | BO27: 0 | BP27: 0 | BQ27: 0 | BR27: 0
