Workbook
Name Cavities: '[1]Overall Status'!$A:$IV
Name pack: [2]Data!$A$163:$M$201
Name ToolNoOptions: [3]Lists!$D$3:$D$7

Sheet Packing Slip
G1: Packing Slip/ BOL
C2: CUSTOM COATING AND MANUFACTURING | G2: BRP
C3: 125 Mason St
C4: Wallaceburg, ON | F4: PO #: SEE PO # COLUMN
C5: N8A 4L7
C6: Phone: 519-627-7885 | D6: Fax: 519-627-7245
C7: Ship to: | F7: Bill to:
C8: BRP | F8: Same
C9: 565 Rue de la Montagne
C10: Valcourt, QC, J0E 2L0
C11: Part # | D11: Description | E11: Color | F11: PO # | G11: Line # | H11: # of Boxes | I11: Total Parts Shipped
D12: =IFERROR(VLOOKUP(C12,MasterList!$A$2:$E$73,2,0),"") | E12: =IFERROR(VLOOKUP(C12,MasterList!$A$2:$E$73,3,0),"") | F12: =IFERROR(VLOOKUP(C12,MasterList!$A$2:$E$73,4,0),"") | G12: =IFERROR(VLOOKUP(C12,MasterList!$A$2:$E$73,5,0),"")
D13: =IFERROR(VLOOKUP(C13,MasterList!$A$2:$E$73,2,0),"") | E13: =IFERROR(VLOOKUP(C13,MasterList!$A$2:$E$73,3,0),"") | F13: =IFERROR(VLOOKUP(C13,MasterList!$A$2:$E$73,4,0),"") | G13: =IFERROR(VLOOKUP(C13,MasterList!$A$2:$E$73,5,0),"")
D14: =IFERROR(VLOOKUP(C14,MasterList!$A$2:$E$73,2,0),"") | E14: =IFERROR(VLOOKUP(C14,MasterList!$A$2:$E$73,3,0),"") | F14: =IFERROR(VLOOKUP(C14,MasterList!$A$2:$E$73,4,0),"") | G14: =IFERROR(VLOOKUP(C14,MasterList!$A$2:$E$73,5,0),"")
D15: =IFERROR(VLOOKUP(C15,MasterList!$A$2:$E$73,2,0),"") | E15: =IFERROR(VLOOKUP(C15,MasterList!$A$2:$E$73,3,0),"") | F15: =IFERROR(VLOOKUP(C15,MasterList!$A$2:$E$73,4,0),"") | G15: =IFERROR(VLOOKUP(C15,MasterList!$A$2:$E$73,5,0),"")
D16: =IFERROR(VLOOKUP(C16,MasterList!$A$2:$E$73,2,0),"") | E16: =IFERROR(VLOOKUP(C16,MasterList!$A$2:$E$73,3,0),"") | F16: =IFERROR(VLOOKUP(C16,MasterList!$A$2:$E$73,4,0),"") | G16: =IFERROR(VLOOKUP(C16,MasterList!$A$2:$E$73,5,0),"")
D17: =IFERROR(VLOOKUP(C17,MasterList!$A$2:$E$73,2,0),"") | E17: =IFERROR(VLOOKUP(C17,MasterList!$A$2:$E$73,3,0),"") | F17: =IFERROR(VLOOKUP(C17,MasterList!$A$2:$E$73,4,0),"") | G17: =IFERROR(VLOOKUP(C17,MasterList!$A$2:$E$73,5,0),"")
D18: =IFERROR(VLOOKUP(C18,MasterList!$A$2:$E$73,2,0),"") | E18: =IFERROR(VLOOKUP(C18,MasterList!$A$2:$E$73,3,0),"") | F18: =IFERROR(VLOOKUP(C18,MasterList!$A$2:$E$73,4,0),"") | G18: =IFERROR(VLOOKUP(C18,MasterList!$A$2:$E$73,5,0),"")
D19: =IFERROR(VLOOKUP(C19,MasterList!$A$2:$E$73,2,0),"") | E19: =IFERROR(VLOOKUP(C19,MasterList!$A$2:$E$73,3,0),"") | F19: =IFERROR(VLOOKUP(C19,MasterList!$A$2:$E$73,4,0),"") | G19: =IFERROR(VLOOKUP(C19,MasterList!$A$2:$E$73,5,0),"")
D20: =IFERROR(VLOOKUP(C20,MasterList!$A$2:$E$73,2,0),"") | E20: =IFERROR(VLOOKUP(C20,MasterList!$A$2:$E$73,3,0),"") | F20: =IFERROR(VLOOKUP(C20,MasterList!$A$2:$E$73,4,0),"") | G20: =IFERROR(VLOOKUP(C20,MasterList!$A$2:$E$73,5,0),"")
D21: =IFERROR(VLOOKUP(C21,MasterList!$A$2:$E$73,2,0),"") | E21: =IFERROR(VLOOKUP(C21,MasterList!$A$2:$E$73,3,0),"") | F21: =IFERROR(VLOOKUP(C21,MasterList!$A$2:$E$73,4,0),"") | G21: =IFERROR(VLOOKUP(C21,MasterList!$A$2:$E$73,5,0),"")
D22: =IFERROR(VLOOKUP(C22,MasterList!$A$2:$E$73,2,0),"") | E22: =IFERROR(VLOOKUP(C22,MasterList!$A$2:$E$73,3,0),"") | F22: =IFERROR(VLOOKUP(C22,MasterList!$A$2:$E$73,4,0),"") | G22: =IFERROR(VLOOKUP(C22,MasterList!$A$2:$E$73,5,0),"")
D23: =IFERROR(VLOOKUP(C23,MasterList!$A$2:$E$73,2,0),"") | E23: =IFERROR(VLOOKUP(C23,MasterList!$A$2:$E$73,3,0),"") | F23: =IFERROR(VLOOKUP(C23,MasterList!$A$2:$E$73,4,0),"") | G23: =IFERROR(VLOOKUP(C23,MasterList!$A$2:$E$73,5,0),"")
... D57: =IFERROR(VLOOKUP(C57,MasterList!$A$2:$E$73,2,0),"") | E57: =IFERROR(VLOOKUP(C57,MasterList!$A$2:$E$73,3,0),"") | F57: =IFERROR(VLOOKUP(C57,MasterList!$A$2:$E$73,4,0),"") | G57: =IFERROR(VLOOKUP(C57,MasterList!$A$2:$E$73,5,0),"")
G58: Total | H58: =SUM(H12:H57) -> 0 | I58: =SUM(I12:I57) -> 0
C59: Date:
C60: Ship Via: | I60: =(I58*2)+(H60*10) -> 0
C61: Driver Print: | H61: Total Skids | I61: Total Weight (lbs)
C62: Shipper Init: | F62: Truck/Trailer#:
F63: Driver Signature:
C64: Select Finishing Return Policy: Material returns will be accepted only with prior written authorization and within 30 days of receipt. You must contact Select Finishing for a Returned Material Authorization Number (RMA). Damaged or defective product may be replaced or credited at our discretion. No credit shall exceed the value of the sale of the product. Only credits issued by Select Finishing will be authorized. Purchaser may not credit their account.

Sheet MasterList
A1: FINISHED PN | B1: DESCRIPTION (English) | C1: COLOUR | D1: PO# | E1: LINE ITEM
A2: 705013571 | B2: Tank Cover | C2: Deep Black | D2: 5500197886 | E2: 70
A3: 705019194 | B3: New Tank Cover | C3: Deep Black | D3: 5500197886 | E3: 310
A4: 708302912 | B4: Tail Fairing | C4: Deep Black | D4: 5500197886 | E4: 220
A5: 708400338 | B5: RH Consol Fairing | C5: Deep Black | D5: 5500197886 | E5: 270
A6: 708400340 | B6: LH Consol Fairing | C6: Deep Black | D6: 5500197886 | E6: 280
A7: 708400719 | B7: New LH Console Panel | C7: Deep Black | D7: 5500194952 | E7: 140
A8: 708400720 | B8: New RH Console Panel | C8: Deep Black | D8: 5500194952 | E8: 150
A9: 708400723 | B9: New Nose Fairing | C9: Deep Black | D9: 5500194952 | E9: 160
A10: 708400826 | B10: New Tail Fairing | C10: Deep Black | D10: 5500194952 | E10: 170
A11: 705016725 | B11: LH Upper Fairing | C11: Hyper Silver | D11: 5500197886 | E11: 80
A12: 705016726 | B12: RH Upper Fairing | C12: Hyper Silver | D12: 5500197886 | E12: 90
A13: 705016733 | B13: LH Fender | C13: Hyper Silver | D13: 5500197886 | E13: 100
... A65: 708304988 | B65: RH F3T Panel | C65: British Green | D65: 4350011639 | E65: 180
A66: 705019325 | B66: LH Fender | C66: Deep Black
A67: 705019326 | B67: RH Fender | C67: Deep Black
A68: 705019327 | B68: LH Scoop | C68: Deep Black
A69: 705019328 | B69: RH Scoop | C69: Deep Black
A70: 708400948 | B70: LH Access Panel | C70: Deep Black
A71: 708400949 | B71: RH Access Panel | C71: Deep Black
A72: 708400950 | B72: LH Mirror Shell - No Hole | C72: Deep Black
A73: 708400951 | B73: RH Mirror Shell - No Hole | C73: Deep Black
