Workbook

Sheet Weekly Plan
G1: 103 | H1: 45299 | I1: =H1+1 -> 45300 | J1: =I1+1 -> 45301 | K1: =J1+1 -> 45302 | L1: =K1+1 -> 45303 | M1: =L1+1 -> 45304
B2: 4.5ft | C2: 5.5ft | D2: 5.75 | E2: pcs/rack | F2: Part Num | G2: Part | H2: Mon | I2: Tue | J2: Wed | K2: Thur | L2: Friday | M2: Sat
A3: 4 | F3: Hyper Silver (Spyder)
A4: =(E4*4)/$A$3 -> 2 | E4: 2 | F4: 705014100 | G4: LH Upper Fairing
A5: =(E5*4)/$A$3 -> 2 | E5: 2 | F5: 705014101 | G5: RH Upper Fairing
A6: =(E6*4)/$A$3 -> 2 | E6: 2 | F6: 705012976 | G6: LH Fender
A7: =(E7*4)/$A$3 -> 2 | E7: 2 | F7: 705012868 | G7: RH Fender
A8: =(E8*4)/$A$3 -> 2 | E8: 2 | F8: 708003041 | G8: Rear Fairing
A9: =(E9*4)/$A$3 -> 1 | E9: 1 | F9: 708200870 | G9: LH Front Fairing
A10: =(E10*4)/$A$3 -> 1 | E10: 1 | F10: 708200871 | G10: RH Front Fairing
A11: =(E11*4)/$A$3 -> 1 | E11: 1 | F11: 708200869 | G11: R66 Hood
A12: =(E12*4)/$A$3 -> 2 | E12: 2 | F12: 708302947 | G12: LH Box Cover
A13: =(E13*4)/$A$3 -> 2 | E13: 2 | F13: 708302948 | G13: RH Box Cover
A14: =(E14*4)/$A$3 -> 4 | E14: 4 | F14: 708303800 | G14: LH F3T Panel
A15: =(E15*4)/$A$3 -> 4 | E15: 4 | F15: 708303801 | G15: RH F3T Panel
... A17: =(E17*4)/$A$3 -> 2 | E17: 2 | F17: 708400463 | G17: RH Mirror Shell - No Hole
A18: =(E18*4)/$A$3 -> 0 | E18: 0 | F18: British Green (Spyder) | P18: Weekly Timing
A19: =(E19*4)/$A$3 -> 2 | E19: 2 | F19: 705009213 | G19: LH F3T Low Fairing | Q19: Monday | R19: Tuesday | T19: Wednesday | V19: Thursday | X19: Friday | Z19: Saturday
A20: =(E20*4)/$A$3 -> 2 | E20: 2 | F20: 705009214 | G20: RH F3T Low Fairing | P20: ='Mon (103)'!M35 -> Colour | Q20: ='Mon (103)'!N35 -> Time (mins) | R20: ='Tue (103)'!N35 -> Time (mins) | T20: ='Wed (103)'!N35 -> Time (mins) | V20: ='Thur (103)'!N35 -> Time (mins) | X20: ='Fri (103)'!N35 -> Time (mins) | Z20: ='Sat (103)'!N35 -> Time (mins)
A21: =(E21*4)/$A$3 -> 1 | E21: 1 | F21: 705010835 | G21: RH Fairing | P21: ='Mon (103)'!M36 -> Hyper Silver | Q21: ='Mon (103)'!N36 -> 0 | R21: ='Tue (103)'!N36 -> 0 | T21: ='Wed (103)'!N36 -> 0 | V21: ='Thur (103)'!N36 -> 0 | X21: ='Fri (103)'!N36 -> 0 | Z21: ='Sat (103)'!N36 -> 0
A22: =(E22*4)/$A$3 -> 1 | E22: 1 | F22: 705010851 | G22: LH Fairing | P22: ='Mon (103)'!M37 -> Deep Black | Q22: ='Mon (103)'!N37 -> 0 | R22: ='Tue (103)'!N37 -> 0 | T22: ='Wed (103)'!N37 -> 0 | V22: ='Thur (103)'!N37 -> 0 | X22: ='Fri (103)'!N37 -> 0 | Z22: ='Sat (103)'!N37 -> 0
A23: =(E23*4)/$A$3 -> 2 | E23: 2 | F23: 705012976 | G23: LH Fender | P23: ='Mon (103)'!M38 -> British Green | Q23: ='Mon (103)'!N38 -> 0 | R23: ='Tue (103)'!N38 -> 0 | T23: ='Wed (103)'!N38 -> 0 | V23: ='Thur (103)'!N38 -> 0 | X23: ='Fri (103)'!N38 -> 0 | Z23: ='Sat (103)'!N38 -> 0
A24: =(E24*4)/$A$3 -> 2 | E24: 2 | F24: 705012868 | G24: RH Fender | P24: ='Mon (103)'!M39 -> Vegas White | Q24: ='Mon (103)'!N39 -> 0 | R24: ='Tue (103)'!N39 -> 0 | T24: ='Wed (103)'!N39 -> 0 | V24: ='Thur (103)'!N39 -> 0 | X24: ='Fri (103)'!N39 -> 0 | Z24: ='Sat (103)'!N39 -> 0
A25: =(E25*4)/$A$3 -> 1 | E25: 1 | F25: 708200366 | G25: Hood | P25: ='Mon (103)'!M40 -> Black - Laval | Q25: ='Mon (103)'!N40 -> 0 | R25: ='Tue (103)'!N40 -> 0 | T25: ='Wed (103)'!N40 -> 0 | V25: ='Thur (103)'!N40 -> 0 | X25: ='Fri (103)'!N40 -> 0 | Z25: ='Sat (103)'!N40 -> 0
A26: =(E26*4)/$A$3 -> 2 | E26: 2 | F26: 708200401 | G26: LH Vent Panel | P26: ='Mon (103)'!M41 -> Summit White - Laval | Q26: ='Mon (103)'!N41 -> 0 | R26: ='Tue (103)'!N41 -> 0 | T26: ='Wed (103)'!N41 -> 0 | V26: ='Thur (103)'!N41 -> 0 | X26: ='Fri (103)'!N41 -> 0 | Z26: ='Sat (103)'!N41 -> 0
A27: =(E27*4)/$A$3 -> 2 | E27: 2 | F27: 708200402 | G27: RH Vent Panel | P27: ='Mon (103)'!M42 -> Mitchell Plastics | Q27: ='Mon (103)'!N42 -> 0 | R27: ='Tue (103)'!N42 -> 0 | T27: ='Wed (103)'!N42 -> 0 | V27: ='Thur (103)'!N42 -> 0 | X27: ='Fri (103)'!N42 -> 0 | Z27: ='Sat (103)'!N42 -> 0
A28: =(E28*4)/$A$3 -> 1 | E28: 1 | F28: 708200698 | G28: Fascia | P28: ='Mon (103)'!M43 -> Seastar | Q28: ='Mon (103)'!N43 -> 0 | R28: ='Tue (103)'!N43 -> 0 | T28: ='Wed (103)'!N43 -> 0 | V28: ='Thur (103)'!N43 -> 0 | X28: ='Fri (103)'!N43 -> 0 | Z28: ='Sat (103)'!N43 -> 0
A29: =(E29*4)/$A$3 -> 1 | E29: 1 | F29: 708301214 | G29: LH Cover | P29: ='Mon (103)'!M44 -> Manterra - Hyper Silver | Q29: ='Mon (103)'!N44 -> 0 | R29: ='Tue (103)'!N44 -> 0 | T29: ='Wed (103)'!N44 -> 0 | V29: ='Thur (103)'!N44 -> 0 | X29: ='Fri (103)'!N44 -> 0 | Z29: ='Sat (103)'!N44 -> 0
A30: =(E30*4)/$A$3 -> 1 | E30: 1 | F30: 708301215 | G30: RH Cover | P30: ='Mon (103)'!M45 -> Falcon Lakeside Hyper Silver | Q30: ='Mon (103)'!N45 -> 0 | R30: ='Tue (103)'!N45 -> 0 | T30: ='Wed (103)'!N45 -> 0 | V30: ='Thur (103)'!N45 -> 0 | X30: ='Fri (103)'!N45 -> 0 | Z30: ='Sat (103)'!N45 -> 0
A31: =(E31*4)/$A$3 -> 4 | E31: 4 | F31: 708303800 | G31: LH F3T Panel | P31: ='Mon (103)'!M46 -> Tesla - High Gloss Black | Q31: ='Mon (103)'!N46 -> 0 | R31: ='Tue (103)'!N46 -> 0 | T31: ='Wed (103)'!N46 -> 0 | V31: ='Thur (103)'!N46 -> 0 | X31: ='Fri (103)'!N46 -> 0 | Z31: ='Sat (103)'!N46 -> 0
A32: =(E32*4)/$A$3 -> 4 | E32: 4 | F32: 708303801 | G32: RH F3T Panel | P32: ='Mon (103)'!M47 -> 0 | R32: ='Tue (103)'!N47 -> 0 | T32: ='Wed (103)'!N47 -> 0 | V32: ='Thur (103)'!N47 -> 0 | X32: ='Fri (103)'!N47 -> 0 | Z32: ='Sat (103)'!N47 -> 0
A33: =(E33*4)/$A$3 -> 0 | E33: 0 | F33: Deep Black (Spyder) | P33: ='Mon (103)'!M48 -> 0 | Q33: ='Mon (103)'!N47 -> 0 | R33: ='Tue (103)'!N48 -> 0 | T33: ='Wed (103)'!N48 -> 0 | V33: ='Thur (103)'!N48 -> 0 | X33: ='Fri (103)'!N48 -> 0 | Z33: ='Sat (103)'!N48 -> 0
A34: =(E34*4)/$A$3 -> 2 | E34: 2 | F34: 708400287 | G34: Tank Cover | P34: ='Mon (103)'!M49 -> 0 | Q34: ='Mon (103)'!N48 -> 0 | R34: ='Tue (103)'!N49 -> 0 | T34: ='Wed (103)'!N49 -> 0 | V34: ='Thur (103)'!N49 -> 0 | X34: ='Fri (103)'!N49 -> 0 | Z34: ='Sat (103)'!N49 -> 0
A35: =(E35*4)/$A$3 -> 2 | E35: 2 | F35: 705019189 | G35: New Tank Cover | Q35: ='Mon (103)'!N49 -> 0 | R35: ='Tue (103)'!N50 -> 0 | T35: ='Wed (103)'!N50 -> 0 | V35: ='Thur (103)'!N50 -> 0 | X35: ='Fri (103)'!N50 -> 0 | Z35: ='Sat (103)'!N50 -> 0
A36: =(E36*4)/$A$3 -> 2 | E36: 2 | F36: 708001528 | G36: Tail Fairing | P36: ='Mon (103)'!M50 -> Total: | Q36: ='Mon (103)'!N50 -> 0 | R36: ='Tue (103)'!N51 -> 0 | T36: ='Wed (103)'!N51 -> 0 | V36: ='Thur (103)'!N51 -> 0 | X36: ='Fri (103)'!N51 -> 0 | Z36: ='Sat (103)'!N51 -> 0
A37: =(E37*4)/$A$3 -> 2 | E37: 2 | F37: 708400069 | G37: RH Consol Fairing | P37: ='Mon (103)'!M51 -> 0 | Q37: ='Mon (103)'!N51 -> 0 | R37: ='Tue (103)'!N52 -> 0 | T37: ='Wed (103)'!N52 -> 0 | V37: ='Thur (103)'!N52 -> 0 | X37: ='Fri (103)'!N52 -> 0 | Z37: ='Sat (103)'!N52 -> 0
A38: =(E38*4)/$A$3 -> 2 | E38: 2 | F38: 708400067 | G38: LH Consol Fairing | P38: ='Mon (103)'!M52 -> Gaps | Q38: ='Mon (103)'!N52 -> 0 | R38: ='Tue (103)'!N53 -> 0 | T38: ='Wed (103)'!N53 -> 0 | V38: ='Thur (103)'!N53 -> 0 | X38: ='Fri (103)'!N53 -> 0 | Z38: ='Sat (103)'!N53 -> 0
A39: =(E39*4)/$A$3 -> 2 | E39: 2 | F39: 708400956 | G39: New LH Console Panel | P39: ='Mon (103)'!M53 -> 0 | Q39: ='Mon (103)'!N53 -> 0 | R39: ='Tue (103)'!N54 -> 0 | T39: ='Wed (103)'!N54 -> 0 | V39: ='Thur (103)'!N54 -> 0 | X39: ='Fri (103)'!N54 -> 0 | Z39: ='Sat (103)'!N54 -> 0
A40: =(E40*4)/$A$3 -> 2 | E40: 2 | F40: 708400957 | G40: New RH Console Panel | P40: ='Mon (103)'!M54 -> Total Time (hrs) | Q40: ='Mon (103)'!N54 -> 0 | R40: ='Tue (103)'!N55 -> 0 | T40: ='Wed (103)'!N55 -> 0 | V40: ='Thur (103)'!N55 -> 0 | X40: ='Fri (103)'!N55 -> 0 | Z40: ='Sat (103)'!N55 -> 0
A41: =(E41*4)/$A$3 -> 2 | E41: 2 | F41: 708400722 | G41: New Nose Fairing | P41: Total Week Run Time: | R41: =SUM(Q40:AA40) -> 0
A42: =(E42*4)/$A$3 -> 8 | E42: 8 | F42: 708400721 | G42: New Tail Fairing
A43: =(E43*4)/$A$3 -> 2 | E43: 2 | F43: 708400462 | G43: LH Mirror Shell
A44: =(E44*4)/$A$3 -> 2 | E44: 2 | F44: 708400464 | G44: RH Mirror Shell
A45: =(E45*4)/$A$3 -> 2 | E45: 2 | F45: 708400461 | G45: LH Mirror Shell - No Hole
A46: =(E46*4)/$A$3 -> 2 | E46: 2 | F46: 708400463 | G46: RH Mirror Shell - No Hole
A47: =(E47*4)/$A$3 -> 2 | E47: 2 | F47: 705012976 | G47: LH Fender
A48: =(E48*4)/$A$3 -> 2 | E48: 2 | F48: 705012868 | G48: RH Fender
A49: =(E49*4)/$A$3 -> 2 | E49: 2 | F49: 705011169 | G49: LH Scoop
A50: =(E50*4)/$A$3 -> 2 | E50: 2 | F50: 705011170 | G50: RH Scoop
A51: =(E51*4)/$A$3 -> 3 | E51: 3 | F51: 708400261 | G51: LH Access Panel
A52: =(E52*4)/$A$3 -> 3 | E52: 3 | F52: 708400262 | G52: RH Access Panel
A53: =(E53*4)/$A$3 -> 0 | E53: 0
A54: =(E54*4)/$A$3 -> 0 | E54: 0
A55: =(E55*4)/$A$3 -> 0 | E55: 0 | F55: Vegas White (Spyder)
A56: =(E56*4)/$A$3 -> 2 | E56: 2 | F56: 705009213 | G56: LH F3T Low Fairing
A57: =(E57*4)/$A$3 -> 2 | E57: 2 | F57: 705009214 | G57: RH F3T Low Fairing
A58: =(E58*4)/$A$3 -> 1 | E58: 1 | F58: 705010835 | G58: RH Fairing
A59: =(E59*4)/$A$3 -> 1 | E59: 1 | F59: 705010851 | G59: LH Fairing
A60: =(E60*4)/$A$3 -> 2 | E60: 2 | F60: 705012976 | G60: LH Fender
A61: =(E61*4)/$A$3 -> 2 | E61: 2 | F61: 705012868 | G61: RH Fender
A62: =(E62*4)/$A$3 -> 1 | E62: 1 | F62: 708200366 | G62: Hood
A63: =(E63*4)/$A$3 -> 2 | E63: 2 | F63: 708200401 | G63: LH Vent Panel
A64: =(E64*4)/$A$3 -> 2 | E64: 2 | F64: 708200402 | G64: RH Vent Panel
A65: =(E65*4)/$A$3 -> 1 | E65: 1 | F65: 708200698 | G65: Fascia
A66: =(E66*4)/$A$3 -> 1 | E66: 1 | F66: 708301214 | G66: LH Cover
A67: =(E67*4)/$A$3 -> 1 | E67: 1 | F67: 708301215 | G67: RH Cover
A68: =(E68*4)/$A$3 -> 0 | E68: 0 | F68: Black - Laval
A69: =(E69*4)/$A$3 -> 2 | E69: 2 | F69: 99944 | G69: Bezel
A70: =(E70*4)/$A$3 -> 20 | E70: 20 | F70: 99633 | G70: IR Cover LH
A71: =(E71*4)/$A$3 -> 20 | E71: 20 | F71: 99646 | G71: IR Cover RH
A72: =(E72*4)/$A$3 -> 6 | E72: 6 | F72: 99635 | G72: Lateral Belt LH
A73: =(E73*4)/$A$3 -> 6 | E73: 6 | F73: 99944 | G73: Lateral Belt RH
A74: =(E74*4)/$A$3 -> 20 | E74: 20 | F74: 99636 | G74: Rear Belt
A75: =(E75*4)/$A$3 -> 0 | F75: Summit White - Laval
A76: =(E76*4)/$A$3 -> 1 | E76: 1 | F76: 99629 | G76: Main Lower Cover
A77: =(E77*4)/$A$3 -> 1 | E77: 1 | F77: 99631 | G77: Main Upper Cover
A78: =(E78*4)/$A$3 -> 20 | E78: 20 | F78: 99638 | G78: Rear Plate
A79: =(E79*4)/$A$3 -> 1 | E79: 1 | F79: 99630 | G79: Vent Cover
A80: =(E80*4)/$A$3 -> 0 | F80: Seastar
A81: =(E81*4)/$A$3 -> 18 | E81: 18 | G81: Handles
A82: =(E82*4)/$A$3 -> 0 | E82: 0
A83: =(E83*4)/$A$3 -> 0 | E83: 0
A84: =(E84*4)/$A$3 -> 0 | E84: 0 | F84: Manterra - Hyper Silver
A85: =(E85*4)/$A$3 -> 6 | E85: 6 | G85: Base Dual
A86: =(E86*4)/$A$3 -> 16 | E86: 16 | F86: 500458 | G86: Face Plate, DTM, SSR
A87: =(E87*4)/$A$3 -> 16 | E87: 16 | F87: 500458 | G87: Face Plate, STM, SSR
A88: =(E88*4)/$A$3 -> 0 | E88: 0 | F88: Falcon Lakeside Hyper Silver
A89: =(E89*4)/$A$3 -> 6 | E89: 6 | F89: 2650 | G89: LH Side Puck
A90: =(E90*4)/$A$3 -> 6 | E90: 6 | F90: 2651 | G90: RH Side Puck
A91: =(E91*4)/$A$3 -> 6 | E91: 6 | F91: 2647 | G91: Front Puck
A92: =(E92*4)/$A$3 -> 0 | E92: 0
A93: =(E93*4)/$A$3 -> 0 | E93: 0 | F93: Mitchell Plastics
A94: =(E94*4)/$A$3 -> 2 | E94: 2 | F94: 80931 | G94: Black - LH
A95: =(E95*4)/$A$3 -> 2 | E95: 2 | F95: 80930 | G95: Black - RH
A96: =(E96*4)/$A$3 -> 2 | E96: 2 | F96: 80933 | G96: Red - LH
A97: =(E97*4)/$A$3 -> 2 | E97: 2 | F97: 80932 | G97: Red - RH
A98: =(E98*4)/$A$3 -> 2 | E98: 2 | F98: Other | G98: White - LH
A99: =(E99*4)/$A$3 -> 2 | E99: 2 | F99: Other | G99: White - RH
A100: =(E100*4)/$A$3 -> 0 | E100: 0 | F100: Tesla High Gloss Black
A101: =(E101*4)/$A$3 -> 6 | E101: 6 | F101: 9929 | G101: MS Applique
...

Sheet Paint Usage
A1: Part Num | B1: Part | C1: Mon | D1: Tue | E1: Wed | F1: Thur | G1: Friday | H1: Sat
A2: Hyper Silver (Spyder)
A3: 705012348 | B3: LH Trim | C3: =(('Time Matrix'!B3*#REF!)*'Mon (103)'!#REF!) + (('Time Matrix'!B3*#REF!)*'Mon (103)'!#REF!) + (('Time Matrix'!B3*#REF!)*'Mon (103)'!#REF!) + (('Time Matrix'!B3*#REF!)*'Mon (103)'!#REF!) -> #REF! | D3: =(('Time Matrix'!B3*#REF!)*#REF!) + (('Time Matrix'!B3*#REF!)*#REF!) + (('Time Matrix'!B3*#REF!)*#REF!) + (('Time Matrix'!B3*#REF!)*#REF!) -> #REF! | E3: =(('Time Matrix'!B3*#REF!)*#REF!) + (('Time Matrix'!B3*#REF!)*#REF!) + (('Time Matrix'!B3*#REF!)*#REF!) + (('Time Matrix'!B3*#REF!)*#REF!) -> #REF! | F3: =(('Time Matrix'!B3*#REF!)*#REF!) + (('Time Matrix'!B3*#REF!)*#REF!) + (('Time Matrix'!B3*#REF!)*#REF!) + (('Time Matrix'!B3*#REF!)*#REF!) -> #REF! | G3: =(('Time Matrix'!B3*#REF!)*#REF!) + (('Time Matrix'!B3*#REF!)*#REF!) + (('Time Matrix'!B3*#REF!)*#REF!) + (('Time Matrix'!B3*#REF!)*#REF!) -> #REF! | H3: =(('Time Matrix'!B3*#REF!)*#REF!) + (('Time Matrix'!B3*#REF!)*#REF!) + (('Time Matrix'!B3*#REF!)*#REF!) + (('Time Matrix'!B3*#REF!)*#REF!) -> #REF!
A4: 705012350 | B4: RH Trim | C4: =(('Time Matrix'!B4*#REF!)*'Mon (103)'!#REF!) + (('Time Matrix'!B4*#REF!)*'Mon (103)'!#REF!) + (('Time Matrix'!B4*#REF!)*'Mon (103)'!#REF!) + (('Time Matrix'!B4*#REF!)*'Mon (103)'!#REF!) -> #REF! | D4: =(('Time Matrix'!B4*#REF!)*#REF!) + (('Time Matrix'!B4*#REF!)*#REF!) + (('Time Matrix'!B4*#REF!)*#REF!) + (('Time Matrix'!B4*#REF!)*#REF!) -> #REF! | E4: =(('Time Matrix'!B4*#REF!)*#REF!) + (('Time Matrix'!B4*#REF!)*#REF!) + (('Time Matrix'!B4*#REF!)*#REF!) + (('Time Matrix'!B4*#REF!)*#REF!) -> #REF! | F4: =(('Time Matrix'!B4*#REF!)*#REF!) + (('Time Matrix'!B4*#REF!)*#REF!) + (('Time Matrix'!B4*#REF!)*#REF!) + (('Time Matrix'!B4*#REF!)*#REF!) -> #REF! | G4: =(('Time Matrix'!B4*#REF!)*#REF!) + (('Time Matrix'!B4*#REF!)*#REF!) + (('Time Matrix'!B4*#REF!)*#REF!) + (('Time Matrix'!B4*#REF!)*#REF!) -> #REF! | H4: =(('Time Matrix'!B4*#REF!)*#REF!) + (('Time Matrix'!B4*#REF!)*#REF!) + (('Time Matrix'!B4*#REF!)*#REF!) + (('Time Matrix'!B4*#REF!)*#REF!) -> #REF!
A5: 705012868 | B5: RH Fender | C5: =(('Time Matrix'!B5*#REF!)*'Mon (103)'!#REF!) + (('Time Matrix'!B5*#REF!)*'Mon (103)'!#REF!) + (('Time Matrix'!B5*#REF!)*'Mon (103)'!#REF!) + (('Time Matrix'!B5*#REF!)*'Mon (103)'!#REF!) -> #REF! | D5: =(('Time Matrix'!B5*#REF!)*#REF!) + (('Time Matrix'!B5*#REF!)*#REF!) + (('Time Matrix'!B5*#REF!)*#REF!) + (('Time Matrix'!B5*#REF!)*#REF!) -> #REF! | E5: =(('Time Matrix'!B5*#REF!)*#REF!) + (('Time Matrix'!B5*#REF!)*#REF!) + (('Time Matrix'!B5*#REF!)*#REF!) + (('Time Matrix'!B5*#REF!)*#REF!) -> #REF! | F5: =(('Time Matrix'!B5*#REF!)*#REF!) + (('Time Matrix'!B5*#REF!)*#REF!) + (('Time Matrix'!B5*#REF!)*#REF!) + (('Time Matrix'!B5*#REF!)*#REF!) -> #REF! | G5: =(('Time Matrix'!B5*#REF!)*#REF!) + (('Time Matrix'!B5*#REF!)*#REF!) + (('Time Matrix'!B5*#REF!)*#REF!) + (('Time Matrix'!B5*#REF!)*#REF!) -> #REF! | H5: =(('Time Matrix'!B5*#REF!)*#REF!) + (('Time Matrix'!B5*#REF!)*#REF!) + (('Time Matrix'!B5*#REF!)*#REF!) + (('Time Matrix'!B5*#REF!)*#REF!) -> #REF!
A6: 705012976 | B6: LH Fender | C6: =(('Time Matrix'!B6*#REF!)*'Mon (103)'!#REF!) + (('Time Matrix'!B6*#REF!)*'Mon (103)'!#REF!) + (('Time Matrix'!B6*#REF!)*'Mon (103)'!#REF!) + (('Time Matrix'!B6*#REF!)*'Mon (103)'!#REF!) -> #REF! | D6: =(('Time Matrix'!B6*#REF!)*#REF!) + (('Time Matrix'!B6*#REF!)*#REF!) + (('Time Matrix'!B6*#REF!)*#REF!) + (('Time Matrix'!B6*#REF!)*#REF!) -> #REF! | E6: =(('Time Matrix'!B6*#REF!)*#REF!) + (('Time Matrix'!B6*#REF!)*#REF!) + (('Time Matrix'!B6*#REF!)*#REF!) + (('Time Matrix'!B6*#REF!)*#REF!) -> #REF! | F6: =(('Time Matrix'!B6*#REF!)*#REF!) + (('Time Matrix'!B6*#REF!)*#REF!) + (('Time Matrix'!B6*#REF!)*#REF!) + (('Time Matrix'!B6*#REF!)*#REF!) -> #REF! | G6: =(('Time Matrix'!B6*#REF!)*#REF!) + (('Time Matrix'!B6*#REF!)*#REF!) + (('Time Matrix'!B6*#REF!)*#REF!) + (('Time Matrix'!B6*#REF!)*#REF!) -> #REF! | H6: =(('Time Matrix'!B6*#REF!)*#REF!) + (('Time Matrix'!B6*#REF!)*#REF!) + (('Time Matrix'!B6*#REF!)*#REF!) + (('Time Matrix'!B6*#REF!)*#REF!) -> #REF!
A7: 705014100 | B7: LH Upper Fairing | C7: =(('Time Matrix'!B7*#REF!)*'Mon (103)'!#REF!) + (('Time Matrix'!B7*#REF!)*'Mon (103)'!#REF!) + (('Time Matrix'!B7*#REF!)*'Mon (103)'!#REF!) + (('Time Matrix'!B7*#REF!)*'Mon (103)'!#REF!) -> #REF! | D7: =(('Time Matrix'!B7*#REF!)*#REF!) + (('Time Matrix'!B7*#REF!)*#REF!) + (('Time Matrix'!B7*#REF!)*#REF!) + (('Time Matrix'!B7*#REF!)*#REF!) -> #REF! | E7: =(('Time Matrix'!B7*#REF!)*#REF!) + (('Time Matrix'!B7*#REF!)*#REF!) + (('Time Matrix'!B7*#REF!)*#REF!) + (('Time Matrix'!B7*#REF!)*#REF!) -> #REF! | F7: =(('Time Matrix'!B7*#REF!)*#REF!) + (('Time Matrix'!B7*#REF!)*#REF!) + (('Time Matrix'!B7*#REF!)*#REF!) + (('Time Matrix'!B7*#REF!)*#REF!) -> #REF! | G7: =(('Time Matrix'!B7*#REF!)*#REF!) + (('Time Matrix'!B7*#REF!)*#REF!) + (('Time Matrix'!B7*#REF!)*#REF!) + (('Time Matrix'!B7*#REF!)*#REF!) -> #REF! | H7: =(('Time Matrix'!B7*#REF!)*#REF!) + (('Time Matrix'!B7*#REF!)*#REF!) + (('Time Matrix'!B7*#REF!)*#REF!) + (('Time Matrix'!B7*#REF!)*#REF!) -> #REF!
A8: 705014101 | B8: RH Upper Fairing | C8: =(('Time Matrix'!B8*#REF!)*'Mon (103)'!#REF!) + (('Time Matrix'!B8*#REF!)*'Mon (103)'!#REF!) + (('Time Matrix'!B8*#REF!)*'Mon (103)'!#REF!) + (('Time Matrix'!B8*#REF!)*'Mon (103)'!#REF!) -> #REF! | D8: =(('Time Matrix'!B8*#REF!)*#REF!) + (('Time Matrix'!B8*#REF!)*#REF!) + (('Time Matrix'!B8*#REF!)*#REF!) + (('Time Matrix'!B8*#REF!)*#REF!) -> #REF! | E8: =(('Time Matrix'!B8*#REF!)*#REF!) + (('Time Matrix'!B8*#REF!)*#REF!) + (('Time Matrix'!B8*#REF!)*#REF!) + (('Time Matrix'!B8*#REF!)*#REF!) -> #REF! | F8: =(('Time Matrix'!B8*#REF!)*#REF!) + (('Time Matrix'!B8*#REF!)*#REF!) + (('Time Matrix'!B8*#REF!)*#REF!) + (('Time Matrix'!B8*#REF!)*#REF!) -> #REF! | G8: =(('Time Matrix'!B8*#REF!)*#REF!) + (('Time Matrix'!B8*#REF!)*#REF!) + (('Time Matrix'!B8*#REF!)*#REF!) + (('Time Matrix'!B8*#REF!)*#REF!) -> #REF! | H8: =(('Time Matrix'!B8*#REF!)*#REF!) + (('Time Matrix'!B8*#REF!)*#REF!) + (('Time Matrix'!B8*#REF!)*#REF!) + (('Time Matrix'!B8*#REF!)*#REF!) -> #REF!
A9: 708003041 | B9: Rear Fairing | C9: =(('Time Matrix'!B9*#REF!)*'Mon (103)'!#REF!) + (('Time Matrix'!B9*#REF!)*'Mon (103)'!#REF!) + (('Time Matrix'!B9*#REF!)*'Mon (103)'!#REF!) + (('Time Matrix'!B9*#REF!)*'Mon (103)'!#REF!) -> #REF! | D9: =(('Time Matrix'!B9*#REF!)*#REF!) + (('Time Matrix'!B9*#REF!)*#REF!) + (('Time Matrix'!B9*#REF!)*#REF!) + (('Time Matrix'!B9*#REF!)*#REF!) -> #REF! | E9: =(('Time Matrix'!B9*#REF!)*#REF!) + (('Time Matrix'!B9*#REF!)*#REF!) + (('Time Matrix'!B9*#REF!)*#REF!) + (('Time Matrix'!B9*#REF!)*#REF!) -> #REF! | F9: =(('Time Matrix'!B9*#REF!)*#REF!) + (('Time Matrix'!B9*#REF!)*#REF!) + (('Time Matrix'!B9*#REF!)*#REF!) + (('Time Matrix'!B9*#REF!)*#REF!) -> #REF! | G9: =(('Time Matrix'!B9*#REF!)*#REF!) + (('Time Matrix'!B9*#REF!)*#REF!) + (('Time Matrix'!B9*#REF!)*#REF!) + (('Time Matrix'!B9*#REF!)*#REF!) -> #REF! | H9: =(('Time Matrix'!B9*#REF!)*#REF!) + (('Time Matrix'!B9*#REF!)*#REF!) + (('Time Matrix'!B9*#REF!)*#REF!) + (('Time Matrix'!B9*#REF!)*#REF!) -> #REF!
A10: 708200869 | B10: R66 Hood | C10: =(('Time Matrix'!B10*#REF!)*'Mon (103)'!#REF!) + (('Time Matrix'!B10*#REF!)*'Mon (103)'!#REF!) + (('Time Matrix'!B10*#REF!)*'Mon (103)'!#REF!) + (('Time Matrix'!B10*#REF!)*'Mon (103)'!#REF!) -> #REF! | D10: =(('Time Matrix'!B10*#REF!)*#REF!) + (('Time Matrix'!B10*#REF!)*#REF!) + (('Time Matrix'!B10*#REF!)*#REF!) + (('Time Matrix'!B10*#REF!)*#REF!) -> #REF! | E10: =(('Time Matrix'!B10*#REF!)*#REF!) + (('Time Matrix'!B10*#REF!)*#REF!) + (('Time Matrix'!B10*#REF!)*#REF!) + (('Time Matrix'!B10*#REF!)*#REF!) -> #REF! | F10: =(('Time Matrix'!B10*#REF!)*#REF!) + (('Time Matrix'!B10*#REF!)*#REF!) + (('Time Matrix'!B10*#REF!)*#REF!) + (('Time Matrix'!B10*#REF!)*#REF!) -> #REF! | G10: =(('Time Matrix'!B10*#REF!)*#REF!) + (('Time Matrix'!B10*#REF!)*#REF!) + (('Time Matrix'!B10*#REF!)*#REF!) + (('Time Matrix'!B10*#REF!)*#REF!) -> #REF! | H10: =(('Time Matrix'!B10*#REF!)*#REF!) + (('Time Matrix'!B10*#REF!)*#REF!) + (('Time Matrix'!B10*#REF!)*#REF!) + (('Time Matrix'!B10*#REF!)*#REF!) -> #REF!
A11: 708200870 | B11: LH Front Fairing | C11: =(('Time Matrix'!B11*#REF!)*'Mon (103)'!#REF!) + (('Time Matrix'!B11*#REF!)*'Mon (103)'!#REF!) + (('Time Matrix'!B11*#REF!)*'Mon (103)'!#REF!) + (('Time Matrix'!B11*#REF!)*'Mon (103)'!#REF!) -> #REF! | D11: =(('Time Matrix'!B11*#REF!)*#REF!) + (('Time Matrix'!B11*#REF!)*#REF!) + (('Time Matrix'!B11*#REF!)*#REF!) + (('Time Matrix'!B11*#REF!)*#REF!) -> #REF! | E11: =(('Time Matrix'!B11*#REF!)*#REF!) + (('Time Matrix'!B11*#REF!)*#REF!) + (('Time Matrix'!B11*#REF!)*#REF!) + (('Time Matrix'!B11*#REF!)*#REF!) -> #REF! | F11: =(('Time Matrix'!B11*#REF!)*#REF!) + (('Time Matrix'!B11*#REF!)*#REF!) + (('Time Matrix'!B11*#REF!)*#REF!) + (('Time Matrix'!B11*#REF!)*#REF!) -> #REF! | G11: =(('Time Matrix'!B11*#REF!)*#REF!) + (('Time Matrix'!B11*#REF!)*#REF!) + (('Time Matrix'!B11*#REF!)*#REF!) + (('Time Matrix'!B11*#REF!)*#REF!) -> #REF! | H11: =(('Time Matrix'!B11*#REF!)*#REF!) + (('Time Matrix'!B11*#REF!)*#REF!) + (('Time Matrix'!B11*#REF!)*#REF!) + (('Time Matrix'!B11*#REF!)*#REF!) -> #REF!
A12: 708200871 | B12: RH Front Fairing | C12: =(('Time Matrix'!B12*#REF!)*'Mon (103)'!#REF!) + (('Time Matrix'!B12*#REF!)*'Mon (103)'!#REF!) + (('Time Matrix'!B12*#REF!)*'Mon (103)'!#REF!) + (('Time Matrix'!B12*#REF!)*'Mon (103)'!#REF!) -> #REF! | D12: =(('Time Matrix'!B12*#REF!)*#REF!) + (('Time Matrix'!B12*#REF!)*#REF!) + (('Time Matrix'!B12*#REF!)*#REF!) + (('Time Matrix'!B12*#REF!)*#REF!) -> #REF! | E12: =(('Time Matrix'!B12*#REF!)*#REF!) + (('Time Matrix'!B12*#REF!)*#REF!) + (('Time Matrix'!B12*#REF!)*#REF!) + (('Time Matrix'!B12*#REF!)*#REF!) -> #REF! | F12: =(('Time Matrix'!B12*#REF!)*#REF!) + (('Time Matrix'!B12*#REF!)*#REF!) + (('Time Matrix'!B12*#REF!)*#REF!) + (('Time Matrix'!B12*#REF!)*#REF!) -> #REF! | G12: =(('Time Matrix'!B12*#REF!)*#REF!) + (('Time Matrix'!B12*#REF!)*#REF!) + (('Time Matrix'!B12*#REF!)*#REF!) + (('Time Matrix'!B12*#REF!)*#REF!) -> #REF! | H12: =(('Time Matrix'!B12*#REF!)*#REF!) + (('Time Matrix'!B12*#REF!)*#REF!) + (('Time Matrix'!B12*#REF!)*#REF!) + (('Time Matrix'!B12*#REF!)*#REF!) -> #REF!
A13: 708302947 | B13: LH Box Cover | C13: =(('Time Matrix'!B13*#REF!)*'Mon (103)'!#REF!) + (('Time Matrix'!B13*#REF!)*'Mon (103)'!#REF!) + (('Time Matrix'!B13*#REF!)*'Mon (103)'!#REF!) + (('Time Matrix'!B13*#REF!)*'Mon (103)'!#REF!) -> #REF! | D13: =(('Time Matrix'!B13*#REF!)*#REF!) + (('Time Matrix'!B13*#REF!)*#REF!) + (('Time Matrix'!B13*#REF!)*#REF!) + (('Time Matrix'!B13*#REF!)*#REF!) -> #REF! | E13: =(('Time Matrix'!B13*#REF!)*#REF!) + (('Time Matrix'!B13*#REF!)*#REF!) + (('Time Matrix'!B13*#REF!)*#REF!) + (('Time Matrix'!B13*#REF!)*#REF!) -> #REF! | F13: =(('Time Matrix'!B13*#REF!)*#REF!) + (('Time Matrix'!B13*#REF!)*#REF!) + (('Time Matrix'!B13*#REF!)*#REF!) + (('Time Matrix'!B13*#REF!)*#REF!) -> #REF! | G13: =(('Time Matrix'!B13*#REF!)*#REF!) + (('Time Matrix'!B13*#REF!)*#REF!) + (('Time Matrix'!B13*#REF!)*#REF!) + (('Time Matrix'!B13*#REF!)*#REF!) -> #REF! | H13: =(('Time Matrix'!B13*#REF!)*#REF!) + (('Time Matrix'!B13*#REF!)*#REF!) + (('Time Matrix'!B13*#REF!)*#REF!) + (('Time Matrix'!B13*#REF!)*#REF!) -> #REF!
A14: 708302948 | B14: RH Box Cover | C14: =(('Time Matrix'!B14*#REF!)*'Mon (103)'!#REF!) + (('Time Matrix'!B14*#REF!)*'Mon (103)'!#REF!) + (('Time Matrix'!B14*#REF!)*'Mon (103)'!#REF!) + (('Time Matrix'!B14*#REF!)*'Mon (103)'!#REF!) -> #REF! | D14: =(('Time Matrix'!B14*#REF!)*#REF!) + (('Time Matrix'!B14*#REF!)*#REF!) + (('Time Matrix'!B14*#REF!)*#REF!) + (('Time Matrix'!B14*#REF!)*#REF!) -> #REF! | E14: =(('Time Matrix'!B14*#REF!)*#REF!) + (('Time Matrix'!B14*#REF!)*#REF!) + (('Time Matrix'!B14*#REF!)*#REF!) + (('Time Matrix'!B14*#REF!)*#REF!) -> #REF! | F14: =(('Time Matrix'!B14*#REF!)*#REF!) + (('Time Matrix'!B14*#REF!)*#REF!) + (('Time Matrix'!B14*#REF!)*#REF!) + (('Time Matrix'!B14*#REF!)*#REF!) -> #REF! | G14: =(('Time Matrix'!B14*#REF!)*#REF!) + (('Time Matrix'!B14*#REF!)*#REF!) + (('Time Matrix'!B14*#REF!)*#REF!) + (('Time Matrix'!B14*#REF!)*#REF!) -> #REF! | H14: =(('Time Matrix'!B14*#REF!)*#REF!) + (('Time Matrix'!B14*#REF!)*#REF!) + (('Time Matrix'!B14*#REF!)*#REF!) + (('Time Matrix'!B14*#REF!)*#REF!) -> #REF!
... A18: 708400463 | B18: RH Mirror Shell | C18: =(('Time Matrix'!B18*#REF!)*'Mon (103)'!#REF!) + (('Time Matrix'!B18*#REF!)*'Mon (103)'!#REF!) + (('Time Matrix'!B18*#REF!)*'Mon (103)'!#REF!) + (('Time Matrix'!B18*#REF!)*'Mon (103)'!#REF!) -> #REF! | D18: =(('Time Matrix'!B18*#REF!)*#REF!) + (('Time Matrix'!B18*#REF!)*#REF!) + (('Time Matrix'!B18*#REF!)*#REF!) + (('Time Matrix'!B18*#REF!)*#REF!) -> #REF! | E18: =(('Time Matrix'!B18*#REF!)*#REF!) + (('Time Matrix'!B18*#REF!)*#REF!) + (('Time Matrix'!B18*#REF!)*#REF!) + (('Time Matrix'!B18*#REF!)*#REF!) -> #REF! | F18: =(('Time Matrix'!B18*#REF!)*#REF!) + (('Time Matrix'!B18*#REF!)*#REF!) + (('Time Matrix'!B18*#REF!)*#REF!) + (('Time Matrix'!B18*#REF!)*#REF!) -> #REF! | G18: =(('Time Matrix'!B18*#REF!)*#REF!) + (('Time Matrix'!B18*#REF!)*#REF!) + (('Time Matrix'!B18*#REF!)*#REF!) + (('Time Matrix'!B18*#REF!)*#REF!) -> #REF! | H18: =(('Time Matrix'!B18*#REF!)*#REF!) + (('Time Matrix'!B18*#REF!)*#REF!) + (('Time Matrix'!B18*#REF!)*#REF!) + (('Time Matrix'!B18*#REF!)*#REF!) -> #REF!
A19: Total: | C19: =SUM(C3:C18) -> #REF! | D19: =SUM(D3:D18) -> #REF! | E19: =SUM(E3:E18) -> #REF! | F19: =SUM(F3:F18) -> #REF! | G19: =SUM(G3:G18) -> #REF! | H19: =SUM(H3:H18) -> #REF!
A20: Deep Black (Spyder)
A21: 708001528 | B21: Tail Fairing | C21: =(('Time Matrix'!C19*#REF!)*'Mon (103)'!#REF!) + (('Time Matrix'!C19*#REF!)*'Mon (103)'!#REF!) + (('Time Matrix'!C19*#REF!)*'Mon (103)'!#REF!) + (('Time Matrix'!C19*#REF!)*'Mon (103)'!#REF!) -> #REF! | D21: =(('Time Matrix'!C19*#REF!)*#REF!) + (('Time Matrix'!C19*#REF!)*#REF!) + (('Time Matrix'!C19*#REF!)*#REF!) + (('Time Matrix'!C19*#REF!)*#REF!) -> #REF! | E21: =(('Time Matrix'!C19*#REF!)*#REF!) + (('Time Matrix'!C19*#REF!)*#REF!) + (('Time Matrix'!C19*#REF!)*#REF!) + (('Time Matrix'!C19*#REF!)*#REF!) -> #REF! | F21: =(('Time Matrix'!C19*#REF!)*#REF!) + (('Time Matrix'!C19*#REF!)*#REF!) + (('Time Matrix'!C19*#REF!)*#REF!) + (('Time Matrix'!C19*#REF!)*#REF!) -> #REF! | G21: =(('Time Matrix'!C19*#REF!)*#REF!) + (('Time Matrix'!C19*#REF!)*#REF!) + (('Time Matrix'!C19*#REF!)*#REF!) + (('Time Matrix'!C19*#REF!)*#REF!) -> #REF! | H21: =(('Time Matrix'!C19*#REF!)*#REF!) + (('Time Matrix'!C19*#REF!)*#REF!) + (('Time Matrix'!C19*#REF!)*#REF!) + (('Time Matrix'!C19*#REF!)*#REF!) -> #REF!
A22: 708400001 | B22: LH Console Panel | C22: =(('Time Matrix'!C20*#REF!)*'Mon (103)'!#REF!) + (('Time Matrix'!C20*#REF!)*'Mon (103)'!#REF!) + (('Time Matrix'!C20*#REF!)*'Mon (103)'!#REF!) + (('Time Matrix'!C20*#REF!)*'Mon (103)'!#REF!) -> #REF! | D22: =(('Time Matrix'!C20*#REF!)*#REF!) + (('Time Matrix'!C20*#REF!)*#REF!) + (('Time Matrix'!C20*#REF!)*#REF!) + (('Time Matrix'!C20*#REF!)*#REF!) -> #REF! | E22: =(('Time Matrix'!C20*#REF!)*#REF!) + (('Time Matrix'!C20*#REF!)*#REF!) + (('Time Matrix'!C20*#REF!)*#REF!) + (('Time Matrix'!C20*#REF!)*#REF!) -> #REF! | F22: =(('Time Matrix'!C20*#REF!)*#REF!) + (('Time Matrix'!C20*#REF!)*#REF!) + (('Time Matrix'!C20*#REF!)*#REF!) + (('Time Matrix'!C20*#REF!)*#REF!) -> #REF! | G22: =(('Time Matrix'!C20*#REF!)*#REF!) + (('Time Matrix'!C20*#REF!)*#REF!) + (('Time Matrix'!C20*#REF!)*#REF!) + (('Time Matrix'!C20*#REF!)*#REF!) -> #REF! | H22: =(('Time Matrix'!C20*#REF!)*#REF!) + (('Time Matrix'!C20*#REF!)*#REF!) + (('Time Matrix'!C20*#REF!)*#REF!) + (('Time Matrix'!C20*#REF!)*#REF!) -> #REF!
A23: 708400002 | B23: RH Console Panel | C23: =(('Time Matrix'!C21*#REF!)*'Mon (103)'!#REF!) + (('Time Matrix'!C21*#REF!)*'Mon (103)'!#REF!) + (('Time Matrix'!C21*#REF!)*'Mon (103)'!#REF!) + (('Time Matrix'!C21*#REF!)*'Mon (103)'!#REF!) -> #REF! | D23: =(('Time Matrix'!C21*#REF!)*#REF!) + (('Time Matrix'!C21*#REF!)*#REF!) + (('Time Matrix'!C21*#REF!)*#REF!) + (('Time Matrix'!C21*#REF!)*#REF!) -> #REF! | E23: =(('Time Matrix'!C21*#REF!)*#REF!) + (('Time Matrix'!C21*#REF!)*#REF!) + (('Time Matrix'!C21*#REF!)*#REF!) + (('Time Matrix'!C21*#REF!)*#REF!) -> #REF! | F23: =(('Time Matrix'!C21*#REF!)*#REF!) + (('Time Matrix'!C21*#REF!)*#REF!) + (('Time Matrix'!C21*#REF!)*#REF!) + (('Time Matrix'!C21*#REF!)*#REF!) -> #REF! | G23: =(('Time Matrix'!C21*#REF!)*#REF!) + (('Time Matrix'!C21*#REF!)*#REF!) + (('Time Matrix'!C21*#REF!)*#REF!) + (('Time Matrix'!C21*#REF!)*#REF!) -> #REF! | H23: =(('Time Matrix'!C21*#REF!)*#REF!) + (('Time Matrix'!C21*#REF!)*#REF!) + (('Time Matrix'!C21*#REF!)*#REF!) + (('Time Matrix'!C21*#REF!)*#REF!) -> #REF!
A24: 708400067 | B24: LH Console Fairing | C24: =(('Time Matrix'!C22*#REF!)*'Mon (103)'!#REF!) + (('Time Matrix'!C22*#REF!)*'Mon (103)'!#REF!) + (('Time Matrix'!C22*#REF!)*'Mon (103)'!#REF!) + (('Time Matrix'!C22*#REF!)*'Mon (103)'!#REF!) -> #REF! | D24: =(('Time Matrix'!C22*#REF!)*#REF!) + (('Time Matrix'!C22*#REF!)*#REF!) + (('Time Matrix'!C22*#REF!)*#REF!) + (('Time Matrix'!C22*#REF!)*#REF!) -> #REF! | E24: =(('Time Matrix'!C22*#REF!)*#REF!) + (('Time Matrix'!C22*#REF!)*#REF!) + (('Time Matrix'!C22*#REF!)*#REF!) + (('Time Matrix'!C22*#REF!)*#REF!) -> #REF! | F24: =(('Time Matrix'!C22*#REF!)*#REF!) + (('Time Matrix'!C22*#REF!)*#REF!) + (('Time Matrix'!C22*#REF!)*#REF!) + (('Time Matrix'!C22*#REF!)*#REF!) -> #REF! | G24: =(('Time Matrix'!C22*#REF!)*#REF!) + (('Time Matrix'!C22*#REF!)*#REF!) + (('Time Matrix'!C22*#REF!)*#REF!) + (('Time Matrix'!C22*#REF!)*#REF!) -> #REF! | H24: =(('Time Matrix'!C22*#REF!)*#REF!) + (('Time Matrix'!C22*#REF!)*#REF!) + (('Time Matrix'!C22*#REF!)*#REF!) + (('Time Matrix'!C22*#REF!)*#REF!) -> #REF!
A25: 708400069 | B25: RH Console Fairing | C25: =(('Time Matrix'!C23*#REF!)*'Mon (103)'!#REF!) + (('Time Matrix'!C23*#REF!)*'Mon (103)'!#REF!) + (('Time Matrix'!C23*#REF!)*'Mon (103)'!#REF!) + (('Time Matrix'!C23*#REF!)*'Mon (103)'!#REF!) -> #REF! | D25: =(('Time Matrix'!C23*#REF!)*#REF!) + (('Time Matrix'!C23*#REF!)*#REF!) + (('Time Matrix'!C23*#REF!)*#REF!) + (('Time Matrix'!C23*#REF!)*#REF!) -> #REF! | E25: =(('Time Matrix'!C23*#REF!)*#REF!) + (('Time Matrix'!C23*#REF!)*#REF!) + (('Time Matrix'!C23*#REF!)*#REF!) + (('Time Matrix'!C23*#REF!)*#REF!) -> #REF! | F25: =(('Time Matrix'!C23*#REF!)*#REF!) + (('Time Matrix'!C23*#REF!)*#REF!) + (('Time Matrix'!C23*#REF!)*#REF!) + (('Time Matrix'!C23*#REF!)*#REF!) -> #REF! | G25: =(('Time Matrix'!C23*#REF!)*#REF!) + (('Time Matrix'!C23*#REF!)*#REF!) + (('Time Matrix'!C23*#REF!)*#REF!) + (('Time Matrix'!C23*#REF!)*#REF!) -> #REF! | H25: =(('Time Matrix'!C23*#REF!)*#REF!) + (('Time Matrix'!C23*#REF!)*#REF!) + (('Time Matrix'!C23*#REF!)*#REF!) + (('Time Matrix'!C23*#REF!)*#REF!) -> #REF!
A26: 708400287 | B26: Tank Cover | C26: =(('Time Matrix'!C24*#REF!)*'Mon (103)'!#REF!) + (('Time Matrix'!C24*#REF!)*'Mon (103)'!#REF!) + (('Time Matrix'!C24*#REF!)*'Mon (103)'!#REF!) + (('Time Matrix'!C24*#REF!)*'Mon (103)'!#REF!) -> #REF! | D26: =(('Time Matrix'!C24*#REF!)*#REF!) + (('Time Matrix'!C24*#REF!)*#REF!) + (('Time Matrix'!C24*#REF!)*#REF!) + (('Time Matrix'!C24*#REF!)*#REF!) -> #REF! | E26: =(('Time Matrix'!C24*#REF!)*#REF!) + (('Time Matrix'!C24*#REF!)*#REF!) + (('Time Matrix'!C24*#REF!)*#REF!) + (('Time Matrix'!C24*#REF!)*#REF!) -> #REF! | F26: =(('Time Matrix'!C24*#REF!)*#REF!) + (('Time Matrix'!C24*#REF!)*#REF!) + (('Time Matrix'!C24*#REF!)*#REF!) + (('Time Matrix'!C24*#REF!)*#REF!) -> #REF! | G26: =(('Time Matrix'!C24*#REF!)*#REF!) + (('Time Matrix'!C24*#REF!)*#REF!) + (('Time Matrix'!C24*#REF!)*#REF!) + (('Time Matrix'!C24*#REF!)*#REF!) -> #REF! | H26: =(('Time Matrix'!C24*#REF!)*#REF!) + (('Time Matrix'!C24*#REF!)*#REF!) + (('Time Matrix'!C24*#REF!)*#REF!) + (('Time Matrix'!C24*#REF!)*#REF!) -> #REF!
A27: 708400398 | B27: Tank Cover with Hole | C27: =(('Time Matrix'!C25*#REF!)*'Mon (103)'!#REF!) + (('Time Matrix'!C25*#REF!)*'Mon (103)'!#REF!) + (('Time Matrix'!C25*#REF!)*'Mon (103)'!#REF!) + (('Time Matrix'!C25*#REF!)*'Mon (103)'!#REF!) -> #REF! | D27: =(('Time Matrix'!C25*#REF!)*#REF!) + (('Time Matrix'!C25*#REF!)*#REF!) + (('Time Matrix'!C25*#REF!)*#REF!) + (('Time Matrix'!C25*#REF!)*#REF!) -> #REF! | E27: =(('Time Matrix'!C25*#REF!)*#REF!) + (('Time Matrix'!C25*#REF!)*#REF!) + (('Time Matrix'!C25*#REF!)*#REF!) + (('Time Matrix'!C25*#REF!)*#REF!) -> #REF! | F27: =(('Time Matrix'!C25*#REF!)*#REF!) + (('Time Matrix'!C25*#REF!)*#REF!) + (('Time Matrix'!C25*#REF!)*#REF!) + (('Time Matrix'!C25*#REF!)*#REF!) -> #REF! | G27: =(('Time Matrix'!C25*#REF!)*#REF!) + (('Time Matrix'!C25*#REF!)*#REF!) + (('Time Matrix'!C25*#REF!)*#REF!) + (('Time Matrix'!C25*#REF!)*#REF!) -> #REF! | H27: =(('Time Matrix'!C25*#REF!)*#REF!) + (('Time Matrix'!C25*#REF!)*#REF!) + (('Time Matrix'!C25*#REF!)*#REF!) + (('Time Matrix'!C25*#REF!)*#REF!) -> #REF!
A28: Total: | C28: =SUM(C21:C27) -> #REF! | D28: =SUM(D21:D27) -> #REF! | E28: =SUM(E21:E27) -> #REF! | F28: =SUM(F21:F27) -> #REF! | G28: =SUM(G21:G27) -> #REF! | H28: =SUM(H21:H27) -> #REF!
A29: Manta Green (Spyder F3 / F3T)
A30: 705007790 | B30: LH LOW FAIRING | C30: =(('Time Matrix'!D26*#REF!)*'Mon (103)'!#REF!) + (('Time Matrix'!D26*#REF!)*'Mon (103)'!#REF!) + (('Time Matrix'!D26*#REF!)*'Mon (103)'!#REF!) + (('Time Matrix'!D26*#REF!)*'Mon (103)'!#REF!) -> #REF! | D30: =(('Time Matrix'!D26*#REF!)*#REF!) + (('Time Matrix'!D26*#REF!)*#REF!) + (('Time Matrix'!D26*#REF!)*#REF!) + (('Time Matrix'!D26*#REF!)*#REF!) -> #REF! | E30: =(('Time Matrix'!D26*#REF!)*#REF!) + (('Time Matrix'!D26*#REF!)*#REF!) + (('Time Matrix'!D26*#REF!)*#REF!) + (('Time Matrix'!D26*#REF!)*#REF!) -> #REF! | F30: =(('Time Matrix'!D26*#REF!)*#REF!) + (('Time Matrix'!D26*#REF!)*#REF!) + (('Time Matrix'!D26*#REF!)*#REF!) + (('Time Matrix'!D26*#REF!)*#REF!) -> #REF! | G30: =(('Time Matrix'!D26*#REF!)*#REF!) + (('Time Matrix'!D26*#REF!)*#REF!) + (('Time Matrix'!D26*#REF!)*#REF!) + (('Time Matrix'!D26*#REF!)*#REF!) -> #REF! | H30: =(('Time Matrix'!D26*#REF!)*#REF!) + (('Time Matrix'!D26*#REF!)*#REF!) + (('Time Matrix'!D26*#REF!)*#REF!) + (('Time Matrix'!D26*#REF!)*#REF!) -> #REF!
A31: 705007791 | B31: RH LOW FAIRING | C31: =(('Time Matrix'!D27*#REF!)*'Mon (103)'!#REF!) + (('Time Matrix'!D27*#REF!)*'Mon (103)'!#REF!) + (('Time Matrix'!D27*#REF!)*'Mon (103)'!#REF!) + (('Time Matrix'!D27*#REF!)*'Mon (103)'!#REF!) -> #REF! | D31: =(('Time Matrix'!D27*#REF!)*#REF!) + (('Time Matrix'!D27*#REF!)*#REF!) + (('Time Matrix'!D27*#REF!)*#REF!) + (('Time Matrix'!D27*#REF!)*#REF!) -> #REF! | E31: =(('Time Matrix'!D27*#REF!)*#REF!) + (('Time Matrix'!D27*#REF!)*#REF!) + (('Time Matrix'!D27*#REF!)*#REF!) + (('Time Matrix'!D27*#REF!)*#REF!) -> #REF! | F31: =(('Time Matrix'!D27*#REF!)*#REF!) + (('Time Matrix'!D27*#REF!)*#REF!) + (('Time Matrix'!D27*#REF!)*#REF!) + (('Time Matrix'!D27*#REF!)*#REF!) -> #REF! | G31: =(('Time Matrix'!D27*#REF!)*#REF!) + (('Time Matrix'!D27*#REF!)*#REF!) + (('Time Matrix'!D27*#REF!)*#REF!) + (('Time Matrix'!D27*#REF!)*#REF!) -> #REF! | H31: =(('Time Matrix'!D27*#REF!)*#REF!) + (('Time Matrix'!D27*#REF!)*#REF!) + (('Time Matrix'!D27*#REF!)*#REF!) + (('Time Matrix'!D27*#REF!)*#REF!) -> #REF!
A32: 705010835 | B32: RH FAIRING | C32: =(('Time Matrix'!D28*#REF!)*'Mon (103)'!#REF!) + (('Time Matrix'!D28*#REF!)*'Mon (103)'!#REF!) + (('Time Matrix'!D28*#REF!)*'Mon (103)'!#REF!) + (('Time Matrix'!D28*#REF!)*'Mon (103)'!#REF!) -> #REF! | D32: =(('Time Matrix'!D28*#REF!)*#REF!) + (('Time Matrix'!D28*#REF!)*#REF!) + (('Time Matrix'!D28*#REF!)*#REF!) + (('Time Matrix'!D28*#REF!)*#REF!) -> #REF! | E32: =(('Time Matrix'!D28*#REF!)*#REF!) + (('Time Matrix'!D28*#REF!)*#REF!) + (('Time Matrix'!D28*#REF!)*#REF!) + (('Time Matrix'!D28*#REF!)*#REF!) -> #REF! | F32: =(('Time Matrix'!D28*#REF!)*#REF!) + (('Time Matrix'!D28*#REF!)*#REF!) + (('Time Matrix'!D28*#REF!)*#REF!) + (('Time Matrix'!D28*#REF!)*#REF!) -> #REF! | G32: =(('Time Matrix'!D28*#REF!)*#REF!) + (('Time Matrix'!D28*#REF!)*#REF!) + (('Time Matrix'!D28*#REF!)*#REF!) + (('Time Matrix'!D28*#REF!)*#REF!) -> #REF! | H32: =(('Time Matrix'!D28*#REF!)*#REF!) + (('Time Matrix'!D28*#REF!)*#REF!) + (('Time Matrix'!D28*#REF!)*#REF!) + (('Time Matrix'!D28*#REF!)*#REF!) -> #REF!
A33: 705010851 | B33: LH FAIRING | C33: =(('Time Matrix'!D29*#REF!)*'Mon (103)'!#REF!) + (('Time Matrix'!D29*#REF!)*'Mon (103)'!#REF!) + (('Time Matrix'!D29*#REF!)*'Mon (103)'!#REF!) + (('Time Matrix'!D29*#REF!)*'Mon (103)'!#REF!) -> #REF! | D33: =(('Time Matrix'!D29*#REF!)*#REF!) + (('Time Matrix'!D29*#REF!)*#REF!) + (('Time Matrix'!D29*#REF!)*#REF!) + (('Time Matrix'!D29*#REF!)*#REF!) -> #REF! | E33: =(('Time Matrix'!D29*#REF!)*#REF!) + (('Time Matrix'!D29*#REF!)*#REF!) + (('Time Matrix'!D29*#REF!)*#REF!) + (('Time Matrix'!D29*#REF!)*#REF!) -> #REF! | F33: =(('Time Matrix'!D29*#REF!)*#REF!) + (('Time Matrix'!D29*#REF!)*#REF!) + (('Time Matrix'!D29*#REF!)*#REF!) + (('Time Matrix'!D29*#REF!)*#REF!) -> #REF! | G33: =(('Time Matrix'!D29*#REF!)*#REF!) + (('Time Matrix'!D29*#REF!)*#REF!) + (('Time Matrix'!D29*#REF!)*#REF!) + (('Time Matrix'!D29*#REF!)*#REF!) -> #REF! | H33: =(('Time Matrix'!D29*#REF!)*#REF!) + (('Time Matrix'!D29*#REF!)*#REF!) + (('Time Matrix'!D29*#REF!)*#REF!) + (('Time Matrix'!D29*#REF!)*#REF!) -> #REF!
A34: 708200366 | B34: HOOD | C34: =(('Time Matrix'!D30*#REF!)*'Mon (103)'!#REF!) + (('Time Matrix'!D30*#REF!)*'Mon (103)'!#REF!) + (('Time Matrix'!D30*#REF!)*'Mon (103)'!#REF!) + (('Time Matrix'!D30*#REF!)*'Mon (103)'!#REF!) -> #REF! | D34: =(('Time Matrix'!D30*#REF!)*#REF!) + (('Time Matrix'!D30*#REF!)*#REF!) + (('Time Matrix'!D30*#REF!)*#REF!) + (('Time Matrix'!D30*#REF!)*#REF!) -> #REF! | E34: =(('Time Matrix'!D30*#REF!)*#REF!) + (('Time Matrix'!D30*#REF!)*#REF!) + (('Time Matrix'!D30*#REF!)*#REF!) + (('Time Matrix'!D30*#REF!)*#REF!) -> #REF! | F34: =(('Time Matrix'!D30*#REF!)*#REF!) + (('Time Matrix'!D30*#REF!)*#REF!) + (('Time Matrix'!D30*#REF!)*#REF!) + (('Time Matrix'!D30*#REF!)*#REF!) -> #REF! | G34: =(('Time Matrix'!D30*#REF!)*#REF!) + (('Time Matrix'!D30*#REF!)*#REF!) + (('Time Matrix'!D30*#REF!)*#REF!) + (('Time Matrix'!D30*#REF!)*#REF!) -> #REF! | H34: =(('Time Matrix'!D30*#REF!)*#REF!) + (('Time Matrix'!D30*#REF!)*#REF!) + (('Time Matrix'!D30*#REF!)*#REF!) + (('Time Matrix'!D30*#REF!)*#REF!) -> #REF!
A35: 708200401 | B35: LH VENT PANEL | C35: =(('Time Matrix'!D31*#REF!)*'Mon (103)'!#REF!) + (('Time Matrix'!D31*#REF!)*'Mon (103)'!#REF!) + (('Time Matrix'!D31*#REF!)*'Mon (103)'!#REF!) + (('Time Matrix'!D31*#REF!)*'Mon (103)'!#REF!) -> #REF! | D35: =(('Time Matrix'!D31*#REF!)*#REF!) + (('Time Matrix'!D31*#REF!)*#REF!) + (('Time Matrix'!D31*#REF!)*#REF!) + (('Time Matrix'!D31*#REF!)*#REF!) -> #REF! | E35: =(('Time Matrix'!D31*#REF!)*#REF!) + (('Time Matrix'!D31*#REF!)*#REF!) + (('Time Matrix'!D31*#REF!)*#REF!) + (('Time Matrix'!D31*#REF!)*#REF!) -> #REF! | F35: =(('Time Matrix'!D31*#REF!)*#REF!) + (('Time Matrix'!D31*#REF!)*#REF!) + (('Time Matrix'!D31*#REF!)*#REF!) + (('Time Matrix'!D31*#REF!)*#REF!) -> #REF! | G35: =(('Time Matrix'!D31*#REF!)*#REF!) + (('Time Matrix'!D31*#REF!)*#REF!) + (('Time Matrix'!D31*#REF!)*#REF!) + (('Time Matrix'!D31*#REF!)*#REF!) -> #REF! | H35: =(('Time Matrix'!D31*#REF!)*#REF!) + (('Time Matrix'!D31*#REF!)*#REF!) + (('Time Matrix'!D31*#REF!)*#REF!) + (('Time Matrix'!D31*#REF!)*#REF!) -> #REF!
A36: 708200402 | B36: RH VENT PANEL | C36: =(('Time Matrix'!D32*#REF!)*'Mon (103)'!#REF!) + (('Time Matrix'!D32*#REF!)*'Mon (103)'!#REF!) + (('Time Matrix'!D32*#REF!)*'Mon (103)'!#REF!) + (('Time Matrix'!D32*#REF!)*'Mon (103)'!#REF!) -> #REF! | D36: =(('Time Matrix'!D32*#REF!)*#REF!) + (('Time Matrix'!D32*#REF!)*#REF!) + (('Time Matrix'!D32*#REF!)*#REF!) + (('Time Matrix'!D32*#REF!)*#REF!) -> #REF! | E36: =(('Time Matrix'!D32*#REF!)*#REF!) + (('Time Matrix'!D32*#REF!)*#REF!) + (('Time Matrix'!D32*#REF!)*#REF!) + (('Time Matrix'!D32*#REF!)*#REF!) -> #REF! | F36: =(('Time Matrix'!D32*#REF!)*#REF!) + (('Time Matrix'!D32*#REF!)*#REF!) + (('Time Matrix'!D32*#REF!)*#REF!) + (('Time Matrix'!D32*#REF!)*#REF!) -> #REF! | G36: =(('Time Matrix'!D32*#REF!)*#REF!) + (('Time Matrix'!D32*#REF!)*#REF!) + (('Time Matrix'!D32*#REF!)*#REF!) + (('Time Matrix'!D32*#REF!)*#REF!) -> #REF! | H36: =(('Time Matrix'!D32*#REF!)*#REF!) + (('Time Matrix'!D32*#REF!)*#REF!) + (('Time Matrix'!D32*#REF!)*#REF!) + (('Time Matrix'!D32*#REF!)*#REF!) -> #REF!
A37: 708200698 | B37: FRONT FASCIA | C37: =(('Time Matrix'!D33*#REF!)*'Mon (103)'!#REF!) + (('Time Matrix'!D33*#REF!)*'Mon (103)'!#REF!) + (('Time Matrix'!D33*#REF!)*'Mon (103)'!#REF!) + (('Time Matrix'!D33*#REF!)*'Mon (103)'!#REF!) -> #REF! | D37: =(('Time Matrix'!D33*#REF!)*#REF!) + (('Time Matrix'!D33*#REF!)*#REF!) + (('Time Matrix'!D33*#REF!)*#REF!) + (('Time Matrix'!D33*#REF!)*#REF!) -> #REF! | E37: =(('Time Matrix'!D33*#REF!)*#REF!) + (('Time Matrix'!D33*#REF!)*#REF!) + (('Time Matrix'!D33*#REF!)*#REF!) + (('Time Matrix'!D33*#REF!)*#REF!) -> #REF! | F37: =(('Time Matrix'!D33*#REF!)*#REF!) + (('Time Matrix'!D33*#REF!)*#REF!) + (('Time Matrix'!D33*#REF!)*#REF!) + (('Time Matrix'!D33*#REF!)*#REF!) -> #REF! | G37: =(('Time Matrix'!D33*#REF!)*#REF!) + (('Time Matrix'!D33*#REF!)*#REF!) + (('Time Matrix'!D33*#REF!)*#REF!) + (('Time Matrix'!D33*#REF!)*#REF!) -> #REF! | H37: =(('Time Matrix'!D33*#REF!)*#REF!) + (('Time Matrix'!D33*#REF!)*#REF!) + (('Time Matrix'!D33*#REF!)*#REF!) + (('Time Matrix'!D33*#REF!)*#REF!) -> #REF!
A38: 708301201 | B38: COVER BOX | C38: =(('Time Matrix'!D34*#REF!)*'Mon (103)'!#REF!) + (('Time Matrix'!D34*#REF!)*'Mon (103)'!#REF!) + (('Time Matrix'!D34*#REF!)*'Mon (103)'!#REF!) + (('Time Matrix'!D34*#REF!)*'Mon (103)'!#REF!) -> #REF! | D38: =(('Time Matrix'!D34*#REF!)*#REF!) + (('Time Matrix'!D34*#REF!)*#REF!) + (('Time Matrix'!D34*#REF!)*#REF!) + (('Time Matrix'!D34*#REF!)*#REF!) -> #REF! | E38: =(('Time Matrix'!D34*#REF!)*#REF!) + (('Time Matrix'!D34*#REF!)*#REF!) + (('Time Matrix'!D34*#REF!)*#REF!) + (('Time Matrix'!D34*#REF!)*#REF!) -> #REF! | F38: =(('Time Matrix'!D34*#REF!)*#REF!) + (('Time Matrix'!D34*#REF!)*#REF!) + (('Time Matrix'!D34*#REF!)*#REF!) + (('Time Matrix'!D34*#REF!)*#REF!) -> #REF! | G38: =(('Time Matrix'!D34*#REF!)*#REF!) + (('Time Matrix'!D34*#REF!)*#REF!) + (('Time Matrix'!D34*#REF!)*#REF!) + (('Time Matrix'!D34*#REF!)*#REF!) -> #REF! | H38: =(('Time Matrix'!D34*#REF!)*#REF!) + (('Time Matrix'!D34*#REF!)*#REF!) + (('Time Matrix'!D34*#REF!)*#REF!) + (('Time Matrix'!D34*#REF!)*#REF!) -> #REF!
A39: Total: | C39: =SUM(C30:C38) -> #REF! | D39: =SUM(D30:D38) -> #REF! | E39: =SUM(E30:E38) -> #REF! | F39: =SUM(F30:F38) -> #REF! | G39: =SUM(G30:G38) -> #REF! | H39: =SUM(H30:H38) -> #REF!
A40: Vegas White (Spyder)
A41: 705009213 | B41: LH F3T LOW FAIRING | C41: =(('Time Matrix'!E35*#REF!)*'Mon (103)'!#REF!) + (('Time Matrix'!E35*#REF!)*'Mon (103)'!#REF!) + (('Time Matrix'!E35*#REF!)*'Mon (103)'!#REF!) + (('Time Matrix'!E35*#REF!)*'Mon (103)'!#REF!) -> #REF! | D41: =(('Time Matrix'!E35*#REF!)*#REF!) + (('Time Matrix'!E35*#REF!)*#REF!) + (('Time Matrix'!E35*#REF!)*#REF!) + (('Time Matrix'!E35*#REF!)*#REF!) -> #REF! | E41: =(('Time Matrix'!E35*#REF!)*#REF!) + (('Time Matrix'!E35*#REF!)*#REF!) + (('Time Matrix'!E35*#REF!)*#REF!) + (('Time Matrix'!E35*#REF!)*#REF!) -> #REF! | F41: =(('Time Matrix'!E35*#REF!)*#REF!) + (('Time Matrix'!E35*#REF!)*#REF!) + (('Time Matrix'!E35*#REF!)*#REF!) + (('Time Matrix'!E35*#REF!)*#REF!) -> #REF! | G41: =(('Time Matrix'!E35*#REF!)*#REF!) + (('Time Matrix'!E35*#REF!)*#REF!) + (('Time Matrix'!E35*#REF!)*#REF!) + (('Time Matrix'!E35*#REF!)*#REF!) -> #REF! | H41: =(('Time Matrix'!E35*#REF!)*#REF!) + (('Time Matrix'!E35*#REF!)*#REF!) + (('Time Matrix'!E35*#REF!)*#REF!) + (('Time Matrix'!E35*#REF!)*#REF!) -> #REF!
A42: 705009214 | B42: RH F3T LOW FAIRING | C42: =(('Time Matrix'!E36*#REF!)*'Mon (103)'!#REF!) + (('Time Matrix'!E36*#REF!)*'Mon (103)'!#REF!) + (('Time Matrix'!E36*#REF!)*'Mon (103)'!#REF!) + (('Time Matrix'!E36*#REF!)*'Mon (103)'!#REF!) -> #REF! | D42: =(('Time Matrix'!E36*#REF!)*#REF!) + (('Time Matrix'!E36*#REF!)*#REF!) + (('Time Matrix'!E36*#REF!)*#REF!) + (('Time Matrix'!E36*#REF!)*#REF!) -> #REF! | E42: =(('Time Matrix'!E36*#REF!)*#REF!) + (('Time Matrix'!E36*#REF!)*#REF!) + (('Time Matrix'!E36*#REF!)*#REF!) + (('Time Matrix'!E36*#REF!)*#REF!) -> #REF! | F42: =(('Time Matrix'!E36*#REF!)*#REF!) + (('Time Matrix'!E36*#REF!)*#REF!) + (('Time Matrix'!E36*#REF!)*#REF!) + (('Time Matrix'!E36*#REF!)*#REF!) -> #REF! | G42: =(('Time Matrix'!E36*#REF!)*#REF!) + (('Time Matrix'!E36*#REF!)*#REF!) + (('Time Matrix'!E36*#REF!)*#REF!) + (('Time Matrix'!E36*#REF!)*#REF!) -> #REF! | H42: =(('Time Matrix'!E36*#REF!)*#REF!) + (('Time Matrix'!E36*#REF!)*#REF!) + (('Time Matrix'!E36*#REF!)*#REF!) + (('Time Matrix'!E36*#REF!)*#REF!) -> #REF!
A43: 705010835 | B43: RH FAIRING | C43: =(('Time Matrix'!E37*#REF!)*'Mon (103)'!#REF!) + (('Time Matrix'!E37*#REF!)*'Mon (103)'!#REF!) + (('Time Matrix'!E37*#REF!)*'Mon (103)'!#REF!) + (('Time Matrix'!E37*#REF!)*'Mon (103)'!#REF!) -> #REF! | D43: =(('Time Matrix'!E37*#REF!)*#REF!) + (('Time Matrix'!E37*#REF!)*#REF!) + (('Time Matrix'!E37*#REF!)*#REF!) + (('Time Matrix'!E37*#REF!)*#REF!) -> #REF! | E43: =(('Time Matrix'!E37*#REF!)*#REF!) + (('Time Matrix'!E37*#REF!)*#REF!) + (('Time Matrix'!E37*#REF!)*#REF!) + (('Time Matrix'!E37*#REF!)*#REF!) -> #REF! | F43: =(('Time Matrix'!E37*#REF!)*#REF!) + (('Time Matrix'!E37*#REF!)*#REF!) + (('Time Matrix'!E37*#REF!)*#REF!) + (('Time Matrix'!E37*#REF!)*#REF!) -> #REF! | G43: =(('Time Matrix'!E37*#REF!)*#REF!) + (('Time Matrix'!E37*#REF!)*#REF!) + (('Time Matrix'!E37*#REF!)*#REF!) + (('Time Matrix'!E37*#REF!)*#REF!) -> #REF! | H43: =(('Time Matrix'!E37*#REF!)*#REF!) + (('Time Matrix'!E37*#REF!)*#REF!) + (('Time Matrix'!E37*#REF!)*#REF!) + (('Time Matrix'!E37*#REF!)*#REF!) -> #REF!
A44: 705010851 | B44: LH FAIRING | C44: =(('Time Matrix'!E38*#REF!)*'Mon (103)'!#REF!) + (('Time Matrix'!E38*#REF!)*'Mon (103)'!#REF!) + (('Time Matrix'!E38*#REF!)*'Mon (103)'!#REF!) + (('Time Matrix'!E38*#REF!)*'Mon (103)'!#REF!) -> #REF! | D44: =(('Time Matrix'!E38*#REF!)*#REF!) + (('Time Matrix'!E38*#REF!)*#REF!) + (('Time Matrix'!E38*#REF!)*#REF!) + (('Time Matrix'!E38*#REF!)*#REF!) -> #REF! | E44: =(('Time Matrix'!E38*#REF!)*#REF!) + (('Time Matrix'!E38*#REF!)*#REF!) + (('Time Matrix'!E38*#REF!)*#REF!) + (('Time Matrix'!E38*#REF!)*#REF!) -> #REF! | F44: =(('Time Matrix'!E38*#REF!)*#REF!) + (('Time Matrix'!E38*#REF!)*#REF!) + (('Time Matrix'!E38*#REF!)*#REF!) + (('Time Matrix'!E38*#REF!)*#REF!) -> #REF! | G44: =(('Time Matrix'!E38*#REF!)*#REF!) + (('Time Matrix'!E38*#REF!)*#REF!) + (('Time Matrix'!E38*#REF!)*#REF!) + (('Time Matrix'!E38*#REF!)*#REF!) -> #REF! | H44: =(('Time Matrix'!E38*#REF!)*#REF!) + (('Time Matrix'!E38*#REF!)*#REF!) + (('Time Matrix'!E38*#REF!)*#REF!) + (('Time Matrix'!E38*#REF!)*#REF!) -> #REF!
A45: 705012868 | B45: RH FENDER | C45: =(('Time Matrix'!E39*#REF!)*'Mon (103)'!#REF!) + (('Time Matrix'!E39*#REF!)*'Mon (103)'!#REF!) + (('Time Matrix'!E39*#REF!)*'Mon (103)'!#REF!) + (('Time Matrix'!E39*#REF!)*'Mon (103)'!#REF!) -> #REF! | D45: =(('Time Matrix'!E39*#REF!)*#REF!) + (('Time Matrix'!E39*#REF!)*#REF!) + (('Time Matrix'!E39*#REF!)*#REF!) + (('Time Matrix'!E39*#REF!)*#REF!) -> #REF! | E45: =(('Time Matrix'!E39*#REF!)*#REF!) + (('Time Matrix'!E39*#REF!)*#REF!) + (('Time Matrix'!E39*#REF!)*#REF!) + (('Time Matrix'!E39*#REF!)*#REF!) -> #REF! | F45: =(('Time Matrix'!E39*#REF!)*#REF!) + (('Time Matrix'!E39*#REF!)*#REF!) + (('Time Matrix'!E39*#REF!)*#REF!) + (('Time Matrix'!E39*#REF!)*#REF!) -> #REF! | G45: =(('Time Matrix'!E39*#REF!)*#REF!) + (('Time Matrix'!E39*#REF!)*#REF!) + (('Time Matrix'!E39*#REF!)*#REF!) + (('Time Matrix'!E39*#REF!)*#REF!) -> #REF! | H45: =(('Time Matrix'!E39*#REF!)*#REF!) + (('Time Matrix'!E39*#REF!)*#REF!) + (('Time Matrix'!E39*#REF!)*#REF!) + (('Time Matrix'!E39*#REF!)*#REF!) -> #REF!
A46: 705012976 | B46: LH FENDER | C46: =(('Time Matrix'!E40*#REF!)*'Mon (103)'!#REF!) + (('Time Matrix'!E40*#REF!)*'Mon (103)'!#REF!) + (('Time Matrix'!E40*#REF!)*'Mon (103)'!#REF!) + (('Time Matrix'!E40*#REF!)*'Mon (103)'!#REF!) -> #REF! | D46: =(('Time Matrix'!E40*#REF!)*#REF!) + (('Time Matrix'!E40*#REF!)*#REF!) + (('Time Matrix'!E40*#REF!)*#REF!) + (('Time Matrix'!E40*#REF!)*#REF!) -> #REF! | E46: =(('Time Matrix'!E40*#REF!)*#REF!) + (('Time Matrix'!E40*#REF!)*#REF!) + (('Time Matrix'!E40*#REF!)*#REF!) + (('Time Matrix'!E40*#REF!)*#REF!) -> #REF! | F46: =(('Time Matrix'!E40*#REF!)*#REF!) + (('Time Matrix'!E40*#REF!)*#REF!) + (('Time Matrix'!E40*#REF!)*#REF!) + (('Time Matrix'!E40*#REF!)*#REF!) -> #REF! | G46: =(('Time Matrix'!E40*#REF!)*#REF!) + (('Time Matrix'!E40*#REF!)*#REF!) + (('Time Matrix'!E40*#REF!)*#REF!) + (('Time Matrix'!E40*#REF!)*#REF!) -> #REF! | H46: =(('Time Matrix'!E40*#REF!)*#REF!) + (('Time Matrix'!E40*#REF!)*#REF!) + (('Time Matrix'!E40*#REF!)*#REF!) + (('Time Matrix'!E40*#REF!)*#REF!) -> #REF!
A47: 708200366 | B47: HOOD | C47: =(('Time Matrix'!E41*#REF!)*'Mon (103)'!#REF!) + (('Time Matrix'!E41*#REF!)*'Mon (103)'!#REF!) + (('Time Matrix'!E41*#REF!)*'Mon (103)'!#REF!) + (('Time Matrix'!E41*#REF!)*'Mon (103)'!#REF!) -> #REF! | D47: =(('Time Matrix'!E41*#REF!)*#REF!) + (('Time Matrix'!E41*#REF!)*#REF!) + (('Time Matrix'!E41*#REF!)*#REF!) + (('Time Matrix'!E41*#REF!)*#REF!) -> #REF! | E47: =(('Time Matrix'!E41*#REF!)*#REF!) + (('Time Matrix'!E41*#REF!)*#REF!) + (('Time Matrix'!E41*#REF!)*#REF!) + (('Time Matrix'!E41*#REF!)*#REF!) -> #REF! | F47: =(('Time Matrix'!E41*#REF!)*#REF!) + (('Time Matrix'!E41*#REF!)*#REF!) + (('Time Matrix'!E41*#REF!)*#REF!) + (('Time Matrix'!E41*#REF!)*#REF!) -> #REF! | G47: =(('Time Matrix'!E41*#REF!)*#REF!) + (('Time Matrix'!E41*#REF!)*#REF!) + (('Time Matrix'!E41*#REF!)*#REF!) + (('Time Matrix'!E41*#REF!)*#REF!) -> #REF! | H47: =(('Time Matrix'!E41*#REF!)*#REF!) + (('Time Matrix'!E41*#REF!)*#REF!) + (('Time Matrix'!E41*#REF!)*#REF!) + (('Time Matrix'!E41*#REF!)*#REF!) -> #REF!
A48: 708200401 | B48: LH VENT PANEL | C48: =(('Time Matrix'!E42*#REF!)*'Mon (103)'!#REF!) + (('Time Matrix'!E42*#REF!)*'Mon (103)'!#REF!) + (('Time Matrix'!E42*#REF!)*'Mon (103)'!#REF!) + (('Time Matrix'!E42*#REF!)*'Mon (103)'!#REF!) -> #REF! | D48: =(('Time Matrix'!E42*#REF!)*#REF!) + (('Time Matrix'!E42*#REF!)*#REF!) + (('Time Matrix'!E42*#REF!)*#REF!) + (('Time Matrix'!E42*#REF!)*#REF!) -> #REF! | E48: =(('Time Matrix'!E42*#REF!)*#REF!) + (('Time Matrix'!E42*#REF!)*#REF!) + (('Time Matrix'!E42*#REF!)*#REF!) + (('Time Matrix'!E42*#REF!)*#REF!) -> #REF! | F48: =(('Time Matrix'!E42*#REF!)*#REF!) + (('Time Matrix'!E42*#REF!)*#REF!) + (('Time Matrix'!E42*#REF!)*#REF!) + (('Time Matrix'!E42*#REF!)*#REF!) -> #REF! | G48: =(('Time Matrix'!E42*#REF!)*#REF!) + (('Time Matrix'!E42*#REF!)*#REF!) + (('Time Matrix'!E42*#REF!)*#REF!) + (('Time Matrix'!E42*#REF!)*#REF!) -> #REF! | H48: =(('Time Matrix'!E42*#REF!)*#REF!) + (('Time Matrix'!E42*#REF!)*#REF!) + (('Time Matrix'!E42*#REF!)*#REF!) + (('Time Matrix'!E42*#REF!)*#REF!) -> #REF!
A49: 708200402 | B49: RH VENT PANEL | C49: =(('Time Matrix'!E43*#REF!)*'Mon (103)'!#REF!) + (('Time Matrix'!E43*#REF!)*'Mon (103)'!#REF!) + (('Time Matrix'!E43*#REF!)*'Mon (103)'!#REF!) + (('Time Matrix'!E43*#REF!)*'Mon (103)'!#REF!) -> #REF! | D49: =(('Time Matrix'!E43*#REF!)*#REF!) + (('Time Matrix'!E43*#REF!)*#REF!) + (('Time Matrix'!E43*#REF!)*#REF!) + (('Time Matrix'!E43*#REF!)*#REF!) -> #REF! | E49: =(('Time Matrix'!E43*#REF!)*#REF!) + (('Time Matrix'!E43*#REF!)*#REF!) + (('Time Matrix'!E43*#REF!)*#REF!) + (('Time Matrix'!E43*#REF!)*#REF!) -> #REF! | F49: =(('Time Matrix'!E43*#REF!)*#REF!) + (('Time Matrix'!E43*#REF!)*#REF!) + (('Time Matrix'!E43*#REF!)*#REF!) + (('Time Matrix'!E43*#REF!)*#REF!) -> #REF! | G49: =(('Time Matrix'!E43*#REF!)*#REF!) + (('Time Matrix'!E43*#REF!)*#REF!) + (('Time Matrix'!E43*#REF!)*#REF!) + (('Time Matrix'!E43*#REF!)*#REF!) -> #REF! | H49: =(('Time Matrix'!E43*#REF!)*#REF!) + (('Time Matrix'!E43*#REF!)*#REF!) + (('Time Matrix'!E43*#REF!)*#REF!) + (('Time Matrix'!E43*#REF!)*#REF!) -> #REF!
A50: 708200698 | B50: FRONT FASCIA | C50: =(('Time Matrix'!E44*#REF!)*'Mon (103)'!#REF!) + (('Time Matrix'!E44*#REF!)*'Mon (103)'!#REF!) + (('Time Matrix'!E44*#REF!)*'Mon (103)'!#REF!) + (('Time Matrix'!E44*#REF!)*'Mon (103)'!#REF!) -> #REF! | D50: =(('Time Matrix'!E44*#REF!)*#REF!) + (('Time Matrix'!E44*#REF!)*#REF!) + (('Time Matrix'!E44*#REF!)*#REF!) + (('Time Matrix'!E44*#REF!)*#REF!) -> #REF! | E50: =(('Time Matrix'!E44*#REF!)*#REF!) + (('Time Matrix'!E44*#REF!)*#REF!) + (('Time Matrix'!E44*#REF!)*#REF!) + (('Time Matrix'!E44*#REF!)*#REF!) -> #REF! | F50: =(('Time Matrix'!E44*#REF!)*#REF!) + (('Time Matrix'!E44*#REF!)*#REF!) + (('Time Matrix'!E44*#REF!)*#REF!) + (('Time Matrix'!E44*#REF!)*#REF!) -> #REF! | G50: =(('Time Matrix'!E44*#REF!)*#REF!) + (('Time Matrix'!E44*#REF!)*#REF!) + (('Time Matrix'!E44*#REF!)*#REF!) + (('Time Matrix'!E44*#REF!)*#REF!) -> #REF! | H50: =(('Time Matrix'!E44*#REF!)*#REF!) + (('Time Matrix'!E44*#REF!)*#REF!) + (('Time Matrix'!E44*#REF!)*#REF!) + (('Time Matrix'!E44*#REF!)*#REF!) -> #REF!
A51: 708301988 | B51: RH F3T PANEL | C51: =(('Time Matrix'!E45*#REF!)*'Mon (103)'!#REF!) + (('Time Matrix'!E45*#REF!)*'Mon (103)'!#REF!) + (('Time Matrix'!E45*#REF!)*'Mon (103)'!#REF!) + (('Time Matrix'!E45*#REF!)*'Mon (103)'!#REF!) -> #REF! | D51: =(('Time Matrix'!E45*#REF!)*#REF!) + (('Time Matrix'!E45*#REF!)*#REF!) + (('Time Matrix'!E45*#REF!)*#REF!) + (('Time Matrix'!E45*#REF!)*#REF!) -> #REF! | E51: =(('Time Matrix'!E45*#REF!)*#REF!) + (('Time Matrix'!E45*#REF!)*#REF!) + (('Time Matrix'!E45*#REF!)*#REF!) + (('Time Matrix'!E45*#REF!)*#REF!) -> #REF! | F51: =(('Time Matrix'!E45*#REF!)*#REF!) + (('Time Matrix'!E45*#REF!)*#REF!) + (('Time Matrix'!E45*#REF!)*#REF!) + (('Time Matrix'!E45*#REF!)*#REF!) -> #REF! | G51: =(('Time Matrix'!E45*#REF!)*#REF!) + (('Time Matrix'!E45*#REF!)*#REF!) + (('Time Matrix'!E45*#REF!)*#REF!) + (('Time Matrix'!E45*#REF!)*#REF!) -> #REF! | H51: =(('Time Matrix'!E45*#REF!)*#REF!) + (('Time Matrix'!E45*#REF!)*#REF!) + (('Time Matrix'!E45*#REF!)*#REF!) + (('Time Matrix'!E45*#REF!)*#REF!) -> #REF!
A52: 708301990 | B52: LH F3T PANEL | C52: =(('Time Matrix'!E46*#REF!)*'Mon (103)'!#REF!) + (('Time Matrix'!E46*#REF!)*'Mon (103)'!#REF!) + (('Time Matrix'!E46*#REF!)*'Mon (103)'!#REF!) + (('Time Matrix'!E46*#REF!)*'Mon (103)'!#REF!) -> #REF! | D52: =(('Time Matrix'!E46*#REF!)*#REF!) + (('Time Matrix'!E46*#REF!)*#REF!) + (('Time Matrix'!E46*#REF!)*#REF!) + (('Time Matrix'!E46*#REF!)*#REF!) -> #REF! | E52: =(('Time Matrix'!E46*#REF!)*#REF!) + (('Time Matrix'!E46*#REF!)*#REF!) + (('Time Matrix'!E46*#REF!)*#REF!) + (('Time Matrix'!E46*#REF!)*#REF!) -> #REF! | F52: =(('Time Matrix'!E46*#REF!)*#REF!) + (('Time Matrix'!E46*#REF!)*#REF!) + (('Time Matrix'!E46*#REF!)*#REF!) + (('Time Matrix'!E46*#REF!)*#REF!) -> #REF! | G52: =(('Time Matrix'!E46*#REF!)*#REF!) + (('Time Matrix'!E46*#REF!)*#REF!) + (('Time Matrix'!E46*#REF!)*#REF!) + (('Time Matrix'!E46*#REF!)*#REF!) -> #REF! | H52: =(('Time Matrix'!E46*#REF!)*#REF!) + (('Time Matrix'!E46*#REF!)*#REF!) + (('Time Matrix'!E46*#REF!)*#REF!) + (('Time Matrix'!E46*#REF!)*#REF!) -> #REF!
A53: Total: | C53: =SUM(C41:C52) -> #REF! | D53: =SUM(D41:D52) -> #REF! | E53: =SUM(E41:E52) -> #REF! | F53: =SUM(F41:F52) -> #REF! | G53: =SUM(G41:G52) -> #REF! | H53: =SUM(H41:H52) -> #REF!
A54: Metelix - Spoilers
B55: LG Black | C55: =(('Time Matrix'!F47*#REF!)*'Mon (103)'!#REF!) + (('Time Matrix'!F47*#REF!)*'Mon (103)'!#REF!) + (('Time Matrix'!F47*#REF!)*'Mon (103)'!#REF!) + (('Time Matrix'!F47*#REF!)*'Mon (103)'!#REF!) -> #REF! | D55: =(('Time Matrix'!F47*#REF!)*#REF!) + (('Time Matrix'!F47*#REF!)*#REF!) + (('Time Matrix'!F47*#REF!)*#REF!) + (('Time Matrix'!F47*#REF!)*#REF!) -> #REF! | E55: =(('Time Matrix'!F47*#REF!)*#REF!) + (('Time Matrix'!F47*#REF!)*#REF!) + (('Time Matrix'!F47*#REF!)*#REF!) + (('Time Matrix'!F47*#REF!)*#REF!) -> #REF! | F55: =(('Time Matrix'!F47*#REF!)*#REF!) + (('Time Matrix'!F47*#REF!)*#REF!) + (('Time Matrix'!F47*#REF!)*#REF!) + (('Time Matrix'!F47*#REF!)*#REF!) -> #REF! | G55: =(('Time Matrix'!F47*#REF!)*#REF!) + (('Time Matrix'!F47*#REF!)*#REF!) + (('Time Matrix'!F47*#REF!)*#REF!) + (('Time Matrix'!F47*#REF!)*#REF!) -> #REF! | H55: =(('Time Matrix'!F47*#REF!)*#REF!) + (('Time Matrix'!F47*#REF!)*#REF!) + (('Time Matrix'!F47*#REF!)*#REF!) + (('Time Matrix'!F47*#REF!)*#REF!) -> #REF!
B56: Black | C56: =(('Time Matrix'!F48*#REF!)*'Mon (103)'!#REF!) + (('Time Matrix'!F48*#REF!)*'Mon (103)'!#REF!) + (('Time Matrix'!F48*#REF!)*'Mon (103)'!#REF!) + (('Time Matrix'!F48*#REF!)*'Mon (103)'!#REF!) -> #REF! | D56: =(('Time Matrix'!F48*#REF!)*#REF!) + (('Time Matrix'!F48*#REF!)*#REF!) + (('Time Matrix'!F48*#REF!)*#REF!) + (('Time Matrix'!F48*#REF!)*#REF!) -> #REF! | E56: =(('Time Matrix'!F48*#REF!)*#REF!) + (('Time Matrix'!F48*#REF!)*#REF!) + (('Time Matrix'!F48*#REF!)*#REF!) + (('Time Matrix'!F48*#REF!)*#REF!) -> #REF! | F56: =(('Time Matrix'!F48*#REF!)*#REF!) + (('Time Matrix'!F48*#REF!)*#REF!) + (('Time Matrix'!F48*#REF!)*#REF!) + (('Time Matrix'!F48*#REF!)*#REF!) -> #REF! | G56: =(('Time Matrix'!F48*#REF!)*#REF!) + (('Time Matrix'!F48*#REF!)*#REF!) + (('Time Matrix'!F48*#REF!)*#REF!) + (('Time Matrix'!F48*#REF!)*#REF!) -> #REF! | H56: =(('Time Matrix'!F48*#REF!)*#REF!) + (('Time Matrix'!F48*#REF!)*#REF!) + (('Time Matrix'!F48*#REF!)*#REF!) + (('Time Matrix'!F48*#REF!)*#REF!) -> #REF!
B57: Cherry Bomb | C57: =(('Time Matrix'!F49*#REF!)*'Mon (103)'!#REF!) + (('Time Matrix'!F49*#REF!)*'Mon (103)'!#REF!) + (('Time Matrix'!F49*#REF!)*'Mon (103)'!#REF!) + (('Time Matrix'!F49*#REF!)*'Mon (103)'!#REF!) -> #REF! | D57: =(('Time Matrix'!F49*#REF!)*#REF!) + (('Time Matrix'!F49*#REF!)*#REF!) + (('Time Matrix'!F49*#REF!)*#REF!) + (('Time Matrix'!F49*#REF!)*#REF!) -> #REF! | E57: =(('Time Matrix'!F49*#REF!)*#REF!) + (('Time Matrix'!F49*#REF!)*#REF!) + (('Time Matrix'!F49*#REF!)*#REF!) + (('Time Matrix'!F49*#REF!)*#REF!) -> #REF! | F57: =(('Time Matrix'!F49*#REF!)*#REF!) + (('Time Matrix'!F49*#REF!)*#REF!) + (('Time Matrix'!F49*#REF!)*#REF!) + (('Time Matrix'!F49*#REF!)*#REF!) -> #REF! | G57: =(('Time Matrix'!F49*#REF!)*#REF!) + (('Time Matrix'!F49*#REF!)*#REF!) + (('Time Matrix'!F49*#REF!)*#REF!) + (('Time Matrix'!F49*#REF!)*#REF!) -> #REF! | H57: =(('Time Matrix'!F49*#REF!)*#REF!) + (('Time Matrix'!F49*#REF!)*#REF!) + (('Time Matrix'!F49*#REF!)*#REF!) + (('Time Matrix'!F49*#REF!)*#REF!) -> #REF!
B58: Dk Shdw | C58: =(('Time Matrix'!F50*#REF!)*'Mon (103)'!#REF!) + (('Time Matrix'!F50*#REF!)*'Mon (103)'!#REF!) + (('Time Matrix'!F50*#REF!)*'Mon (103)'!#REF!) + (('Time Matrix'!F50*#REF!)*'Mon (103)'!#REF!) -> #REF! | D58: =(('Time Matrix'!F50*#REF!)*#REF!) + (('Time Matrix'!F50*#REF!)*#REF!) + (('Time Matrix'!F50*#REF!)*#REF!) + (('Time Matrix'!F50*#REF!)*#REF!) -> #REF! | E58: =(('Time Matrix'!F50*#REF!)*#REF!) + (('Time Matrix'!F50*#REF!)*#REF!) + (('Time Matrix'!F50*#REF!)*#REF!) + (('Time Matrix'!F50*#REF!)*#REF!) -> #REF! | F58: =(('Time Matrix'!F50*#REF!)*#REF!) + (('Time Matrix'!F50*#REF!)*#REF!) + (('Time Matrix'!F50*#REF!)*#REF!) + (('Time Matrix'!F50*#REF!)*#REF!) -> #REF! | G58: =(('Time Matrix'!F50*#REF!)*#REF!) + (('Time Matrix'!F50*#REF!)*#REF!) + (('Time Matrix'!F50*#REF!)*#REF!) + (('Time Matrix'!F50*#REF!)*#REF!) -> #REF! | H58: =(('Time Matrix'!F50*#REF!)*#REF!) + (('Time Matrix'!F50*#REF!)*#REF!) + (('Time Matrix'!F50*#REF!)*#REF!) + (('Time Matrix'!F50*#REF!)*#REF!) -> #REF!
B59: Oconus | C59: =(('Time Matrix'!F51*#REF!)*'Mon (103)'!#REF!) + (('Time Matrix'!F51*#REF!)*'Mon (103)'!#REF!) + (('Time Matrix'!F51*#REF!)*'Mon (103)'!#REF!) + (('Time Matrix'!F51*#REF!)*'Mon (103)'!#REF!) -> #REF! | D59: =(('Time Matrix'!F51*#REF!)*#REF!) + (('Time Matrix'!F51*#REF!)*#REF!) + (('Time Matrix'!F51*#REF!)*#REF!) + (('Time Matrix'!F51*#REF!)*#REF!) -> #REF! | E59: =(('Time Matrix'!F51*#REF!)*#REF!) + (('Time Matrix'!F51*#REF!)*#REF!) + (('Time Matrix'!F51*#REF!)*#REF!) + (('Time Matrix'!F51*#REF!)*#REF!) -> #REF! | F59: =(('Time Matrix'!F51*#REF!)*#REF!) + (('Time Matrix'!F51*#REF!)*#REF!) + (('Time Matrix'!F51*#REF!)*#REF!) + (('Time Matrix'!F51*#REF!)*#REF!) -> #REF! | G59: =(('Time Matrix'!F51*#REF!)*#REF!) + (('Time Matrix'!F51*#REF!)*#REF!) + (('Time Matrix'!F51*#REF!)*#REF!) + (('Time Matrix'!F51*#REF!)*#REF!) -> #REF! | H59: =(('Time Matrix'!F51*#REF!)*#REF!) + (('Time Matrix'!F51*#REF!)*#REF!) + (('Time Matrix'!F51*#REF!)*#REF!) + (('Time Matrix'!F51*#REF!)*#REF!) -> #REF!
B60: Pull Me Over Red | C60: =(('Time Matrix'!F52*#REF!)*'Mon (103)'!#REF!) + (('Time Matrix'!F52*#REF!)*'Mon (103)'!#REF!) + (('Time Matrix'!F52*#REF!)*'Mon (103)'!#REF!) + (('Time Matrix'!F52*#REF!)*'Mon (103)'!#REF!) -> #REF! | D60: =(('Time Matrix'!F52*#REF!)*#REF!) + (('Time Matrix'!F52*#REF!)*#REF!) + (('Time Matrix'!F52*#REF!)*#REF!) + (('Time Matrix'!F52*#REF!)*#REF!) -> #REF! | E60: =(('Time Matrix'!F52*#REF!)*#REF!) + (('Time Matrix'!F52*#REF!)*#REF!) + (('Time Matrix'!F52*#REF!)*#REF!) + (('Time Matrix'!F52*#REF!)*#REF!) -> #REF! | F60: =(('Time Matrix'!F52*#REF!)*#REF!) + (('Time Matrix'!F52*#REF!)*#REF!) + (('Time Matrix'!F52*#REF!)*#REF!) + (('Time Matrix'!F52*#REF!)*#REF!) -> #REF! | G60: =(('Time Matrix'!F52*#REF!)*#REF!) + (('Time Matrix'!F52*#REF!)*#REF!) + (('Time Matrix'!F52*#REF!)*#REF!) + (('Time Matrix'!F52*#REF!)*#REF!) -> #REF! | H60: =(('Time Matrix'!F52*#REF!)*#REF!) + (('Time Matrix'!F52*#REF!)*#REF!) + (('Time Matrix'!F52*#REF!)*#REF!) + (('Time Matrix'!F52*#REF!)*#REF!) -> #REF!
B61: Rapid | C61: =(('Time Matrix'!F53*#REF!)*'Mon (103)'!#REF!) + (('Time Matrix'!F53*#REF!)*'Mon (103)'!#REF!) + (('Time Matrix'!F53*#REF!)*'Mon (103)'!#REF!) + (('Time Matrix'!F53*#REF!)*'Mon (103)'!#REF!) -> #REF! | D61: =(('Time Matrix'!F53*#REF!)*#REF!) + (('Time Matrix'!F53*#REF!)*#REF!) + (('Time Matrix'!F53*#REF!)*#REF!) + (('Time Matrix'!F53*#REF!)*#REF!) -> #REF! | E61: =(('Time Matrix'!F53*#REF!)*#REF!) + (('Time Matrix'!F53*#REF!)*#REF!) + (('Time Matrix'!F53*#REF!)*#REF!) + (('Time Matrix'!F53*#REF!)*#REF!) -> #REF! | F61: =(('Time Matrix'!F53*#REF!)*#REF!) + (('Time Matrix'!F53*#REF!)*#REF!) + (('Time Matrix'!F53*#REF!)*#REF!) + (('Time Matrix'!F53*#REF!)*#REF!) -> #REF! | G61: =(('Time Matrix'!F53*#REF!)*#REF!) + (('Time Matrix'!F53*#REF!)*#REF!) + (('Time Matrix'!F53*#REF!)*#REF!) + (('Time Matrix'!F53*#REF!)*#REF!) -> #REF! | H61: =(('Time Matrix'!F53*#REF!)*#REF!) + (('Time Matrix'!F53*#REF!)*#REF!) + (('Time Matrix'!F53*#REF!)*#REF!) + (('Time Matrix'!F53*#REF!)*#REF!) -> #REF!
B62: Shock | C62: =(('Time Matrix'!F54*#REF!)*'Mon (103)'!#REF!) + (('Time Matrix'!F54*#REF!)*'Mon (103)'!#REF!) + (('Time Matrix'!F54*#REF!)*'Mon (103)'!#REF!) + (('Time Matrix'!F54*#REF!)*'Mon (103)'!#REF!) -> #REF! | D62: =(('Time Matrix'!F54*#REF!)*#REF!) + (('Time Matrix'!F54*#REF!)*#REF!) + (('Time Matrix'!F54*#REF!)*#REF!) + (('Time Matrix'!F54*#REF!)*#REF!) -> #REF! | E62: =(('Time Matrix'!F54*#REF!)*#REF!) + (('Time Matrix'!F54*#REF!)*#REF!) + (('Time Matrix'!F54*#REF!)*#REF!) + (('Time Matrix'!F54*#REF!)*#REF!) -> #REF! | F62: =(('Time Matrix'!F54*#REF!)*#REF!) + (('Time Matrix'!F54*#REF!)*#REF!) + (('Time Matrix'!F54*#REF!)*#REF!) + (('Time Matrix'!F54*#REF!)*#REF!) -> #REF! | G62: =(('Time Matrix'!F54*#REF!)*#REF!) + (('Time Matrix'!F54*#REF!)*#REF!) + (('Time Matrix'!F54*#REF!)*#REF!) + (('Time Matrix'!F54*#REF!)*#REF!) -> #REF! | H62: =(('Time Matrix'!F54*#REF!)*#REF!) + (('Time Matrix'!F54*#REF!)*#REF!) + (('Time Matrix'!F54*#REF!)*#REF!) + (('Time Matrix'!F54*#REF!)*#REF!) -> #REF!
B63: Service Prime | C63: =(('Time Matrix'!F55*#REF!)*'Mon (103)'!#REF!) + (('Time Matrix'!F55*#REF!)*'Mon (103)'!#REF!) + (('Time Matrix'!F55*#REF!)*'Mon (103)'!#REF!) + (('Time Matrix'!F55*#REF!)*'Mon (103)'!#REF!) -> #REF! | D63: =(('Time Matrix'!F55*#REF!)*#REF!) + (('Time Matrix'!F55*#REF!)*#REF!) + (('Time Matrix'!F55*#REF!)*#REF!) + (('Time Matrix'!F55*#REF!)*#REF!) -> #REF! | E63: =(('Time Matrix'!F55*#REF!)*#REF!) + (('Time Matrix'!F55*#REF!)*#REF!) + (('Time Matrix'!F55*#REF!)*#REF!) + (('Time Matrix'!F55*#REF!)*#REF!) -> #REF! | F63: =(('Time Matrix'!F55*#REF!)*#REF!) + (('Time Matrix'!F55*#REF!)*#REF!) + (('Time Matrix'!F55*#REF!)*#REF!) + (('Time Matrix'!F55*#REF!)*#REF!) -> #REF! | G63: =(('Time Matrix'!F55*#REF!)*#REF!) + (('Time Matrix'!F55*#REF!)*#REF!) + (('Time Matrix'!F55*#REF!)*#REF!) + (('Time Matrix'!F55*#REF!)*#REF!) -> #REF! | H63: =(('Time Matrix'!F55*#REF!)*#REF!) + (('Time Matrix'!F55*#REF!)*#REF!) + (('Time Matrix'!F55*#REF!)*#REF!) + (('Time Matrix'!F55*#REF!)*#REF!) -> #REF!
B64: Sat Steel Grey | C64: =(('Time Matrix'!F56*#REF!)*'Mon (103)'!#REF!) + (('Time Matrix'!F56*#REF!)*'Mon (103)'!#REF!) + (('Time Matrix'!F56*#REF!)*'Mon (103)'!#REF!) + (('Time Matrix'!F56*#REF!)*'Mon (103)'!#REF!) -> #REF! | D64: =(('Time Matrix'!F56*#REF!)*#REF!) + (('Time Matrix'!F56*#REF!)*#REF!) + (('Time Matrix'!F56*#REF!)*#REF!) + (('Time Matrix'!F56*#REF!)*#REF!) -> #REF! | E64: =(('Time Matrix'!F56*#REF!)*#REF!) + (('Time Matrix'!F56*#REF!)*#REF!) + (('Time Matrix'!F56*#REF!)*#REF!) + (('Time Matrix'!F56*#REF!)*#REF!) -> #REF! | F64: =(('Time Matrix'!F56*#REF!)*#REF!) + (('Time Matrix'!F56*#REF!)*#REF!) + (('Time Matrix'!F56*#REF!)*#REF!) + (('Time Matrix'!F56*#REF!)*#REF!) -> #REF! | G64: =(('Time Matrix'!F56*#REF!)*#REF!) + (('Time Matrix'!F56*#REF!)*#REF!) + (('Time Matrix'!F56*#REF!)*#REF!) + (('Time Matrix'!F56*#REF!)*#REF!) -> #REF! | H64: =(('Time Matrix'!F56*#REF!)*#REF!) + (('Time Matrix'!F56*#REF!)*#REF!) + (('Time Matrix'!F56*#REF!)*#REF!) + (('Time Matrix'!F56*#REF!)*#REF!) -> #REF!
B65: Vivid Met | C65: =(('Time Matrix'!F57*#REF!)*'Mon (103)'!#REF!) + (('Time Matrix'!F57*#REF!)*'Mon (103)'!#REF!) + (('Time Matrix'!F57*#REF!)*'Mon (103)'!#REF!) + (('Time Matrix'!F57*#REF!)*'Mon (103)'!#REF!) -> #REF! | D65: =(('Time Matrix'!F57*#REF!)*#REF!) + (('Time Matrix'!F57*#REF!)*#REF!) + (('Time Matrix'!F57*#REF!)*#REF!) + (('Time Matrix'!F57*#REF!)*#REF!) -> #REF! | E65: =(('Time Matrix'!F57*#REF!)*#REF!) + (('Time Matrix'!F57*#REF!)*#REF!) + (('Time Matrix'!F57*#REF!)*#REF!) + (('Time Matrix'!F57*#REF!)*#REF!) -> #REF! | F65: =(('Time Matrix'!F57*#REF!)*#REF!) + (('Time Matrix'!F57*#REF!)*#REF!) + (('Time Matrix'!F57*#REF!)*#REF!) + (('Time Matrix'!F57*#REF!)*#REF!) -> #REF! | G65: =(('Time Matrix'!F57*#REF!)*#REF!) + (('Time Matrix'!F57*#REF!)*#REF!) + (('Time Matrix'!F57*#REF!)*#REF!) + (('Time Matrix'!F57*#REF!)*#REF!) -> #REF! | H65: =(('Time Matrix'!F57*#REF!)*#REF!) + (('Time Matrix'!F57*#REF!)*#REF!) + (('Time Matrix'!F57*#REF!)*#REF!) + (('Time Matrix'!F57*#REF!)*#REF!) -> #REF!
B66: Summit White | C66: =(('Time Matrix'!F58*#REF!)*'Mon (103)'!#REF!) + (('Time Matrix'!F58*#REF!)*'Mon (103)'!#REF!) + (('Time Matrix'!F58*#REF!)*'Mon (103)'!#REF!) + (('Time Matrix'!F58*#REF!)*'Mon (103)'!#REF!) -> #REF! | D66: =(('Time Matrix'!F58*#REF!)*#REF!) + (('Time Matrix'!F58*#REF!)*#REF!) + (('Time Matrix'!F58*#REF!)*#REF!) + (('Time Matrix'!F58*#REF!)*#REF!) -> #REF! | E66: =(('Time Matrix'!F58*#REF!)*#REF!) + (('Time Matrix'!F58*#REF!)*#REF!) + (('Time Matrix'!F58*#REF!)*#REF!) + (('Time Matrix'!F58*#REF!)*#REF!) -> #REF! | F66: =(('Time Matrix'!F58*#REF!)*#REF!) + (('Time Matrix'!F58*#REF!)*#REF!) + (('Time Matrix'!F58*#REF!)*#REF!) + (('Time Matrix'!F58*#REF!)*#REF!) -> #REF! | G66: =(('Time Matrix'!F58*#REF!)*#REF!) + (('Time Matrix'!F58*#REF!)*#REF!) + (('Time Matrix'!F58*#REF!)*#REF!) + (('Time Matrix'!F58*#REF!)*#REF!) -> #REF! | H66: =(('Time Matrix'!F58*#REF!)*#REF!) + (('Time Matrix'!F58*#REF!)*#REF!) + (('Time Matrix'!F58*#REF!)*#REF!) + (('Time Matrix'!F58*#REF!)*#REF!) -> #REF!
A67: Total: | C67: =SUM(C55:C66) -> #REF! | D67: =SUM(D55:D66) -> #REF! | E67: =SUM(E55:E66) -> #REF! | F67: =SUM(F55:F66) -> #REF! | G67: =SUM(G55:G66) -> #REF! | H67: =SUM(H55:H66) -> #REF!
A68: Electrolux (Smoke)
A69: 5011 | B69: CTRL PAN Rev G | C69: =(('Time Matrix'!G59*#REF!)*'Mon (103)'!#REF!) + (('Time Matrix'!G59*#REF!)*'Mon (103)'!#REF!) + (('Time Matrix'!G59*#REF!)*'Mon (103)'!#REF!) + (('Time Matrix'!G59*#REF!)*'Mon (103)'!#REF!) -> #REF! | D69: =(('Time Matrix'!G59*#REF!)*#REF!) + (('Time Matrix'!G59*#REF!)*#REF!) + (('Time Matrix'!G59*#REF!)*#REF!) + (('Time Matrix'!G59*#REF!)*#REF!) -> #REF! | E69: =(('Time Matrix'!G59*#REF!)*#REF!) + (('Time Matrix'!G59*#REF!)*#REF!) + (('Time Matrix'!G59*#REF!)*#REF!) + (('Time Matrix'!G59*#REF!)*#REF!) -> #REF! | F69: =(('Time Matrix'!G59*#REF!)*#REF!) + (('Time Matrix'!G59*#REF!)*#REF!) + (('Time Matrix'!G59*#REF!)*#REF!) + (('Time Matrix'!G59*#REF!)*#REF!) -> #REF! | G69: =(('Time Matrix'!G59*#REF!)*#REF!) + (('Time Matrix'!G59*#REF!)*#REF!) + (('Time Matrix'!G59*#REF!)*#REF!) + (('Time Matrix'!G59*#REF!)*#REF!) -> #REF! | H69: =(('Time Matrix'!G59*#REF!)*#REF!) + (('Time Matrix'!G59*#REF!)*#REF!) + (('Time Matrix'!G59*#REF!)*#REF!) + (('Time Matrix'!G59*#REF!)*#REF!) -> #REF!
A70: 1408 | B70: CTRL PAN Rev I | C70: =(('Time Matrix'!G60*#REF!)*'Mon (103)'!#REF!) + (('Time Matrix'!G60*#REF!)*'Mon (103)'!#REF!) + (('Time Matrix'!G60*#REF!)*'Mon (103)'!#REF!) + (('Time Matrix'!G60*#REF!)*'Mon (103)'!#REF!) -> #REF! | D70: =(('Time Matrix'!G60*#REF!)*#REF!) + (('Time Matrix'!G60*#REF!)*#REF!) + (('Time Matrix'!G60*#REF!)*#REF!) + (('Time Matrix'!G60*#REF!)*#REF!) -> #REF! | E70: =(('Time Matrix'!G60*#REF!)*#REF!) + (('Time Matrix'!G60*#REF!)*#REF!) + (('Time Matrix'!G60*#REF!)*#REF!) + (('Time Matrix'!G60*#REF!)*#REF!) -> #REF! | F70: =(('Time Matrix'!G60*#REF!)*#REF!) + (('Time Matrix'!G60*#REF!)*#REF!) + (('Time Matrix'!G60*#REF!)*#REF!) + (('Time Matrix'!G60*#REF!)*#REF!) -> #REF! | G70: =(('Time Matrix'!G60*#REF!)*#REF!) + (('Time Matrix'!G60*#REF!)*#REF!) + (('Time Matrix'!G60*#REF!)*#REF!) + (('Time Matrix'!G60*#REF!)*#REF!) -> #REF! | H70: =(('Time Matrix'!G60*#REF!)*#REF!) + (('Time Matrix'!G60*#REF!)*#REF!) + (('Time Matrix'!G60*#REF!)*#REF!) + (('Time Matrix'!G60*#REF!)*#REF!) -> #REF!
A71: 5007 | B71: CTRL PAN Rev H | C71: =(('Time Matrix'!G61*#REF!)*'Mon (103)'!#REF!) + (('Time Matrix'!G61*#REF!)*'Mon (103)'!#REF!) + (('Time Matrix'!G61*#REF!)*'Mon (103)'!#REF!) + (('Time Matrix'!G61*#REF!)*'Mon (103)'!#REF!) -> #REF! | D71: =(('Time Matrix'!G61*#REF!)*#REF!) + (('Time Matrix'!G61*#REF!)*#REF!) + (('Time Matrix'!G61*#REF!)*#REF!) + (('Time Matrix'!G61*#REF!)*#REF!) -> #REF! | E71: =(('Time Matrix'!G61*#REF!)*#REF!) + (('Time Matrix'!G61*#REF!)*#REF!) + (('Time Matrix'!G61*#REF!)*#REF!) + (('Time Matrix'!G61*#REF!)*#REF!) -> #REF! | F71: =(('Time Matrix'!G61*#REF!)*#REF!) + (('Time Matrix'!G61*#REF!)*#REF!) + (('Time Matrix'!G61*#REF!)*#REF!) + (('Time Matrix'!G61*#REF!)*#REF!) -> #REF! | G71: =(('Time Matrix'!G61*#REF!)*#REF!) + (('Time Matrix'!G61*#REF!)*#REF!) + (('Time Matrix'!G61*#REF!)*#REF!) + (('Time Matrix'!G61*#REF!)*#REF!) -> #REF! | H71: =(('Time Matrix'!G61*#REF!)*#REF!) + (('Time Matrix'!G61*#REF!)*#REF!) + (('Time Matrix'!G61*#REF!)*#REF!) + (('Time Matrix'!G61*#REF!)*#REF!) -> #REF!
A72: Total: | C72: =SUM(C69:C71) -> #REF! | D72: =SUM(D69:D71) -> #REF! | E72: =SUM(E69:E71) -> #REF! | F72: =SUM(F69:F71) -> #REF! | G72: =SUM(G69:G71) -> #REF! | H72: =SUM(H69:H71) -> #REF!
A73: Laval Summit White
B74: Main Lower Cover | C74: =(('Time Matrix'!H62*#REF!)*'Mon (103)'!#REF!) + (('Time Matrix'!H62*#REF!)*'Mon (103)'!#REF!) + (('Time Matrix'!H62*#REF!)*'Mon (103)'!#REF!) + (('Time Matrix'!H62*#REF!)*'Mon (103)'!#REF!) -> #REF! | D74: =(('Time Matrix'!H62*#REF!)*#REF!) + (('Time Matrix'!H62*#REF!)*#REF!) + (('Time Matrix'!H62*#REF!)*#REF!) + (('Time Matrix'!H62*#REF!)*#REF!) -> #REF! | E74: =(('Time Matrix'!H62*#REF!)*#REF!) + (('Time Matrix'!H62*#REF!)*#REF!) + (('Time Matrix'!H62*#REF!)*#REF!) + (('Time Matrix'!H62*#REF!)*#REF!) -> #REF! | F74: =(('Time Matrix'!H62*#REF!)*#REF!) + (('Time Matrix'!H62*#REF!)*#REF!) + (('Time Matrix'!H62*#REF!)*#REF!) + (('Time Matrix'!H62*#REF!)*#REF!) -> #REF! | G74: =(('Time Matrix'!H62*#REF!)*#REF!) + (('Time Matrix'!H62*#REF!)*#REF!) + (('Time Matrix'!H62*#REF!)*#REF!) + (('Time Matrix'!H62*#REF!)*#REF!) -> #REF! | H74: =(('Time Matrix'!H62*#REF!)*#REF!) + (('Time Matrix'!H62*#REF!)*#REF!) + (('Time Matrix'!H62*#REF!)*#REF!) + (('Time Matrix'!H62*#REF!)*#REF!) -> #REF!
B75: Main Upper Cover | C75: =(('Time Matrix'!H63*#REF!)*'Mon (103)'!#REF!) + (('Time Matrix'!H63*#REF!)*'Mon (103)'!#REF!) + (('Time Matrix'!H63*#REF!)*'Mon (103)'!#REF!) + (('Time Matrix'!H63*#REF!)*'Mon (103)'!#REF!) -> #REF! | D75: =(('Time Matrix'!H63*#REF!)*#REF!) + (('Time Matrix'!H63*#REF!)*#REF!) + (('Time Matrix'!H63*#REF!)*#REF!) + (('Time Matrix'!H63*#REF!)*#REF!) -> #REF! | E75: =(('Time Matrix'!H63*#REF!)*#REF!) + (('Time Matrix'!H63*#REF!)*#REF!) + (('Time Matrix'!H63*#REF!)*#REF!) + (('Time Matrix'!H63*#REF!)*#REF!) -> #REF! | F75: =(('Time Matrix'!H63*#REF!)*#REF!) + (('Time Matrix'!H63*#REF!)*#REF!) + (('Time Matrix'!H63*#REF!)*#REF!) + (('Time Matrix'!H63*#REF!)*#REF!) -> #REF! | G75: =(('Time Matrix'!H63*#REF!)*#REF!) + (('Time Matrix'!H63*#REF!)*#REF!) + (('Time Matrix'!H63*#REF!)*#REF!) + (('Time Matrix'!H63*#REF!)*#REF!) -> #REF! | H75: =(('Time Matrix'!H63*#REF!)*#REF!) + (('Time Matrix'!H63*#REF!)*#REF!) + (('Time Matrix'!H63*#REF!)*#REF!) + (('Time Matrix'!H63*#REF!)*#REF!) -> #REF!
B76: Vent Cover | C76: =(('Time Matrix'!H64*#REF!)*'Mon (103)'!#REF!) + (('Time Matrix'!H64*#REF!)*'Mon (103)'!#REF!) + (('Time Matrix'!H64*#REF!)*'Mon (103)'!#REF!) + (('Time Matrix'!H64*#REF!)*'Mon (103)'!#REF!) -> #REF! | D76: =(('Time Matrix'!H64*#REF!)*#REF!) + (('Time Matrix'!H64*#REF!)*#REF!) + (('Time Matrix'!H64*#REF!)*#REF!) + (('Time Matrix'!H64*#REF!)*#REF!) -> #REF! | E76: =(('Time Matrix'!H64*#REF!)*#REF!) + (('Time Matrix'!H64*#REF!)*#REF!) + (('Time Matrix'!H64*#REF!)*#REF!) + (('Time Matrix'!H64*#REF!)*#REF!) -> #REF! | F76: =(('Time Matrix'!H64*#REF!)*#REF!) + (('Time Matrix'!H64*#REF!)*#REF!) + (('Time Matrix'!H64*#REF!)*#REF!) + (('Time Matrix'!H64*#REF!)*#REF!) -> #REF! | G76: =(('Time Matrix'!H64*#REF!)*#REF!) + (('Time Matrix'!H64*#REF!)*#REF!) + (('Time Matrix'!H64*#REF!)*#REF!) + (('Time Matrix'!H64*#REF!)*#REF!) -> #REF! | H76: =(('Time Matrix'!H64*#REF!)*#REF!) + (('Time Matrix'!H64*#REF!)*#REF!) + (('Time Matrix'!H64*#REF!)*#REF!) + (('Time Matrix'!H64*#REF!)*#REF!) -> #REF!
A77: 7092 | B77: Rear Belt | C77: =(('Time Matrix'!H65*#REF!)*'Mon (103)'!#REF!) + (('Time Matrix'!H65*#REF!)*'Mon (103)'!#REF!) + (('Time Matrix'!H65*#REF!)*'Mon (103)'!#REF!) + (('Time Matrix'!H65*#REF!)*'Mon (103)'!#REF!) -> #REF! | D77: =(('Time Matrix'!H65*#REF!)*#REF!) + (('Time Matrix'!H65*#REF!)*#REF!) + (('Time Matrix'!H65*#REF!)*#REF!) + (('Time Matrix'!H65*#REF!)*#REF!) -> #REF! | E77: =(('Time Matrix'!H65*#REF!)*#REF!) + (('Time Matrix'!H65*#REF!)*#REF!) + (('Time Matrix'!H65*#REF!)*#REF!) + (('Time Matrix'!H65*#REF!)*#REF!) -> #REF! | F77: =(('Time Matrix'!H65*#REF!)*#REF!) + (('Time Matrix'!H65*#REF!)*#REF!) + (('Time Matrix'!H65*#REF!)*#REF!) + (('Time Matrix'!H65*#REF!)*#REF!) -> #REF! | G77: =(('Time Matrix'!H65*#REF!)*#REF!) + (('Time Matrix'!H65*#REF!)*#REF!) + (('Time Matrix'!H65*#REF!)*#REF!) + (('Time Matrix'!H65*#REF!)*#REF!) -> #REF! | H77: =(('Time Matrix'!H65*#REF!)*#REF!) + (('Time Matrix'!H65*#REF!)*#REF!) + (('Time Matrix'!H65*#REF!)*#REF!) + (('Time Matrix'!H65*#REF!)*#REF!) -> #REF!
A78: Total: | C78: =SUM(C74:C77) -> #REF! | D78: =SUM(D74:D77) -> #REF! | E78: =SUM(E74:E77) -> #REF! | F78: =SUM(F74:F77) -> #REF! | G78: =SUM(G74:G77) -> #REF! | H78: =SUM(H74:H77) -> #REF!
A79: Laval Waymo Black
B80: Rear Plate | C80: =(('Time Matrix'!I66*#REF!)*'Mon (103)'!#REF!) + (('Time Matrix'!I66*#REF!)*'Mon (103)'!#REF!) + (('Time Matrix'!I66*#REF!)*'Mon (103)'!#REF!) + (('Time Matrix'!I66*#REF!)*'Mon (103)'!#REF!) -> #REF! | D80: =(('Time Matrix'!I66*#REF!)*#REF!) + (('Time Matrix'!I66*#REF!)*#REF!) + (('Time Matrix'!I66*#REF!)*#REF!) + (('Time Matrix'!I66*#REF!)*#REF!) -> #REF! | E80: =(('Time Matrix'!I66*#REF!)*#REF!) + (('Time Matrix'!I66*#REF!)*#REF!) + (('Time Matrix'!I66*#REF!)*#REF!) + (('Time Matrix'!I66*#REF!)*#REF!) -> #REF! | F80: =(('Time Matrix'!I66*#REF!)*#REF!) + (('Time Matrix'!I66*#REF!)*#REF!) + (('Time Matrix'!I66*#REF!)*#REF!) + (('Time Matrix'!I66*#REF!)*#REF!) -> #REF! | G80: =(('Time Matrix'!I66*#REF!)*#REF!) + (('Time Matrix'!I66*#REF!)*#REF!) + (('Time Matrix'!I66*#REF!)*#REF!) + (('Time Matrix'!I66*#REF!)*#REF!) -> #REF! | H80: =(('Time Matrix'!I66*#REF!)*#REF!) + (('Time Matrix'!I66*#REF!)*#REF!) + (('Time Matrix'!I66*#REF!)*#REF!) + (('Time Matrix'!I66*#REF!)*#REF!) -> #REF!
B81: Bezel | C81: =(('Time Matrix'!I67*#REF!)*'Mon (103)'!#REF!) + (('Time Matrix'!I67*#REF!)*'Mon (103)'!#REF!) + (('Time Matrix'!I67*#REF!)*'Mon (103)'!#REF!) + (('Time Matrix'!I67*#REF!)*'Mon (103)'!#REF!) -> #REF! | D81: =(('Time Matrix'!I67*#REF!)*#REF!) + (('Time Matrix'!I67*#REF!)*#REF!) + (('Time Matrix'!I67*#REF!)*#REF!) + (('Time Matrix'!I67*#REF!)*#REF!) -> #REF! | E81: =(('Time Matrix'!I67*#REF!)*#REF!) + (('Time Matrix'!I67*#REF!)*#REF!) + (('Time Matrix'!I67*#REF!)*#REF!) + (('Time Matrix'!I67*#REF!)*#REF!) -> #REF! | F81: =(('Time Matrix'!I67*#REF!)*#REF!) + (('Time Matrix'!I67*#REF!)*#REF!) + (('Time Matrix'!I67*#REF!)*#REF!) + (('Time Matrix'!I67*#REF!)*#REF!) -> #REF! | G81: =(('Time Matrix'!I67*#REF!)*#REF!) + (('Time Matrix'!I67*#REF!)*#REF!) + (('Time Matrix'!I67*#REF!)*#REF!) + (('Time Matrix'!I67*#REF!)*#REF!) -> #REF! | H81: =(('Time Matrix'!I67*#REF!)*#REF!) + (('Time Matrix'!I67*#REF!)*#REF!) + (('Time Matrix'!I67*#REF!)*#REF!) + (('Time Matrix'!I67*#REF!)*#REF!) -> #REF!
B82: IR Cover LH | C82: =(('Time Matrix'!I68*#REF!)*'Mon (103)'!#REF!) + (('Time Matrix'!I68*#REF!)*'Mon (103)'!#REF!) + (('Time Matrix'!I68*#REF!)*'Mon (103)'!#REF!) + (('Time Matrix'!I68*#REF!)*'Mon (103)'!#REF!) -> #REF! | D82: =(('Time Matrix'!I68*#REF!)*#REF!) + (('Time Matrix'!I68*#REF!)*#REF!) + (('Time Matrix'!I68*#REF!)*#REF!) + (('Time Matrix'!I68*#REF!)*#REF!) -> #REF! | E82: =(('Time Matrix'!I68*#REF!)*#REF!) + (('Time Matrix'!I68*#REF!)*#REF!) + (('Time Matrix'!I68*#REF!)*#REF!) + (('Time Matrix'!I68*#REF!)*#REF!) -> #REF! | F82: =(('Time Matrix'!I68*#REF!)*#REF!) + (('Time Matrix'!I68*#REF!)*#REF!) + (('Time Matrix'!I68*#REF!)*#REF!) + (('Time Matrix'!I68*#REF!)*#REF!) -> #REF! | G82: =(('Time Matrix'!I68*#REF!)*#REF!) + (('Time Matrix'!I68*#REF!)*#REF!) + (('Time Matrix'!I68*#REF!)*#REF!) + (('Time Matrix'!I68*#REF!)*#REF!) -> #REF! | H82: =(('Time Matrix'!I68*#REF!)*#REF!) + (('Time Matrix'!I68*#REF!)*#REF!) + (('Time Matrix'!I68*#REF!)*#REF!) + (('Time Matrix'!I68*#REF!)*#REF!) -> #REF!
B83: IR Cover RH | C83: =(('Time Matrix'!I69*#REF!)*'Mon (103)'!#REF!) + (('Time Matrix'!I69*#REF!)*'Mon (103)'!#REF!) + (('Time Matrix'!I69*#REF!)*'Mon (103)'!#REF!) + (('Time Matrix'!I69*#REF!)*'Mon (103)'!#REF!) -> #REF! | D83: =(('Time Matrix'!I69*#REF!)*#REF!) + (('Time Matrix'!I69*#REF!)*#REF!) + (('Time Matrix'!I69*#REF!)*#REF!) + (('Time Matrix'!I69*#REF!)*#REF!) -> #REF! | E83: =(('Time Matrix'!I69*#REF!)*#REF!) + (('Time Matrix'!I69*#REF!)*#REF!) + (('Time Matrix'!I69*#REF!)*#REF!) + (('Time Matrix'!I69*#REF!)*#REF!) -> #REF! | F83: =(('Time Matrix'!I69*#REF!)*#REF!) + (('Time Matrix'!I69*#REF!)*#REF!) + (('Time Matrix'!I69*#REF!)*#REF!) + (('Time Matrix'!I69*#REF!)*#REF!) -> #REF! | G83: =(('Time Matrix'!I69*#REF!)*#REF!) + (('Time Matrix'!I69*#REF!)*#REF!) + (('Time Matrix'!I69*#REF!)*#REF!) + (('Time Matrix'!I69*#REF!)*#REF!) -> #REF! | H83: =(('Time Matrix'!I69*#REF!)*#REF!) + (('Time Matrix'!I69*#REF!)*#REF!) + (('Time Matrix'!I69*#REF!)*#REF!) + (('Time Matrix'!I69*#REF!)*#REF!) -> #REF!
B84: Laterial Belt LH | C84: =(('Time Matrix'!I70*#REF!)*'Mon (103)'!#REF!) + (('Time Matrix'!I70*#REF!)*'Mon (103)'!#REF!) + (('Time Matrix'!I70*#REF!)*'Mon (103)'!#REF!) + (('Time Matrix'!I70*#REF!)*'Mon (103)'!#REF!) -> #REF! | D84: =(('Time Matrix'!I70*#REF!)*#REF!) + (('Time Matrix'!I70*#REF!)*#REF!) + (('Time Matrix'!I70*#REF!)*#REF!) + (('Time Matrix'!I70*#REF!)*#REF!) -> #REF! | E84: =(('Time Matrix'!I70*#REF!)*#REF!) + (('Time Matrix'!I70*#REF!)*#REF!) + (('Time Matrix'!I70*#REF!)*#REF!) + (('Time Matrix'!I70*#REF!)*#REF!) -> #REF! | F84: =(('Time Matrix'!I70*#REF!)*#REF!) + (('Time Matrix'!I70*#REF!)*#REF!) + (('Time Matrix'!I70*#REF!)*#REF!) + (('Time Matrix'!I70*#REF!)*#REF!) -> #REF! | G84: =(('Time Matrix'!I70*#REF!)*#REF!) + (('Time Matrix'!I70*#REF!)*#REF!) + (('Time Matrix'!I70*#REF!)*#REF!) + (('Time Matrix'!I70*#REF!)*#REF!) -> #REF! | H84: =(('Time Matrix'!I70*#REF!)*#REF!) + (('Time Matrix'!I70*#REF!)*#REF!) + (('Time Matrix'!I70*#REF!)*#REF!) + (('Time Matrix'!I70*#REF!)*#REF!) -> #REF!
B85: Laterial Belt RH | C85: =(('Time Matrix'!I71*#REF!)*'Mon (103)'!#REF!) + (('Time Matrix'!I71*#REF!)*'Mon (103)'!#REF!) + (('Time Matrix'!I71*#REF!)*'Mon (103)'!#REF!) + (('Time Matrix'!I71*#REF!)*'Mon (103)'!#REF!) -> #REF! | D85: =(('Time Matrix'!I71*#REF!)*#REF!) + (('Time Matrix'!I71*#REF!)*#REF!) + (('Time Matrix'!I71*#REF!)*#REF!) + (('Time Matrix'!I71*#REF!)*#REF!) -> #REF! | E85: =(('Time Matrix'!I71*#REF!)*#REF!) + (('Time Matrix'!I71*#REF!)*#REF!) + (('Time Matrix'!I71*#REF!)*#REF!) + (('Time Matrix'!I71*#REF!)*#REF!) -> #REF! | F85: =(('Time Matrix'!I71*#REF!)*#REF!) + (('Time Matrix'!I71*#REF!)*#REF!) + (('Time Matrix'!I71*#REF!)*#REF!) + (('Time Matrix'!I71*#REF!)*#REF!) -> #REF! | G85: =(('Time Matrix'!I71*#REF!)*#REF!) + (('Time Matrix'!I71*#REF!)*#REF!) + (('Time Matrix'!I71*#REF!)*#REF!) + (('Time Matrix'!I71*#REF!)*#REF!) -> #REF! | H85: =(('Time Matrix'!I71*#REF!)*#REF!) + (('Time Matrix'!I71*#REF!)*#REF!) + (('Time Matrix'!I71*#REF!)*#REF!) + (('Time Matrix'!I71*#REF!)*#REF!) -> #REF!
A86: Total: | C86: =SUM(C80:C85) -> #REF! | D86: =SUM(D80:D85) -> #REF! | E86: =SUM(E80:E85) -> #REF! | F86: =SUM(F80:F85) -> #REF! | G86: =SUM(G80:G85) -> #REF! | H86: =SUM(H80:H85) -> #REF!
A87: Manterra - Hyper Silver
A88: 500458 | B88: Base Dual, SSR, cw inserts | C88: =(('Time Matrix'!J72*#REF!)*'Mon (103)'!#REF!) + (('Time Matrix'!J72*#REF!)*'Mon (103)'!#REF!) + (('Time Matrix'!J72*#REF!)*'Mon (103)'!#REF!) + (('Time Matrix'!J72*#REF!)*'Mon (103)'!#REF!) -> #REF! | D88: =(('Time Matrix'!J72*#REF!)*#REF!) + (('Time Matrix'!J72*#REF!)*#REF!) + (('Time Matrix'!J72*#REF!)*#REF!) + (('Time Matrix'!J72*#REF!)*#REF!) -> #REF! | E88: =(('Time Matrix'!J72*#REF!)*#REF!) + (('Time Matrix'!J72*#REF!)*#REF!) + (('Time Matrix'!J72*#REF!)*#REF!) + (('Time Matrix'!J72*#REF!)*#REF!) -> #REF! | F88: =(('Time Matrix'!J72*#REF!)*#REF!) + (('Time Matrix'!J72*#REF!)*#REF!) + (('Time Matrix'!J72*#REF!)*#REF!) + (('Time Matrix'!J72*#REF!)*#REF!) -> #REF! | G88: =(('Time Matrix'!J72*#REF!)*#REF!) + (('Time Matrix'!J72*#REF!)*#REF!) + (('Time Matrix'!J72*#REF!)*#REF!) + (('Time Matrix'!J72*#REF!)*#REF!) -> #REF! | H88: =(('Time Matrix'!J72*#REF!)*#REF!) + (('Time Matrix'!J72*#REF!)*#REF!) + (('Time Matrix'!J72*#REF!)*#REF!) + (('Time Matrix'!J72*#REF!)*#REF!) -> #REF!
A89: 500458 | B89: Face Plate, DTM, SSR | C89: =(('Time Matrix'!J73*#REF!)*'Mon (103)'!#REF!) + (('Time Matrix'!J73*#REF!)*'Mon (103)'!#REF!) + (('Time Matrix'!J73*#REF!)*'Mon (103)'!#REF!) + (('Time Matrix'!J73*#REF!)*'Mon (103)'!#REF!) -> #REF! | D89: =(('Time Matrix'!J73*#REF!)*#REF!) + (('Time Matrix'!J73*#REF!)*#REF!) + (('Time Matrix'!J73*#REF!)*#REF!) + (('Time Matrix'!J73*#REF!)*#REF!) -> #REF! | E89: =(('Time Matrix'!J73*#REF!)*#REF!) + (('Time Matrix'!J73*#REF!)*#REF!) + (('Time Matrix'!J73*#REF!)*#REF!) + (('Time Matrix'!J73*#REF!)*#REF!) -> #REF! | F89: =(('Time Matrix'!J73*#REF!)*#REF!) + (('Time Matrix'!J73*#REF!)*#REF!) + (('Time Matrix'!J73*#REF!)*#REF!) + (('Time Matrix'!J73*#REF!)*#REF!) -> #REF! | G89: =(('Time Matrix'!J73*#REF!)*#REF!) + (('Time Matrix'!J73*#REF!)*#REF!) + (('Time Matrix'!J73*#REF!)*#REF!) + (('Time Matrix'!J73*#REF!)*#REF!) -> #REF! | H89: =(('Time Matrix'!J73*#REF!)*#REF!) + (('Time Matrix'!J73*#REF!)*#REF!) + (('Time Matrix'!J73*#REF!)*#REF!) + (('Time Matrix'!J73*#REF!)*#REF!) -> #REF!
A90: 500458 | B90: Face Plate, STM, SSR | C90: =(('Time Matrix'!J74*#REF!)*'Mon (103)'!#REF!) + (('Time Matrix'!J74*#REF!)*'Mon (103)'!#REF!) + (('Time Matrix'!J74*#REF!)*'Mon (103)'!#REF!) + (('Time Matrix'!J74*#REF!)*'Mon (103)'!#REF!) -> #REF! | D90: =(('Time Matrix'!J74*#REF!)*#REF!) + (('Time Matrix'!J74*#REF!)*#REF!) + (('Time Matrix'!J74*#REF!)*#REF!) + (('Time Matrix'!J74*#REF!)*#REF!) -> #REF! | E90: =(('Time Matrix'!J74*#REF!)*#REF!) + (('Time Matrix'!J74*#REF!)*#REF!) + (('Time Matrix'!J74*#REF!)*#REF!) + (('Time Matrix'!J74*#REF!)*#REF!) -> #REF! | F90: =(('Time Matrix'!J74*#REF!)*#REF!) + (('Time Matrix'!J74*#REF!)*#REF!) + (('Time Matrix'!J74*#REF!)*#REF!) + (('Time Matrix'!J74*#REF!)*#REF!) -> #REF! | G90: =(('Time Matrix'!J74*#REF!)*#REF!) + (('Time Matrix'!J74*#REF!)*#REF!) + (('Time Matrix'!J74*#REF!)*#REF!) + (('Time Matrix'!J74*#REF!)*#REF!) -> #REF! | H90: =(('Time Matrix'!J74*#REF!)*#REF!) + (('Time Matrix'!J74*#REF!)*#REF!) + (('Time Matrix'!J74*#REF!)*#REF!) + (('Time Matrix'!J74*#REF!)*#REF!) -> #REF!
A91: Total: | C91: =SUM(C88:C90) -> #REF! | D91: =SUM(D88:D90) -> #REF! | E91: =SUM(E88:E90) -> #REF! | F91: =SUM(F88:F90) -> #REF! | G91: =SUM(G88:G90) -> #REF! | H91: =SUM(H88:H90) -> #REF!
A92: Splash Guards - Black Carbon
A93: 42521681 | B93: Front RH | C93: =(('Time Matrix'!K75*#REF!)*'Mon (103)'!#REF!) + (('Time Matrix'!K75*#REF!)*'Mon (103)'!#REF!) + (('Time Matrix'!K75*#REF!)*'Mon (103)'!#REF!) + (('Time Matrix'!K75*#REF!)*'Mon (103)'!#REF!) -> #REF! | D93: =(('Time Matrix'!K75*#REF!)*#REF!) + (('Time Matrix'!K75*#REF!)*#REF!) + (('Time Matrix'!K75*#REF!)*#REF!) + (('Time Matrix'!K75*#REF!)*#REF!) -> #REF! | E93: =(('Time Matrix'!K75*#REF!)*#REF!) + (('Time Matrix'!K75*#REF!)*#REF!) + (('Time Matrix'!K75*#REF!)*#REF!) + (('Time Matrix'!K75*#REF!)*#REF!) -> #REF! | F93: =(('Time Matrix'!K75*#REF!)*#REF!) + (('Time Matrix'!K75*#REF!)*#REF!) + (('Time Matrix'!K75*#REF!)*#REF!) + (('Time Matrix'!K75*#REF!)*#REF!) -> #REF! | G93: =(('Time Matrix'!K75*#REF!)*#REF!) + (('Time Matrix'!K75*#REF!)*#REF!) + (('Time Matrix'!K75*#REF!)*#REF!) + (('Time Matrix'!K75*#REF!)*#REF!) -> #REF! | H93: =(('Time Matrix'!K75*#REF!)*#REF!) + (('Time Matrix'!K75*#REF!)*#REF!) + (('Time Matrix'!K75*#REF!)*#REF!) + (('Time Matrix'!K75*#REF!)*#REF!) -> #REF!
A94: 42521680 | B94: Front LH | C94: =(('Time Matrix'!K76*#REF!)*'Mon (103)'!#REF!) + (('Time Matrix'!K76*#REF!)*'Mon (103)'!#REF!) + (('Time Matrix'!K76*#REF!)*'Mon (103)'!#REF!) + (('Time Matrix'!K76*#REF!)*'Mon (103)'!#REF!) -> #REF! | D94: =(('Time Matrix'!K76*#REF!)*#REF!) + (('Time Matrix'!K76*#REF!)*#REF!) + (('Time Matrix'!K76*#REF!)*#REF!) + (('Time Matrix'!K76*#REF!)*#REF!) -> #REF! | E94: =(('Time Matrix'!K76*#REF!)*#REF!) + (('Time Matrix'!K76*#REF!)*#REF!) + (('Time Matrix'!K76*#REF!)*#REF!) + (('Time Matrix'!K76*#REF!)*#REF!) -> #REF! | F94: =(('Time Matrix'!K76*#REF!)*#REF!) + (('Time Matrix'!K76*#REF!)*#REF!) + (('Time Matrix'!K76*#REF!)*#REF!) + (('Time Matrix'!K76*#REF!)*#REF!) -> #REF! | G94: =(('Time Matrix'!K76*#REF!)*#REF!) + (('Time Matrix'!K76*#REF!)*#REF!) + (('Time Matrix'!K76*#REF!)*#REF!) + (('Time Matrix'!K76*#REF!)*#REF!) -> #REF! | H94: =(('Time Matrix'!K76*#REF!)*#REF!) + (('Time Matrix'!K76*#REF!)*#REF!) + (('Time Matrix'!K76*#REF!)*#REF!) + (('Time Matrix'!K76*#REF!)*#REF!) -> #REF!
A95: 42521683 | B95: Rear RH | C95: =(('Time Matrix'!K77*#REF!)*'Mon (103)'!#REF!) + (('Time Matrix'!K77*#REF!)*'Mon (103)'!#REF!) + (('Time Matrix'!K77*#REF!)*'Mon (103)'!#REF!) + (('Time Matrix'!K77*#REF!)*'Mon (103)'!#REF!) -> #REF! | D95: =(('Time Matrix'!K77*#REF!)*#REF!) + (('Time Matrix'!K77*#REF!)*#REF!) + (('Time Matrix'!K77*#REF!)*#REF!) + (('Time Matrix'!K77*#REF!)*#REF!) -> #REF! | E95: =(('Time Matrix'!K77*#REF!)*#REF!) + (('Time Matrix'!K77*#REF!)*#REF!) + (('Time Matrix'!K77*#REF!)*#REF!) + (('Time Matrix'!K77*#REF!)*#REF!) -> #REF! | F95: =(('Time Matrix'!K77*#REF!)*#REF!) + (('Time Matrix'!K77*#REF!)*#REF!) + (('Time Matrix'!K77*#REF!)*#REF!) + (('Time Matrix'!K77*#REF!)*#REF!) -> #REF! | G95: =(('Time Matrix'!K77*#REF!)*#REF!) + (('Time Matrix'!K77*#REF!)*#REF!) + (('Time Matrix'!K77*#REF!)*#REF!) + (('Time Matrix'!K77*#REF!)*#REF!) -> #REF! | H95: =(('Time Matrix'!K77*#REF!)*#REF!) + (('Time Matrix'!K77*#REF!)*#REF!) + (('Time Matrix'!K77*#REF!)*#REF!) + (('Time Matrix'!K77*#REF!)*#REF!) -> #REF!
A96: 42521682 | B96: Rear LH | C96: =(('Time Matrix'!K78*#REF!)*'Mon (103)'!#REF!) + (('Time Matrix'!K78*#REF!)*'Mon (103)'!#REF!) + (('Time Matrix'!K78*#REF!)*'Mon (103)'!#REF!) + (('Time Matrix'!K78*#REF!)*'Mon (103)'!#REF!) -> #REF! | D96: =(('Time Matrix'!K78*#REF!)*#REF!) + (('Time Matrix'!K78*#REF!)*#REF!) + (('Time Matrix'!K78*#REF!)*#REF!) + (('Time Matrix'!K78*#REF!)*#REF!) -> #REF! | E96: =(('Time Matrix'!K78*#REF!)*#REF!) + (('Time Matrix'!K78*#REF!)*#REF!) + (('Time Matrix'!K78*#REF!)*#REF!) + (('Time Matrix'!K78*#REF!)*#REF!) -> #REF! | F96: =(('Time Matrix'!K78*#REF!)*#REF!) + (('Time Matrix'!K78*#REF!)*#REF!) + (('Time Matrix'!K78*#REF!)*#REF!) + (('Time Matrix'!K78*#REF!)*#REF!) -> #REF! | G96: =(('Time Matrix'!K78*#REF!)*#REF!) + (('Time Matrix'!K78*#REF!)*#REF!) + (('Time Matrix'!K78*#REF!)*#REF!) + (('Time Matrix'!K78*#REF!)*#REF!) -> #REF! | H96: =(('Time Matrix'!K78*#REF!)*#REF!) + (('Time Matrix'!K78*#REF!)*#REF!) + (('Time Matrix'!K78*#REF!)*#REF!) + (('Time Matrix'!K78*#REF!)*#REF!) -> #REF!
A97: Total: | C97: =SUM(C93:C96) -> #REF! | D97: =SUM(D93:D96) -> #REF! | E97: =SUM(E93:E96) -> #REF! | F97: =SUM(F93:F96) -> #REF! | G97: =SUM(G93:G96) -> #REF! | H97: =SUM(H93:H96) -> #REF!
A98: Mitchell Plastics
A99: 80931 | B99: Black - LH | C99: =(('Time Matrix'!L79*#REF!)*'Mon (103)'!#REF!) + (('Time Matrix'!L79*#REF!)*'Mon (103)'!#REF!) + (('Time Matrix'!L79*#REF!)*'Mon (103)'!#REF!) + (('Time Matrix'!L79*#REF!)*'Mon (103)'!#REF!) -> #REF! | D99: =(('Time Matrix'!L79*#REF!)*#REF!) + (('Time Matrix'!L79*#REF!)*#REF!) + (('Time Matrix'!L79*#REF!)*#REF!) + (('Time Matrix'!L79*#REF!)*#REF!) -> #REF! | E99: =(('Time Matrix'!L79*#REF!)*#REF!) + (('Time Matrix'!L79*#REF!)*#REF!) + (('Time Matrix'!L79*#REF!)*#REF!) + (('Time Matrix'!L79*#REF!)*#REF!) -> #REF! | F99: =(('Time Matrix'!L79*#REF!)*#REF!) + (('Time Matrix'!L79*#REF!)*#REF!) + (('Time Matrix'!L79*#REF!)*#REF!) + (('Time Matrix'!L79*#REF!)*#REF!) -> #REF! | G99: =(('Time Matrix'!L79*#REF!)*#REF!) + (('Time Matrix'!L79*#REF!)*#REF!) + (('Time Matrix'!L79*#REF!)*#REF!) + (('Time Matrix'!L79*#REF!)*#REF!) -> #REF! | H99: =(('Time Matrix'!L79*#REF!)*#REF!) + (('Time Matrix'!L79*#REF!)*#REF!) + (('Time Matrix'!L79*#REF!)*#REF!) + (('Time Matrix'!L79*#REF!)*#REF!) -> #REF!
A100: 80930 | B100: Black - RH | C100: =(('Time Matrix'!L80*#REF!)*'Mon (103)'!#REF!) + (('Time Matrix'!L80*#REF!)*'Mon (103)'!#REF!) + (('Time Matrix'!L80*#REF!)*'Mon (103)'!#REF!) + (('Time Matrix'!L80*#REF!)*'Mon (103)'!#REF!) -> #REF! | D100: =(('Time Matrix'!L80*#REF!)*#REF!) + (('Time Matrix'!L80*#REF!)*#REF!) + (('Time Matrix'!L80*#REF!)*#REF!) + (('Time Matrix'!L80*#REF!)*#REF!) -> #REF! | E100: =(('Time Matrix'!L80*#REF!)*#REF!) + (('Time Matrix'!L80*#REF!)*#REF!) + (('Time Matrix'!L80*#REF!)*#REF!) + (('Time Matrix'!L80*#REF!)*#REF!) -> #REF! | F100: =(('Time Matrix'!L80*#REF!)*#REF!) + (('Time Matrix'!L80*#REF!)*#REF!) + (('Time Matrix'!L80*#REF!)*#REF!) + (('Time Matrix'!L80*#REF!)*#REF!) -> #REF! | G100: =(('Time Matrix'!L80*#REF!)*#REF!) + (('Time Matrix'!L80*#REF!)*#REF!) + (('Time Matrix'!L80*#REF!)*#REF!) + (('Time Matrix'!L80*#REF!)*#REF!) -> #REF! | H100: =(('Time Matrix'!L80*#REF!)*#REF!) + (('Time Matrix'!L80*#REF!)*#REF!) + (('Time Matrix'!L80*#REF!)*#REF!) + (('Time Matrix'!L80*#REF!)*#REF!) -> #REF!
A101: 80933 | B101: Red - LH | C101: =(('Time Matrix'!L81*#REF!)*'Mon (103)'!#REF!) + (('Time Matrix'!L81*#REF!)*'Mon (103)'!#REF!) + (('Time Matrix'!L81*#REF!)*'Mon (103)'!#REF!) + (('Time Matrix'!L81*#REF!)*'Mon (103)'!#REF!) -> #REF! | D101: =(('Time Matrix'!L81*#REF!)*#REF!) + (('Time Matrix'!L81*#REF!)*#REF!) + (('Time Matrix'!L81*#REF!)*#REF!) + (('Time Matrix'!L81*#REF!)*#REF!) -> #REF! | E101: =(('Time Matrix'!L81*#REF!)*#REF!) + (('Time Matrix'!L81*#REF!)*#REF!) + (('Time Matrix'!L81*#REF!)*#REF!) + (('Time Matrix'!L81*#REF!)*#REF!) -> #REF! | F101: =(('Time Matrix'!L81*#REF!)*#REF!) + (('Time Matrix'!L81*#REF!)*#REF!) + (('Time Matrix'!L81*#REF!)*#REF!) + (('Time Matrix'!L81*#REF!)*#REF!) -> #REF! | G101: =(('Time Matrix'!L81*#REF!)*#REF!) + (('Time Matrix'!L81*#REF!)*#REF!) + (('Time Matrix'!L81*#REF!)*#REF!) + (('Time Matrix'!L81*#REF!)*#REF!) -> #REF! | H101: =(('Time Matrix'!L81*#REF!)*#REF!) + (('Time Matrix'!L81*#REF!)*#REF!) + (('Time Matrix'!L81*#REF!)*#REF!) + (('Time Matrix'!L81*#REF!)*#REF!) -> #REF!
A102: 80932 | B102: Red - RH | C102: =(('Time Matrix'!L82*#REF!)*'Mon (103)'!#REF!) + (('Time Matrix'!L82*#REF!)*'Mon (103)'!#REF!) + (('Time Matrix'!L82*#REF!)*'Mon (103)'!#REF!) + (('Time Matrix'!L82*#REF!)*'Mon (103)'!#REF!) -> #REF! | D102: =(('Time Matrix'!L82*#REF!)*#REF!) + (('Time Matrix'!L82*#REF!)*#REF!) + (('Time Matrix'!L82*#REF!)*#REF!) + (('Time Matrix'!L82*#REF!)*#REF!) -> #REF! | E102: =(('Time Matrix'!L82*#REF!)*#REF!) + (('Time Matrix'!L82*#REF!)*#REF!) + (('Time Matrix'!L82*#REF!)*#REF!) + (('Time Matrix'!L82*#REF!)*#REF!) -> #REF! | F102: =(('Time Matrix'!L82*#REF!)*#REF!) + (('Time Matrix'!L82*#REF!)*#REF!) + (('Time Matrix'!L82*#REF!)*#REF!) + (('Time Matrix'!L82*#REF!)*#REF!) -> #REF! | G102: =(('Time Matrix'!L82*#REF!)*#REF!) + (('Time Matrix'!L82*#REF!)*#REF!) + (('Time Matrix'!L82*#REF!)*#REF!) + (('Time Matrix'!L82*#REF!)*#REF!) -> #REF! | H102: =(('Time Matrix'!L82*#REF!)*#REF!) + (('Time Matrix'!L82*#REF!)*#REF!) + (('Time Matrix'!L82*#REF!)*#REF!) + (('Time Matrix'!L82*#REF!)*#REF!) -> #REF!
A103: Other | C103: =(('Time Matrix'!L83*#REF!)*'Mon (103)'!#REF!) + (('Time Matrix'!L83*#REF!)*'Mon (103)'!#REF!) + (('Time Matrix'!L83*#REF!)*'Mon (103)'!#REF!) + (('Time Matrix'!L83*#REF!)*'Mon (103)'!#REF!) -> #REF! | D103: =(('Time Matrix'!L83*#REF!)*#REF!) + (('Time Matrix'!L83*#REF!)*#REF!) + (('Time Matrix'!L83*#REF!)*#REF!) + (('Time Matrix'!L83*#REF!)*#REF!) -> #REF! | E103: =(('Time Matrix'!L83*#REF!)*#REF!) + (('Time Matrix'!L83*#REF!)*#REF!) + (('Time Matrix'!L83*#REF!)*#REF!) + (('Time Matrix'!L83*#REF!)*#REF!) -> #REF! | F103: =(('Time Matrix'!L83*#REF!)*#REF!) + (('Time Matrix'!L83*#REF!)*#REF!) + (('Time Matrix'!L83*#REF!)*#REF!) + (('Time Matrix'!L83*#REF!)*#REF!) -> #REF! | G103: =(('Time Matrix'!L83*#REF!)*#REF!) + (('Time Matrix'!L83*#REF!)*#REF!) + (('Time Matrix'!L83*#REF!)*#REF!) + (('Time Matrix'!L83*#REF!)*#REF!) -> #REF! | H103: =(('Time Matrix'!L83*#REF!)*#REF!) + (('Time Matrix'!L83*#REF!)*#REF!) + (('Time Matrix'!L83*#REF!)*#REF!) + (('Time Matrix'!L83*#REF!)*#REF!) -> #REF!
...

Sheet Time Matrix
A1: Gun on Time
A2: Part | B2: Hyper Silver (Spyder) | C2: Deep Black (Spyder) | D2: Manta Green (Spyder F3 / F3T) | E2: Vegas White (Spyder) | F2: Metelix - Spoilers | G2: Electrolux (Smoke) | H2: Laval Summit White | I2: Laval Waymo Black | J2: Manterra - Hyper Silver | K2: Splash Guards - Black Carbon | L2: Mitchell Plastics | M2: Evinrude White | N2: Smoke Grey (Evinrude) | O2: Red Mica Snipe | P2: Red Mica Osprey | Q2: Orbital Blue Snipe | R2: Orbital Blue Osprey
A3: LH Trim | B3: 0.066666667
A4: RH Trim | B4: 0.066666667
A5: RH Fender | B5: 0.066666667
A6: LH Fender | B6: 0.066666667
A7: LH Upper Fairing | B7: 0.066666667
A8: RH Upper Fairing | B8: 0.066666667
A9: Rear Fairing | B9: 0.066666667
A10: R66 Hood | B10: 0.066666667
A11: LH Front Fairing | B11: 0.066666667
A12: RH Front Fairing | B12: 0.066666667
A13: LH Box Cover | B13: 0.066666667
A14: RH Box Cover | B14: 0.066666667
... A18: RH Mirror Shell | B18: 0.066666667
A19: Tail Fairing | C19: 0.066666667
A20: LH Console Panel | C20: 0.066666667
A21: RH Console Panel | C21: 0.066666667
A22: LH Console Fairing | C22: 0.066666667
A23: RH Console Fairing | C23: 0.066666667
A24: Tank Cover | C24: 0.066666667
A25: Tank Cover with Hole | C25: 0.066666667
A26: LH LOW FAIRING | D26: 0.066666667
A27: RH LOW FAIRING | D27: 0.066666667
A28: RH FAIRING | D28: 0.066666667
A29: LH FAIRING | D29: 0.066666667
A30: HOOD | D30: 0.066666667
A31: LH VENT PANEL | D31: 0.066666667
A32: RH VENT PANEL | D32: 0.066666667
A33: FRONT FASCIA | D33: 0.066666667
A34: COVER BOX | D34: 0.066666667
A35: LH F3T LOW FAIRING | E35: 0.066666667
A36: RH F3T LOW FAIRING | E36: 0.066666667
A37: RH FAIRING | E37: 0.066666667
A38: LH FAIRING | E38: 0.066666667
A39: RH FENDER | E39: 0.066666667
A40: LH FENDER | E40: 0.066666667
A41: HOOD | E41: 0.066666667
A42: LH VENT PANEL | E42: 0.066666667
A43: RH VENT PANEL | E43: 0.066666667
A44: FRONT FASCIA | E44: 0.066666667
A45: RH F3T PANEL | E45: 0.066666667
A46: LH F3T PANEL | E46: 0.066666667
A47: LG Black | F47: 1.2866667
A48: Black | F48: 1.2866667
A49: Cherry Bomb | F49: 1.2866667
A50: Dk Shdw | F50: 1.2866667
A51: Oconus | F51: 1.2866667
A52: Pull Me Over Red | F52: 1.2866667
A53: Rapid | F53: 1.2866667
A54: Shock | F54: 1.2866667
A55: Service Prime | F55: 1.2866667
A56: Sat Steel Grey | F56: 1.2866667
A57: Vivid Met | F57: 1.2866667
A58: Summit White | F58: 1.2866667
A59: CTRL PAN Rev G | G59: 0.066666667
A60: CTRL PAN Rev I | G60: 0.066666667
A61: CTRL PAN Rev H | G61: 0.066666667
A62: Main Lower Cover | H62: 0.066666667
A63: Main Upper Cover | H63: 0.066666667
A64: Vent Cover | H64: 0.066666667
A65: Rear Belt | H65: 0.066666667
A66: Rear Plate | I66: 0.066666667
A67: Bezel | I67: 0.066666667
A68: IR Cover LH | I68: 0.066666667
A69: IR Cover RH | I69: 0.066666667
A70: Laterial Belt LH | I70: 0.066666667
A71: Laterial Belt RH | I71: 0.066666667
A72: Base Dual, SSR, cw inserts | J72: 0.066666667
A73: Face Plate, DTM, SSR | J73: 0.066666667
A74: Face Plate, STM, SSR | J74: 0.066666667
A75: Front RH | K75: 0.066666667
A76: Front LH | K76: 0.066666667
A77: Rear RH | K77: 0.066666667
A78: Rear LH | K78: 0.066666667
A79: Black - LH | L79: 0.066666667
A80: Black - RH | L80: 0.066666667
A81: Red - LH | L81: 0.066666667
A82: Red - RH | L82: 0.066666667
A83: Other | L83: 0.066666667
A84: Other | L84: 0.066666667
A85: V6 HOOD | M85: 0.066666667
A86: V6 CAP | M86: 0.066666667
A87: PORT | M87: 0.066666667
A88: STBD | M88: 0.066666667
A89: V4 HOOD | M89: 0.066666667
A90: V4 CAP | M90: 0.066666667
A91: V6 HOOD | N91: 0.066666667
A92: V6 CAP | N92: 0.066666667
A93: PORT | N93: 0.066666667
A94: STBD | N94: 0.066666667
A95: V4 HOOD | N95: 0.066666667
A96: V4 CAP | N96: 0.066666667
A97: TALON HOOD | N97: 0.066666667
A98: FALCON HOOD | N98: 0.066666667
A99: TAL/FAL PORT | N99: 0.066666667
A100: TAL/FAL STBD | N100: 0.066666667
A101: FAL/TAL CAP | N101: 0.066666667
A102: ROPE HOOD | N102: 0.066666667
A103: Front Frame Cover | O103: 0.066666667 | P103: 0.066666667 | Q103: 0.066666667 | R103: 0.066666667
...

Sheet Mon (103)
A1: 103 LINE LOAD SHEET | J1: Date: | M1: ='Weekly Plan'!H1 -> 45299
A2: Order of Colours:
A4: Hyper Silver | G4: Black - Laval | M4: Mitchell Plastics
A5: ='Weekly Plan'!F4 -> 705014100 | B5: Hyper Silver | C5: ='Weekly Plan'!G4 -> LH Upper Fairing | D5: =IF('Weekly Plan'!H4=0,"",'Weekly Plan'!H4) | E5: ='Weekly Plan'!A4 -> 2 | F5: =IFERROR(D5/E5,0) -> 0 | G5: ='Weekly Plan'!F69 -> 99944 | H5: Black | I5: ='Weekly Plan'!G69 -> Bezel | J5: =IF('Weekly Plan'!H69=0,"",'Weekly Plan'!H69) | K5: ='Weekly Plan'!A69 -> 2 | L5: =IFERROR(J5/K5,0) -> 0 | M5: ='Weekly Plan'!F94 -> 80931 | N5: ='Weekly Plan'!G94 -> Black - LH | O5: =IF('Weekly Plan'!H94=0,"",'Weekly Plan'!H94) | P5: ='Weekly Plan'!A94 -> 2 | Q5: =IFERROR(O5/P5,0) -> 0 | AC5: 3
A6: ='Weekly Plan'!F5 -> 705014101 | B6: Hyper Silver | C6: ='Weekly Plan'!G5 -> RH Upper Fairing | D6: =IF('Weekly Plan'!H5=0,"",'Weekly Plan'!H5) | E6: ='Weekly Plan'!A5 -> 2 | F6: =IFERROR(D6/E6,0) -> 0 | G6: ='Weekly Plan'!F70 -> 99633 | H6: Black | I6: ='Weekly Plan'!G70 -> IR Cover LH | J6: =IF('Weekly Plan'!H70=0,"",'Weekly Plan'!H70) | K6: ='Weekly Plan'!A70 -> 20 | L6: =IFERROR(J6/K6,0) -> 0 | M6: ='Weekly Plan'!F95 -> 80930 | N6: ='Weekly Plan'!G95 -> Black - RH | O6: =IF('Weekly Plan'!H95=0,"",'Weekly Plan'!H95) | P6: ='Weekly Plan'!A95 -> 2 | Q6: =IFERROR(O6/P6,0) -> 0 | AC6: 4
A7: ='Weekly Plan'!F6 -> 705012976 | B7: Hyper Silver | C7: ='Weekly Plan'!G6 -> LH Fender | D7: =IF('Weekly Plan'!H6=0,"",'Weekly Plan'!H6) | E7: ='Weekly Plan'!A6 -> 2 | F7: =IFERROR(D7/E7,0) -> 0 | G7: ='Weekly Plan'!F71 -> 99646 | H7: Black | I7: ='Weekly Plan'!G71 -> IR Cover RH | J7: =IF('Weekly Plan'!H71=0,"",'Weekly Plan'!H71) | K7: ='Weekly Plan'!A71 -> 20 | L7: =IFERROR(J7/K7,0) -> 0 | M7: ='Weekly Plan'!F96 -> 80933 | N7: ='Weekly Plan'!G96 -> Red - LH | O7: =IF('Weekly Plan'!H96=0,"",'Weekly Plan'!H96) | P7: ='Weekly Plan'!A96 -> 2 | Q7: =IFERROR(O7/P7,0) -> 0 | AC7: 4
A8: ='Weekly Plan'!F7 -> 705012868 | B8: Hyper Silver | C8: ='Weekly Plan'!G7 -> RH Fender | D8: =IF('Weekly Plan'!H7=0,"",'Weekly Plan'!H7) | E8: ='Weekly Plan'!A7 -> 2 | F8: =IFERROR(D8/E8,0) -> 0 | G8: ='Weekly Plan'!F72 -> 99635 | H8: Black | I8: ='Weekly Plan'!G72 -> Lateral Belt LH | J8: =IF('Weekly Plan'!H72=0,"",'Weekly Plan'!H72) | K8: ='Weekly Plan'!A72 -> 6 | L8: =IFERROR(J8/K8,0) -> 0 | M8: ='Weekly Plan'!F97 -> 80932 | N8: ='Weekly Plan'!G97 -> Red - RH | O8: =IF('Weekly Plan'!H97=0,"",'Weekly Plan'!H97) | P8: ='Weekly Plan'!A97 -> 2 | Q8: =IFERROR(O8/P8,0) -> 0 | AC8: 1
A9: ='Weekly Plan'!F8 -> 708003041 | B9: Hyper Silver | C9: ='Weekly Plan'!G8 -> Rear Fairing | D9: =IF('Weekly Plan'!H8=0,"",'Weekly Plan'!H8) | E9: ='Weekly Plan'!A8 -> 2 | F9: =IFERROR(D9/E9,0) -> 0 | G9: ='Weekly Plan'!F73 -> 99944 | H9: Black | I9: ='Weekly Plan'!G73 -> Lateral Belt RH | J9: =IF('Weekly Plan'!H73=0,"",'Weekly Plan'!H73) | K9: ='Weekly Plan'!A73 -> 6 | L9: =IFERROR(J9/K9,0) -> 0 | M9: ='Weekly Plan'!F98 -> Other | N9: ='Weekly Plan'!G98 -> White - LH | O9: =IF('Weekly Plan'!H98=0,"",'Weekly Plan'!H98) | P9: ='Weekly Plan'!A98 -> 2 | Q9: =IFERROR(O9/P9,0) -> 0 | AC9: 1
A10: ='Weekly Plan'!F9 -> 708200870 | B10: Hyper Silver | C10: ='Weekly Plan'!G9 -> LH Front Fairing | D10: =IF('Weekly Plan'!H9=0,"",'Weekly Plan'!H9) | E10: ='Weekly Plan'!A9 -> 1 | F10: =IFERROR(D10/E10,0) -> 0 | G10: ='Weekly Plan'!F74 -> 99636 | H10: Black | I10: ='Weekly Plan'!G74 -> Rear Belt | J10: =IF('Weekly Plan'!H74=0,"",'Weekly Plan'!H74) | K10: ='Weekly Plan'!A74 -> 20 | L10: =IFERROR(J10/K10,0) -> 0 | M10: ='Weekly Plan'!F99 -> Other | N10: ='Weekly Plan'!G99 -> White - RH | O10: =IF('Weekly Plan'!H99=0,"",'Weekly Plan'!H99) | P10: ='Weekly Plan'!A99 -> 2 | Q10: =IFERROR(O10/P10,0) -> 0 | AC10: 3
A11: ='Weekly Plan'!F10 -> 708200871 | B11: Hyper Silver | C11: ='Weekly Plan'!G10 -> RH Front Fairing | D11: =IF('Weekly Plan'!H10=0,"",'Weekly Plan'!H10) | E11: ='Weekly Plan'!A10 -> 1 | F11: =IFERROR(D11/E11,0) -> 0 | AC11: 3
A12: ='Weekly Plan'!F11 -> 708200869 | B12: Hyper Silver | C12: ='Weekly Plan'!G11 -> R66 Hood | D12: =IF('Weekly Plan'!H11=0,"",'Weekly Plan'!H11) | E12: ='Weekly Plan'!A11 -> 1 | F12: =IFERROR(D12/E12,0) -> 0 | G12: Summit White - Laval | M12: Seastar | AC12: 3
A13: ='Weekly Plan'!F12 -> 708302947 | B13: Hyper Silver | C13: ='Weekly Plan'!G12 -> LH Box Cover | D13: =IF('Weekly Plan'!H12=0,"",'Weekly Plan'!H12) | E13: ='Weekly Plan'!A12 -> 2 | F13: =IFERROR(D13/E13,0) -> 0 | G13: ='Weekly Plan'!F76 -> 99629 | H13: Summit White | I13: ='Weekly Plan'!G76 -> Main Lower Cover | J13: =IF('Weekly Plan'!H76=0,"",'Weekly Plan'!H76) | K13: ='Weekly Plan'!A76 -> 1 | L13: =IFERROR(J13/K13,0) -> 0 | M13: ='Weekly Plan'!F81 -> 0 | N13: ='Weekly Plan'!G81 -> Handles | O13: =IF('Weekly Plan'!H81=0,"",'Weekly Plan'!H81) | P13: ='Weekly Plan'!A81 -> 18 | Q13: =IFERROR(O13/P13,0) -> 0 | AC13: 4
A14: ='Weekly Plan'!F13 -> 708302948 | B14: Hyper Silver | C14: ='Weekly Plan'!G13 -> RH Box Cover | D14: =IF('Weekly Plan'!H13=0,"",'Weekly Plan'!H13) | E14: ='Weekly Plan'!A13 -> 2 | F14: =IFERROR(D14/E14,0) -> 0 | G14: ='Weekly Plan'!F77 -> 99631 | H14: Summit White | I14: ='Weekly Plan'!G77 -> Main Upper Cover | J14: =IF('Weekly Plan'!H77=0,"",'Weekly Plan'!H77) | K14: ='Weekly Plan'!A77 -> 1 | L14: =IFERROR(J14/K14,0) -> 0 | M14: ='Weekly Plan'!F82 -> 0 | N14: ='Weekly Plan'!G82 -> 0 | O14: =IF('Weekly Plan'!H82=0,"",'Weekly Plan'!H82) | P14: ='Weekly Plan'!A82 -> 0 | Q14: =IFERROR(O14/P14,0) -> 0 | AC14: 4
A15: ='Weekly Plan'!F14 -> 708303800 | B15: Hyper Silver | C15: ='Weekly Plan'!G14 -> LH F3T Panel | D15: =IF('Weekly Plan'!H14=0,"",'Weekly Plan'!H14) | E15: ='Weekly Plan'!A14 -> 4 | F15: =IFERROR(D15/E15,0) -> 0 | G15: ='Weekly Plan'!F78 -> 99638 | H15: Summit White | I15: ='Weekly Plan'!G78 -> Rear Plate | J15: =IF('Weekly Plan'!H78=0,"",'Weekly Plan'!H78) | K15: ='Weekly Plan'!A78 -> 20 | L15: =IFERROR(J15/K15,0) -> 0 | M15: ='Weekly Plan'!F83 -> 0 | N15: ='Weekly Plan'!G83 -> 0 | O15: =IF('Weekly Plan'!H83=0,"",'Weekly Plan'!H83) | P15: ='Weekly Plan'!A83 -> 0 | Q15: =IFERROR(O15/P15,0) -> 0 | AC15: 4
A16: ='Weekly Plan'!F15 -> 708303801 | B16: Hyper Silver | C16: ='Weekly Plan'!G15 -> RH F3T Panel | D16: =IF('Weekly Plan'!H15=0,"",'Weekly Plan'!H15) | E16: ='Weekly Plan'!A15 -> 4 | F16: =IFERROR(D16/E16,0) -> 0 | G16: ='Weekly Plan'!F79 -> 99630 | H16: Summit White | I16: ='Weekly Plan'!G79 -> Vent Cover | J16: =IF('Weekly Plan'!H79=0,"",'Weekly Plan'!H79) | K16: ='Weekly Plan'!A79 -> 1 | L16: =IFERROR(J16/K16,0) -> 0 | AC16: 2
A17: ='Weekly Plan'!F16 -> 708400461 | B17: Hyper Silver | C17: ='Weekly Plan'!G16 -> LH Mirror Shell -No Hole | D17: =IF('Weekly Plan'!H16=0,"",'Weekly Plan'!H16) | E17: ='Weekly Plan'!A16 -> 2 | F17: =IFERROR(D17/E17,0) -> 0 | M17: Manterra - Hyper Silver | AC17: 1
A18: ='Weekly Plan'!F17 -> 708400463 | B18: Hyper Silver | C18: ='Weekly Plan'!G17 -> RH Mirror Shell - No Hole | D18: =IF('Weekly Plan'!H17=0,"",'Weekly Plan'!H17) | E18: ='Weekly Plan'!A17 -> 2 | F18: =IFERROR(D18/E18,0) -> 0 | G18: British Green | M18: ='Weekly Plan'!F85 -> 0 | N18: ='Weekly Plan'!G85 -> Base Dual | O18: =IF('Weekly Plan'!H85=0,"",'Weekly Plan'!H85) | P18: ='Weekly Plan'!A85 -> 6 | Q18: =IFERROR(O18/P18,0) -> 0 | AC18: 1
G19: ='Weekly Plan'!F19 -> 705009213 | H19: British Green | I19: ='Weekly Plan'!G19 -> LH F3T Low Fairing | J19: =IF('Weekly Plan'!H19=0,"",'Weekly Plan'!H19) | K19: ='Weekly Plan'!A19 -> 2 | L19: =IFERROR(J19/K19,0) -> 0 | M19: ='Weekly Plan'!F86 -> 500458 | N19: ='Weekly Plan'!G86 -> Face Plate, DTM, SSR | O19: =IF('Weekly Plan'!H86=0,"",'Weekly Plan'!H86) | P19: ='Weekly Plan'!A86 -> 16 | Q19: =IFERROR(O19/P19,0) -> 0 | AC19: 1
A20: Deep Black | G20: ='Weekly Plan'!F20 -> 705009214 | H20: British Green | I20: ='Weekly Plan'!G20 -> RH F3T Low Fairing | J20: =IF('Weekly Plan'!H20=0,"",'Weekly Plan'!H20) | K20: ='Weekly Plan'!A20 -> 2 | L20: =IFERROR(J20/K20,0) -> 0 | M20: ='Weekly Plan'!F87 -> 500458 | N20: ='Weekly Plan'!G87 -> Face Plate, STM, SSR | O20: =IF('Weekly Plan'!H87=0,"",'Weekly Plan'!H87) | P20: ='Weekly Plan'!A87 -> 16 | Q20: =IFERROR(O20/P20,0) -> 0 | AC20: 2
A21: ='Weekly Plan'!F34 -> 708400287 | B21: Deep Black | C21: ='Weekly Plan'!G34 -> Tank Cover | D21: =IF('Weekly Plan'!H34=0,"",'Weekly Plan'!H34) | E21: ='Weekly Plan'!A34 -> 2 | F21: =IFERROR(D21/E21,0) -> 0 | G21: ='Weekly Plan'!F21 -> 705010835 | H21: British Green | I21: ='Weekly Plan'!G21 -> RH Fairing | J21: =IF('Weekly Plan'!H21=0,"",'Weekly Plan'!H21) | K21: ='Weekly Plan'!A21 -> 1 | L21: =IFERROR(J21/K21,0) -> 0 | AC21: 1
A22: ='Weekly Plan'!F35 -> 705019189 | B22: Deep Black | C22: ='Weekly Plan'!G35 -> New Tank Cover | D22: =IF('Weekly Plan'!H35=0,"",'Weekly Plan'!H35) | E22: ='Weekly Plan'!A35 -> 2 | F22: =IFERROR(D22/E22,0) -> 0 | G22: ='Weekly Plan'!F22 -> 705010851 | H22: British Green | I22: ='Weekly Plan'!G22 -> LH Fairing | J22: =IF('Weekly Plan'!H22=0,"",'Weekly Plan'!H22) | K22: ='Weekly Plan'!A22 -> 1 | L22: =IFERROR(J22/K22,0) -> 0 | M22: Falcon Lakeside Hyper Silver | AC22: 2
A23: ='Weekly Plan'!F36 -> 708001528 | B23: Deep Black | C23: ='Weekly Plan'!G36 -> Tail Fairing | D23: =IF('Weekly Plan'!H36=0,"",'Weekly Plan'!H36) | E23: ='Weekly Plan'!A36 -> 2 | F23: =IFERROR(D23/E23,0) -> 0 | G23: ='Weekly Plan'!F23 -> 705012976 | H23: British Green | I23: ='Weekly Plan'!G23 -> LH Fender | J23: =IF('Weekly Plan'!H23=0,"",'Weekly Plan'!H23) | K23: ='Weekly Plan'!A23 -> 2 | L23: =IFERROR(J23/K23,0) -> 0 | M23: ='Weekly Plan'!F89 -> 2650 | N23: ='Weekly Plan'!G89 -> LH Side Puck | O23: =IF('Weekly Plan'!H89=0,"",'Weekly Plan'!H89) | P23: ='Weekly Plan'!A89 -> 6 | Q23: =IFERROR(O23/P23,0) -> 0 | AC23: 1
A24: ='Weekly Plan'!F37 -> 708400069 | B24: Deep Black | C24: ='Weekly Plan'!G37 -> RH Consol Fairing | D24: =IF('Weekly Plan'!H37=0,"",'Weekly Plan'!H37) | E24: ='Weekly Plan'!A37 -> 2 | F24: =IFERROR(D24/E24,0) -> 0 | G24: ='Weekly Plan'!F24 -> 705012868 | H24: British Green | I24: ='Weekly Plan'!G24 -> RH Fender | J24: =IF('Weekly Plan'!H24=0,"",'Weekly Plan'!H24) | K24: ='Weekly Plan'!A24 -> 2 | L24: =IFERROR(J24/K24,0) -> 0 | M24: ='Weekly Plan'!F90 -> 2651 | N24: ='Weekly Plan'!G90 -> RH Side Puck | O24: =IF('Weekly Plan'!H90=0,"",'Weekly Plan'!H90) | P24: ='Weekly Plan'!A90 -> 6 | Q24: =IFERROR(O24/P24,0) -> 0 | AC24: 2
A25: ='Weekly Plan'!F38 -> 708400067 | B25: Deep Black | C25: ='Weekly Plan'!G38 -> LH Consol Fairing | D25: =IF('Weekly Plan'!H38=0,"",'Weekly Plan'!H38) | E25: ='Weekly Plan'!A38 -> 2 | F25: =IFERROR(D25/E25,0) -> 0 | G25: ='Weekly Plan'!F25 -> 708200366 | H25: British Green | I25: ='Weekly Plan'!G25 -> Hood | J25: =IF('Weekly Plan'!H25=0,"",'Weekly Plan'!H25) | K25: ='Weekly Plan'!A25 -> 1 | L25: =IFERROR(J25/K25,0) -> 0 | M25: ='Weekly Plan'!F91 -> 2647 | N25: ='Weekly Plan'!G91 -> Front Puck | O25: =IF('Weekly Plan'!H91=0,"",'Weekly Plan'!H91) | P25: ='Weekly Plan'!A91 -> 6 | Q25: =IFERROR(O25/P25,0) -> 0 | R25: 18 | AC25: 1
A26: ='Weekly Plan'!F39 -> 708400956 | B26: Deep Black | C26: ='Weekly Plan'!G39 -> New LH Console Panel | D26: =IF('Weekly Plan'!H39=0,"",'Weekly Plan'!H39) | E26: ='Weekly Plan'!A39 -> 2 | F26: =IFERROR(D26/E26,0) -> 0 | G26: ='Weekly Plan'!F26 -> 708200401 | H26: British Green | I26: ='Weekly Plan'!G26 -> LH Vent Panel | J26: =IF('Weekly Plan'!H26=0,"",'Weekly Plan'!H26) | K26: ='Weekly Plan'!A26 -> 2 | L26: =IFERROR(J26/K26,0) -> 0 | M26: ='Weekly Plan'!F92 -> 0 | N26: ='Weekly Plan'!G92 -> 0 | O26: =IF('Weekly Plan'!H92=0,"",'Weekly Plan'!H92) | P26: ='Weekly Plan'!A92 -> 0 | Q26: =IFERROR(O26/P26,0) -> 0 | AC26: 1
A27: ='Weekly Plan'!F40 -> 708400957 | B27: Deep Black | C27: ='Weekly Plan'!G40 -> New RH Console Panel | D27: =IF('Weekly Plan'!H40=0,"",'Weekly Plan'!H40) | E27: ='Weekly Plan'!A40 -> 2 | F27: =IFERROR(D27/E27,0) -> 0 | G27: ='Weekly Plan'!F27 -> 708200402 | H27: British Green | I27: ='Weekly Plan'!G27 -> RH Vent Panel | J27: =IF('Weekly Plan'!H27=0,"",'Weekly Plan'!H27) | K27: ='Weekly Plan'!A27 -> 2 | L27: =IFERROR(J27/K27,0) -> 0 | P27: ='Weekly Plan'!A93 -> 0 | AC27: 1
A28: ='Weekly Plan'!F41 -> 708400722 | B28: Deep Black | C28: ='Weekly Plan'!G41 -> New Nose Fairing | D28: =IF('Weekly Plan'!H41=0,"",'Weekly Plan'!H41) | E28: ='Weekly Plan'!A41 -> 2 | F28: =IFERROR(D28/E28,0) -> 0 | G28: ='Weekly Plan'!F28 -> 708200698 | H28: British Green | I28: ='Weekly Plan'!G28 -> Fascia | J28: =IF('Weekly Plan'!H28=0,"",'Weekly Plan'!H28) | K28: ='Weekly Plan'!A28 -> 1 | L28: =IFERROR(J28/K28,0) -> 0 | M28: Tesla - High Gloss Black | P28: ='Weekly Plan'!A94 -> 2 | AC28: 2
A29: ='Weekly Plan'!F42 -> 708400721 | B29: Deep Black | C29: ='Weekly Plan'!G42 -> New Tail Fairing | D29: =IF('Weekly Plan'!H42=0,"",'Weekly Plan'!H42) | E29: ='Weekly Plan'!A42 -> 8 | F29: =IFERROR(D29/E29,0) -> 0 | G29: ='Weekly Plan'!F29 -> 708301214 | H29: British Green | I29: ='Weekly Plan'!G29 -> LH Cover | J29: =IF('Weekly Plan'!H29=0,"",'Weekly Plan'!H29) | K29: ='Weekly Plan'!A29 -> 1 | L29: =IFERROR(J29/K29,0) -> 0 | M29: ='Weekly Plan'!F101 -> 9929 | N29: ='Weekly Plan'!G101 -> MS Applique | O29: =IF('Weekly Plan'!H101=0,"",'Weekly Plan'!H101) | P29: ='Weekly Plan'!A101 -> 6 | Q29: =IFERROR(O29/P29,0) -> 0 | R29: 21
A30: ='Weekly Plan'!F43 -> 708400462 | B30: Deep Black | C30: ='Weekly Plan'!G43 -> LH Mirror Shell | D30: =IF('Weekly Plan'!H43=0,"",'Weekly Plan'!H43) | E30: ='Weekly Plan'!A43 -> 2 | F30: =IFERROR(D30/E30,0) -> 0 | G30: ='Weekly Plan'!F30 -> 708301215 | H30: British Green | I30: ='Weekly Plan'!G30 -> RH Cover | J30: =IF('Weekly Plan'!H30=0,"",'Weekly Plan'!H30) | K30: ='Weekly Plan'!A30 -> 1 | L30: =IFERROR(J30/K30,0) -> 0 | M30: ='Weekly Plan'!F102 -> 9931 | N30: ='Weekly Plan'!G102 -> MX Applique | O30: =IF('Weekly Plan'!H102=0,"",'Weekly Plan'!H102) | P30: ='Weekly Plan'!A102 -> 6 | Q30: =IFERROR(O30/P30,0) -> 0 | AC30: 1
A31: ='Weekly Plan'!F44 -> 708400464 | B31: Deep Black | C31: ='Weekly Plan'!G44 -> RH Mirror Shell | D31: =IF('Weekly Plan'!H44=0,"",'Weekly Plan'!H44) | E31: ='Weekly Plan'!A44 -> 2 | F31: =IFERROR(D31/E31,0) -> 0 | G31: ='Weekly Plan'!F31 -> 708303800 | H31: British Green | I31: ='Weekly Plan'!G31 -> LH F3T Panel | J31: =IF('Weekly Plan'!H31=0,"",'Weekly Plan'!H31) | K31: ='Weekly Plan'!A31 -> 4 | L31: =IFERROR(J31/K31,0) -> 0 | M31: ='Weekly Plan'!F103 -> 0 | N31: ='Weekly Plan'!G103 -> MS Applique Rework | O31: =IF('Weekly Plan'!H103=0,"",'Weekly Plan'!H103) | P31: ='Weekly Plan'!A103 -> 6 | Q31: =IFERROR(O31/P31,0) -> 0 | AC31: 1
A32: ='Weekly Plan'!F45 -> 708400461 | B32: Deep Black | C32: ='Weekly Plan'!G45 -> LH Mirror Shell - No Hole | D32: =IF('Weekly Plan'!H45=0,"",'Weekly Plan'!H45) | E32: ='Weekly Plan'!A45 -> 2 | F32: =IFERROR(D32/E32,0) -> 0 | G32: ='Weekly Plan'!F32 -> 708303801 | H32: British Green | I32: ='Weekly Plan'!G32 -> RH F3T Panel | J32: =IF('Weekly Plan'!H32=0,"",'Weekly Plan'!H32) | K32: ='Weekly Plan'!A32 -> 4 | L32: =IFERROR(J32/K32,0) -> 0 | M32: ='Weekly Plan'!F104 -> 0 | N32: ='Weekly Plan'!G104 -> MX Applique Rework | O32: =IF('Weekly Plan'!H104=0,"",'Weekly Plan'!H104) | P32: ='Weekly Plan'!A104 -> 6 | Q32: =IFERROR(O32/P32,0) -> 0 | AC32: 1
A33: ='Weekly Plan'!F46 -> 708400463 | B33: Deep Black | C33: ='Weekly Plan'!G46 -> RH Mirror Shell - No Hole | D33: =IF('Weekly Plan'!H46=0,"",'Weekly Plan'!H46) | E33: ='Weekly Plan'!A46 -> 2 | F33: =IFERROR(D33/E33,0) -> 0 | K33: ='Weekly Plan'!A33 -> 0 | L33: =IFERROR(J33/K33,0) -> 0 | AC33: 1
A34: ='Weekly Plan'!F47 -> 705012976 | B34: Deep Black | C34: ='Weekly Plan'!G47 -> LH Fender | D34: =IF('Weekly Plan'!H47=0,"",'Weekly Plan'!H47) | E34: ='Weekly Plan'!A47 -> 2 | F34: =IFERROR(D34/E34,0) -> 0 | AC34: 2
A35: ='Weekly Plan'!F48 -> 705012868 | B35: Deep Black | C35: ='Weekly Plan'!G48 -> RH Fender | D35: =IF('Weekly Plan'!H48=0,"",'Weekly Plan'!H48) | E35: ='Weekly Plan'!A48 -> 2 | F35: =IFERROR(D35/E35,0) -> 0 | G35: Comments | M35: Colour | N35: Time (mins) | R35: 4 | AC35: 1
A36: ='Weekly Plan'!F49 -> 705011169 | B36: Deep Black | C36: ='Weekly Plan'!G49 -> LH Scoop | D36: =IF('Weekly Plan'!H49=0,"",'Weekly Plan'!H49) | E36: ='Weekly Plan'!A49 -> 2 | F36: =IFERROR(D36/E36,0) -> 0 | M36: =A4 -> Hyper Silver | N36: =SUM(F5:F18) -> 0 | R36: 2 | AC36: 1
A37: ='Weekly Plan'!F50 -> 705011170 | B37: Deep Black | C37: ='Weekly Plan'!G50 -> RH Scoop | D37: =IF('Weekly Plan'!H50=0,"",'Weekly Plan'!H50) | E37: ='Weekly Plan'!A50 -> 2 | F37: =IFERROR(D37/E37,0) -> 0 | M37: =A20 -> Deep Black | N37: =SUM(F21:F39) -> 0 | AC37: 1
A38: ='Weekly Plan'!F51 -> 708400261 | B38: Deep Black | C38: ='Weekly Plan'!G51 -> LH Access Panel | D38: =IF('Weekly Plan'!H51=0,"",'Weekly Plan'!H51) | E38: ='Weekly Plan'!A51 -> 3 | F38: =IFERROR(D38/E38,0) -> 0 | M38: =G18 -> British Green | N38: =SUM(L19:L32) -> 0 | R38: 1 | AC38: 1
A39: ='Weekly Plan'!F52 -> 708400262 | B39: Deep Black | C39: ='Weekly Plan'!G52 -> RH Access Panel | D39: =IF('Weekly Plan'!H52=0,"",'Weekly Plan'!H52) | E39: ='Weekly Plan'!A52 -> 3 | F39: =IFERROR(D39/E39,0) -> 0 | M39: =A44 -> Vegas White | N39: =SUM(F45:F56) -> 0 | AC39: 4
D40: =IF('Weekly Plan'!H52=0,"",'Weekly Plan'!H52) | E40: ='Weekly Plan'!A53 -> 0 | F40: =IFERROR(D41/E40,0) -> 0 | M40: =G4 -> Black - Laval | N40: =SUM(L5:L10) -> 0 | R40: 4 | AC40: 2
D41: =IF('Weekly Plan'!H53=0,"",'Weekly Plan'!H53) | E41: ='Weekly Plan'!A54 -> 0 | F41: =IFERROR(D42/E41,0) -> 0 | M41: =G12 -> Summit White - Laval | N41: =SUM(L13:L16) -> 0 | R41: 2 | AC41: 1
D42: =IF('Weekly Plan'!H54=0,"",'Weekly Plan'!H54) | M42: =M4 -> Mitchell Plastics | N42: =SUM(Q5:Q10) -> 0 | R42: 1 | AC42: 4
M43: =M12 -> Seastar | N43: =SUM(Q13:Q15) -> 0 | R43: 1 | AC43: 2
A44: Vegas White | E44: ='Weekly Plan'!A56 -> 2 | F44: =IFERROR(D45/E44,0) -> 0 | M44: =M17 -> Manterra - Hyper Silver | N44: =SUM(Q18:Q20) -> 0 | AC44: 1
A45: ='Weekly Plan'!F56 -> 705009213 | B45: Vegas White | C45: ='Weekly Plan'!G56 -> LH F3T Low Fairing | D45: =IF('Weekly Plan'!H56=0,"",'Weekly Plan'!H56) | E45: ='Weekly Plan'!A56 -> 2 | F45: =IFERROR(D45/E45,0) -> 0 | M45: =M22 -> Falcon Lakeside Hyper Silver | N45: =SUM(Q23:Q26) -> 0 | AC45: 1
A46: ='Weekly Plan'!F57 -> 705009214 | B46: Vegas White | C46: ='Weekly Plan'!G57 -> RH F3T Low Fairing | D46: =IF('Weekly Plan'!H57=0,"",'Weekly Plan'!H57) | E46: ='Weekly Plan'!A57 -> 2 | F46: =IFERROR(D46/E46,0) -> 0 | M46: =M28 -> Tesla - High Gloss Black | N46: =SUM(Q29:Q32) -> 0 | AC46: 1
A47: ='Weekly Plan'!F58 -> 705010835 | B47: Vegas White | C47: ='Weekly Plan'!G58 -> RH Fairing | D47: =IF('Weekly Plan'!H58=0,"",'Weekly Plan'!H58) | E47: ='Weekly Plan'!A58 -> 1 | F47: =IFERROR(D47/E47,0) -> 0 | AC47: 4
A48: ='Weekly Plan'!F59 -> 705010851 | B48: Vegas White | C48: ='Weekly Plan'!G59 -> LH Fairing | D48: =IF('Weekly Plan'!H59=0,"",'Weekly Plan'!H59) | E48: ='Weekly Plan'!A59 -> 1 | F48: =IFERROR(D48/E48,0) -> 0 | AC48: 2
A49: ='Weekly Plan'!F60 -> 705012976 | B49: Vegas White | C49: ='Weekly Plan'!G60 -> LH Fender | D49: =IF('Weekly Plan'!H60=0,"",'Weekly Plan'!H60) | E49: ='Weekly Plan'!A60 -> 2 | F49: =IFERROR(D49/E49,0) -> 0 | AC49: 1
A50: ='Weekly Plan'!F61 -> 705012868 | B50: Vegas White | C50: ='Weekly Plan'!G61 -> RH Fender | D50: =IF('Weekly Plan'!H61=0,"",'Weekly Plan'!H61) | E50: ='Weekly Plan'!A61 -> 2 | F50: =IFERROR(D50/E50,0) -> 0 | M50: Total: | N50: =SUM(N36:N49) -> 0 | AC50: 1
A51: ='Weekly Plan'!F62 -> 708200366 | B51: Vegas White | C51: ='Weekly Plan'!G62 -> Hood | D51: =IF('Weekly Plan'!H62=0,"",'Weekly Plan'!H62) | E51: ='Weekly Plan'!A62 -> 1 | F51: =IFERROR(D51/E51,0) -> 0 | AC51: 4
A52: ='Weekly Plan'!F63 -> 708200401 | B52: Vegas White | C52: ='Weekly Plan'!G63 -> LH Vent Panel | D52: =IF('Weekly Plan'!H63=0,"",'Weekly Plan'!H63) | E52: ='Weekly Plan'!A63 -> 2 | F52: =IFERROR(D52/E52,0) -> 0 | M52: Gaps | N52: =(COUNTIF(N36:N49, ">0")-1)*(IF(N50>0, 12, 0)) -> 0 | AC52: 2
A53: ='Weekly Plan'!F64 -> 708200402 | B53: Vegas White | C53: ='Weekly Plan'!G64 -> RH Vent Panel | D53: =IF('Weekly Plan'!H64=0,"",'Weekly Plan'!H64) | E53: ='Weekly Plan'!A64 -> 2 | F53: =IFERROR(D53/E53,0) -> 0 | AC53: 1
A54: ='Weekly Plan'!F65 -> 708200698 | B54: Vegas White | C54: ='Weekly Plan'!G65 -> Fascia | D54: =IF('Weekly Plan'!H65=0,"",'Weekly Plan'!H65) | E54: ='Weekly Plan'!A65 -> 1 | F54: =IFERROR(D54/E54,0) -> 0 | M54: Total Time (hrs) | N54: =(N50+N52)/60 -> 0 | AC54: 4
A55: ='Weekly Plan'!F66 -> 708301214 | B55: Vegas White | C55: ='Weekly Plan'!G66 -> LH Cover | D55: =IF('Weekly Plan'!H66=0,"",'Weekly Plan'!H66) | E55: ='Weekly Plan'!A66 -> 1 | F55: =IFERROR(D55/E55,0) -> 0 | AC55: 2
A56: ='Weekly Plan'!F67 -> 708301215 | B56: Vegas White | C56: ='Weekly Plan'!G67 -> RH Cover | D56: =IF('Weekly Plan'!H67=0,"",'Weekly Plan'!H67) | E56: ='Weekly Plan'!A67 -> 1 | F56: =IFERROR(D56/E56,0) -> 0 | AC56: 1
AC57: 1
AC58: 1
AC59: 4
AC60: 2
AC61: 1
K79: =14*12 -> 168

Sheet Tue (103)
A1: 103 LINE LOAD SHEET | J1: Date: | M1: ='Weekly Plan'!I1 -> 45300
A2: Order of Colours:
A4: Hyper Silver | G4: Black - Laval | M4: Mitchell Plastics
A5: ='Weekly Plan'!F4 -> 705014100 | B5: Hyper Silver | C5: ='Weekly Plan'!G4 -> LH Upper Fairing | D5: =IF('Weekly Plan'!I4=0,"",'Weekly Plan'!I4) | E5: ='Weekly Plan'!A4 -> 2 | F5: =IFERROR(D5/E5,0) -> 0 | G5: ='Weekly Plan'!F69 -> 99944 | H5: Black | I5: ='Weekly Plan'!G69 -> Bezel | J5: =IF('Weekly Plan'!I69=0,"",'Weekly Plan'!I69) | K5: ='Weekly Plan'!A69 -> 2 | L5: =IFERROR(J5/K5,0) -> 0 | M5: ='Weekly Plan'!F94 -> 80931 | N5: ='Weekly Plan'!G94 -> Black - LH | O5: =IF('Weekly Plan'!I94=0,"",'Weekly Plan'!I94) | P5: ='Weekly Plan'!A94 -> 2 | Q5: =IFERROR(O5/P5,0) -> 0 | AC5: 3
A6: ='Weekly Plan'!F5 -> 705014101 | B6: Hyper Silver | C6: ='Weekly Plan'!G5 -> RH Upper Fairing | D6: =IF('Weekly Plan'!I5=0,"",'Weekly Plan'!I5) | E6: ='Weekly Plan'!A5 -> 2 | F6: =IFERROR(D6/E6,0) -> 0 | G6: ='Weekly Plan'!F70 -> 99633 | H6: Black | I6: ='Weekly Plan'!G70 -> IR Cover LH | J6: =IF('Weekly Plan'!I70=0,"",'Weekly Plan'!I70) | K6: ='Weekly Plan'!A70 -> 20 | L6: =IFERROR(J6/K6,0) -> 0 | M6: ='Weekly Plan'!F95 -> 80930 | N6: ='Weekly Plan'!G95 -> Black - RH | O6: =IF('Weekly Plan'!I95=0,"",'Weekly Plan'!I95) | P6: ='Weekly Plan'!A95 -> 2 | Q6: =IFERROR(O6/P6,0) -> 0 | AC6: 4
A7: ='Weekly Plan'!F6 -> 705012976 | B7: Hyper Silver | C7: ='Weekly Plan'!G6 -> LH Fender | D7: =IF('Weekly Plan'!I6=0,"",'Weekly Plan'!I6) | E7: ='Weekly Plan'!A6 -> 2 | F7: =IFERROR(D7/E7,0) -> 0 | G7: ='Weekly Plan'!F71 -> 99646 | H7: Black | I7: ='Weekly Plan'!G71 -> IR Cover RH | J7: =IF('Weekly Plan'!I71=0,"",'Weekly Plan'!I71) | K7: ='Weekly Plan'!A71 -> 20 | L7: =IFERROR(J7/K7,0) -> 0 | M7: ='Weekly Plan'!F96 -> 80933 | N7: ='Weekly Plan'!G96 -> Red - LH | O7: =IF('Weekly Plan'!I96=0,"",'Weekly Plan'!I96) | P7: ='Weekly Plan'!A96 -> 2 | Q7: =IFERROR(O7/P7,0) -> 0 | AC7: 4
A8: ='Weekly Plan'!F7 -> 705012868 | B8: Hyper Silver | C8: ='Weekly Plan'!G7 -> RH Fender | D8: =IF('Weekly Plan'!I7=0,"",'Weekly Plan'!I7) | E8: ='Weekly Plan'!A7 -> 2 | F8: =IFERROR(D8/E8,0) -> 0 | G8: ='Weekly Plan'!F72 -> 99635 | H8: Black | I8: ='Weekly Plan'!G72 -> Lateral Belt LH | J8: =IF('Weekly Plan'!I72=0,"",'Weekly Plan'!I72) | K8: ='Weekly Plan'!A72 -> 6 | L8: =IFERROR(J8/K8,0) -> 0 | M8: ='Weekly Plan'!F97 -> 80932 | N8: ='Weekly Plan'!G97 -> Red - RH | O8: =IF('Weekly Plan'!I97=0,"",'Weekly Plan'!I97) | P8: ='Weekly Plan'!A97 -> 2 | Q8: =IFERROR(O8/P8,0) -> 0 | AC8: 1
A9: ='Weekly Plan'!F8 -> 708003041 | B9: Hyper Silver | C9: ='Weekly Plan'!G8 -> Rear Fairing | D9: =IF('Weekly Plan'!I8=0,"",'Weekly Plan'!I8) | E9: ='Weekly Plan'!A8 -> 2 | F9: =IFERROR(D9/E9,0) -> 0 | G9: ='Weekly Plan'!F73 -> 99944 | H9: Black | I9: ='Weekly Plan'!G73 -> Lateral Belt RH | J9: =IF('Weekly Plan'!I73=0,"",'Weekly Plan'!I73) | K9: ='Weekly Plan'!A73 -> 6 | L9: =IFERROR(J9/K9,0) -> 0 | M9: ='Weekly Plan'!F98 -> Other | N9: ='Weekly Plan'!G98 -> White - LH | O9: =IF('Weekly Plan'!I98=0,"",'Weekly Plan'!I98) | P9: ='Weekly Plan'!A98 -> 2 | Q9: =IFERROR(O9/P9,0) -> 0 | AC9: 1
A10: ='Weekly Plan'!F9 -> 708200870 | B10: Hyper Silver | C10: ='Weekly Plan'!G9 -> LH Front Fairing | D10: =IF('Weekly Plan'!I9=0,"",'Weekly Plan'!I9) | E10: ='Weekly Plan'!A9 -> 1 | F10: =IFERROR(D10/E10,0) -> 0 | G10: ='Weekly Plan'!F74 -> 99636 | H10: Black | I10: ='Weekly Plan'!G74 -> Rear Belt | J10: =IF('Weekly Plan'!I74=0,"",'Weekly Plan'!I74) | K10: ='Weekly Plan'!A74 -> 20 | L10: =IFERROR(J10/K10,0) -> 0 | M10: ='Weekly Plan'!F99 -> Other | N10: ='Weekly Plan'!G99 -> White - RH | O10: =IF('Weekly Plan'!I99=0,"",'Weekly Plan'!I99) | P10: ='Weekly Plan'!A99 -> 2 | Q10: =IFERROR(O10/P10,0) -> 0 | AC10: 3
A11: ='Weekly Plan'!F10 -> 708200871 | B11: Hyper Silver | C11: ='Weekly Plan'!G10 -> RH Front Fairing | D11: =IF('Weekly Plan'!I10=0,"",'Weekly Plan'!I10) | E11: ='Weekly Plan'!A10 -> 1 | F11: =IFERROR(D11/E11,0) -> 0 | AC11: 3
A12: ='Weekly Plan'!F11 -> 708200869 | B12: Hyper Silver | C12: ='Weekly Plan'!G11 -> R66 Hood | D12: =IF('Weekly Plan'!I11=0,"",'Weekly Plan'!I11) | E12: ='Weekly Plan'!A11 -> 1 | F12: =IFERROR(D12/E12,0) -> 0 | G12: Summit White - Laval | M12: Seastar | AC12: 3
A13: ='Weekly Plan'!F12 -> 708302947 | B13: Hyper Silver | C13: ='Weekly Plan'!G12 -> LH Box Cover | D13: =IF('Weekly Plan'!I12=0,"",'Weekly Plan'!I12) | E13: ='Weekly Plan'!A12 -> 2 | F13: =IFERROR(D13/E13,0) -> 0 | G13: ='Weekly Plan'!F76 -> 99629 | H13: Summit White | I13: ='Weekly Plan'!G76 -> Main Lower Cover | J13: =IF('Weekly Plan'!I76=0,"",'Weekly Plan'!I76) | K13: ='Weekly Plan'!A76 -> 1 | L13: =IFERROR(J13/K13,0) -> 0 | M13: ='Weekly Plan'!F81 -> 0 | N13: ='Weekly Plan'!G81 -> Handles | O13: =IF('Weekly Plan'!I81=0,"",'Weekly Plan'!I81) | P13: ='Weekly Plan'!A81 -> 18 | Q13: =IFERROR(O13/P13,0) -> 0 | AC13: 4
A14: ='Weekly Plan'!F13 -> 708302948 | B14: Hyper Silver | C14: ='Weekly Plan'!G13 -> RH Box Cover | D14: =IF('Weekly Plan'!I13=0,"",'Weekly Plan'!I13) | E14: ='Weekly Plan'!A13 -> 2 | F14: =IFERROR(D14/E14,0) -> 0 | G14: ='Weekly Plan'!F77 -> 99631 | H14: Summit White | I14: ='Weekly Plan'!G77 -> Main Upper Cover | J14: =IF('Weekly Plan'!I77=0,"",'Weekly Plan'!I77) | K14: ='Weekly Plan'!A77 -> 1 | L14: =IFERROR(J14/K14,0) -> 0 | M14: ='Weekly Plan'!F82 -> 0 | N14: ='Weekly Plan'!G82 -> 0 | O14: =IF('Weekly Plan'!I82=0,"",'Weekly Plan'!I82) | P14: ='Weekly Plan'!A82 -> 0 | Q14: =IFERROR(O14/P14,0) -> 0 | AC14: 4
A15: ='Weekly Plan'!F14 -> 708303800 | B15: Hyper Silver | C15: ='Weekly Plan'!G14 -> LH F3T Panel | D15: =IF('Weekly Plan'!I14=0,"",'Weekly Plan'!I14) | E15: ='Weekly Plan'!A14 -> 4 | F15: =IFERROR(D15/E15,0) -> 0 | G15: ='Weekly Plan'!F78 -> 99638 | H15: Summit White | I15: ='Weekly Plan'!G78 -> Rear Plate | J15: =IF('Weekly Plan'!I78=0,"",'Weekly Plan'!I78) | K15: ='Weekly Plan'!A78 -> 20 | L15: =IFERROR(J15/K15,0) -> 0 | M15: ='Weekly Plan'!F83 -> 0 | N15: ='Weekly Plan'!G83 -> 0 | O15: =IF('Weekly Plan'!I83=0,"",'Weekly Plan'!I83) | P15: ='Weekly Plan'!A83 -> 0 | Q15: =IFERROR(O15/P15,0) -> 0 | AC15: 4
A16: ='Weekly Plan'!F15 -> 708303801 | B16: Hyper Silver | C16: ='Weekly Plan'!G15 -> RH F3T Panel | D16: =IF('Weekly Plan'!I15=0,"",'Weekly Plan'!I15) | E16: ='Weekly Plan'!A15 -> 4 | F16: =IFERROR(D16/E16,0) -> 0 | G16: ='Weekly Plan'!F79 -> 99630 | H16: Summit White | I16: ='Weekly Plan'!G79 -> Vent Cover | J16: =IF('Weekly Plan'!I79=0,"",'Weekly Plan'!I79) | K16: ='Weekly Plan'!A79 -> 1 | L16: =IFERROR(J16/K16,0) -> 0 | AC16: 2
A17: ='Weekly Plan'!F16 -> 708400461 | B17: Hyper Silver | C17: ='Weekly Plan'!G16 -> LH Mirror Shell -No Hole | D17: =IF('Weekly Plan'!I16=0,"",'Weekly Plan'!I16) | E17: ='Weekly Plan'!A16 -> 2 | F17: =IFERROR(D17/E17,0) -> 0 | M17: Manterra - Hyper Silver | AC17: 1
A18: ='Weekly Plan'!F17 -> 708400463 | B18: Hyper Silver | C18: ='Weekly Plan'!G17 -> RH Mirror Shell - No Hole | D18: =IF('Weekly Plan'!I17=0,"",'Weekly Plan'!I17) | E18: ='Weekly Plan'!A17 -> 2 | F18: =IFERROR(D18/E18,0) -> 0 | G18: British Green | M18: ='Weekly Plan'!F85 -> 0 | N18: ='Weekly Plan'!G85 -> Base Dual | O18: =IF('Weekly Plan'!I85=0,"",'Weekly Plan'!I85) | P18: ='Weekly Plan'!A85 -> 6 | Q18: =IFERROR(O18/P18,0) -> 0 | AC18: 1
G19: ='Weekly Plan'!F19 -> 705009213 | H19: British Green | I19: ='Weekly Plan'!G19 -> LH F3T Low Fairing | J19: =IF('Weekly Plan'!I19=0,"",'Weekly Plan'!I19) | K19: ='Weekly Plan'!A19 -> 2 | L19: =IFERROR(J19/K19,0) -> 0 | M19: ='Weekly Plan'!F86 -> 500458 | N19: ='Weekly Plan'!G86 -> Face Plate, DTM, SSR | O19: =IF('Weekly Plan'!I86=0,"",'Weekly Plan'!I86) | P19: ='Weekly Plan'!A86 -> 16 | Q19: =IFERROR(O19/P19,0) -> 0 | AC19: 1
A20: Deep Black | G20: ='Weekly Plan'!F20 -> 705009214 | H20: British Green | I20: ='Weekly Plan'!G20 -> RH F3T Low Fairing | J20: =IF('Weekly Plan'!I20=0,"",'Weekly Plan'!I20) | K20: ='Weekly Plan'!A20 -> 2 | L20: =IFERROR(J20/K20,0) -> 0 | M20: ='Weekly Plan'!F87 -> 500458 | N20: ='Weekly Plan'!G87 -> Face Plate, STM, SSR | O20: =IF('Weekly Plan'!I87=0,"",'Weekly Plan'!I87) | P20: ='Weekly Plan'!A87 -> 16 | Q20: =IFERROR(O20/P20,0) -> 0 | AC20: 2
A21: ='Weekly Plan'!F34 -> 708400287 | B21: Deep Black | C21: ='Weekly Plan'!G34 -> Tank Cover | D21: =IF('Weekly Plan'!I34=0,"",'Weekly Plan'!I34) | E21: ='Weekly Plan'!A34 -> 2 | F21: =IFERROR(D21/E21,0) -> 0 | G21: ='Weekly Plan'!F21 -> 705010835 | H21: British Green | I21: ='Weekly Plan'!G21 -> RH Fairing | J21: =IF('Weekly Plan'!I21=0,"",'Weekly Plan'!I21) | K21: ='Weekly Plan'!A21 -> 1 | L21: =IFERROR(J21/K21,0) -> 0 | AC21: 1
A22: ='Weekly Plan'!F35 -> 705019189 | B22: Deep Black | C22: ='Weekly Plan'!G35 -> New Tank Cover | D22: =IF('Weekly Plan'!I35=0,"",'Weekly Plan'!I35) | E22: ='Weekly Plan'!A35 -> 2 | F22: =IFERROR(D22/E22,0) -> 0 | G22: ='Weekly Plan'!F22 -> 705010851 | H22: British Green | I22: ='Weekly Plan'!G22 -> LH Fairing | J22: =IF('Weekly Plan'!I22=0,"",'Weekly Plan'!I22) | K22: ='Weekly Plan'!A22 -> 1 | L22: =IFERROR(J22/K22,0) -> 0 | M22: Falcon Lakeside Hyper Silver | AC22: 2
A23: ='Weekly Plan'!F36 -> 708001528 | B23: Deep Black | C23: ='Weekly Plan'!G36 -> Tail Fairing | D23: =IF('Weekly Plan'!I36=0,"",'Weekly Plan'!I36) | E23: ='Weekly Plan'!A36 -> 2 | F23: =IFERROR(D23/E23,0) -> 0 | G23: ='Weekly Plan'!F23 -> 705012976 | H23: British Green | I23: ='Weekly Plan'!G23 -> LH Fender | J23: =IF('Weekly Plan'!I23=0,"",'Weekly Plan'!I23) | K23: ='Weekly Plan'!A23 -> 2 | L23: =IFERROR(J23/K23,0) -> 0 | M23: ='Weekly Plan'!F89 -> 2650 | N23: ='Weekly Plan'!G89 -> LH Side Puck | O23: =IF('Weekly Plan'!I89=0,"",'Weekly Plan'!I89) | P23: ='Weekly Plan'!A89 -> 6 | Q23: =IFERROR(O23/P23,0) -> 0 | AC23: 1
A24: ='Weekly Plan'!F37 -> 708400069 | B24: Deep Black | C24: ='Weekly Plan'!G37 -> RH Consol Fairing | D24: =IF('Weekly Plan'!I37=0,"",'Weekly Plan'!I37) | E24: ='Weekly Plan'!A37 -> 2 | F24: =IFERROR(D24/E24,0) -> 0 | G24: ='Weekly Plan'!F24 -> 705012868 | H24: British Green | I24: ='Weekly Plan'!G24 -> RH Fender | J24: =IF('Weekly Plan'!I24=0,"",'Weekly Plan'!I24) | K24: ='Weekly Plan'!A24 -> 2 | L24: =IFERROR(J24/K24,0) -> 0 | M24: ='Weekly Plan'!F90 -> 2651 | N24: ='Weekly Plan'!G90 -> RH Side Puck | O24: =IF('Weekly Plan'!I90=0,"",'Weekly Plan'!I90) | P24: ='Weekly Plan'!A90 -> 6 | Q24: =IFERROR(O24/P24,0) -> 0 | AC24: 2
A25: ='Weekly Plan'!F38 -> 708400067 | B25: Deep Black | C25: ='Weekly Plan'!G38 -> LH Consol Fairing | D25: =IF('Weekly Plan'!I38=0,"",'Weekly Plan'!I38) | E25: ='Weekly Plan'!A38 -> 2 | F25: =IFERROR(D25/E25,0) -> 0 | G25: ='Weekly Plan'!F25 -> 708200366 | H25: British Green | I25: ='Weekly Plan'!G25 -> Hood | J25: =IF('Weekly Plan'!I25=0,"",'Weekly Plan'!I25) | K25: ='Weekly Plan'!A25 -> 1 | L25: =IFERROR(J25/K25,0) -> 0 | M25: ='Weekly Plan'!F91 -> 2647 | N25: ='Weekly Plan'!G91 -> Front Puck | O25: =IF('Weekly Plan'!I91=0,"",'Weekly Plan'!I91) | P25: ='Weekly Plan'!A91 -> 6 | Q25: =IFERROR(O25/P25,0) -> 0 | R25: 18 | AC25: 1
A26: ='Weekly Plan'!F39 -> 708400956 | B26: Deep Black | C26: ='Weekly Plan'!G39 -> New LH Console Panel | D26: =IF('Weekly Plan'!I39=0,"",'Weekly Plan'!I39) | E26: ='Weekly Plan'!A39 -> 2 | F26: =IFERROR(D26/E26,0) -> 0 | G26: ='Weekly Plan'!F26 -> 708200401 | H26: British Green | I26: ='Weekly Plan'!G26 -> LH Vent Panel | J26: =IF('Weekly Plan'!I26=0,"",'Weekly Plan'!I26) | K26: ='Weekly Plan'!A26 -> 2 | L26: =IFERROR(J26/K26,0) -> 0 | M26: ='Weekly Plan'!F92 -> 0 | N26: ='Weekly Plan'!G92 -> 0 | O26: =IF('Weekly Plan'!I92=0,"",'Weekly Plan'!I92) | P26: ='Weekly Plan'!A92 -> 0 | Q26: =IFERROR(O26/P26,0) -> 0 | AC26: 1
A27: ='Weekly Plan'!F40 -> 708400957 | B27: Deep Black | C27: ='Weekly Plan'!G40 -> New RH Console Panel | D27: =IF('Weekly Plan'!I40=0,"",'Weekly Plan'!I40) | E27: ='Weekly Plan'!A40 -> 2 | F27: =IFERROR(D27/E27,0) -> 0 | G27: ='Weekly Plan'!F27 -> 708200402 | H27: British Green | I27: ='Weekly Plan'!G27 -> RH Vent Panel | J27: =IF('Weekly Plan'!I27=0,"",'Weekly Plan'!I27) | K27: ='Weekly Plan'!A27 -> 2 | L27: =IFERROR(J27/K27,0) -> 0 | P27: ='Weekly Plan'!A93 -> 0 | AC27: 1
A28: ='Weekly Plan'!F41 -> 708400722 | B28: Deep Black | C28: ='Weekly Plan'!G41 -> New Nose Fairing | D28: =IF('Weekly Plan'!I41=0,"",'Weekly Plan'!I41) | E28: ='Weekly Plan'!A41 -> 2 | F28: =IFERROR(D28/E28,0) -> 0 | G28: ='Weekly Plan'!F28 -> 708200698 | H28: British Green | I28: ='Weekly Plan'!G28 -> Fascia | J28: =IF('Weekly Plan'!I28=0,"",'Weekly Plan'!I28) | K28: ='Weekly Plan'!A28 -> 1 | L28: =IFERROR(J28/K28,0) -> 0 | M28: Tesla - High Gloss Black | P28: ='Weekly Plan'!A94 -> 2 | AC28: 2
A29: ='Weekly Plan'!F42 -> 708400721 | B29: Deep Black | C29: ='Weekly Plan'!G42 -> New Tail Fairing | D29: =IF('Weekly Plan'!I42=0,"",'Weekly Plan'!I42) | E29: ='Weekly Plan'!A42 -> 8 | F29: =IFERROR(D29/E29,0) -> 0 | G29: ='Weekly Plan'!F29 -> 708301214 | H29: British Green | I29: ='Weekly Plan'!G29 -> LH Cover | J29: =IF('Weekly Plan'!I29=0,"",'Weekly Plan'!I29) | K29: ='Weekly Plan'!A29 -> 1 | L29: =IFERROR(J29/K29,0) -> 0 | M29: ='Weekly Plan'!F101 -> 9929 | N29: ='Weekly Plan'!G101 -> MS Applique | O29: =IF('Weekly Plan'!I101=0,"",'Weekly Plan'!I101) | P29: ='Weekly Plan'!A101 -> 6 | Q29: =IFERROR(O29/P29,0) -> 0 | R29: 21
A30: ='Weekly Plan'!F43 -> 708400462 | B30: Deep Black | C30: ='Weekly Plan'!G43 -> LH Mirror Shell | D30: =IF('Weekly Plan'!I43=0,"",'Weekly Plan'!I43) | E30: ='Weekly Plan'!A43 -> 2 | F30: =IFERROR(D30/E30,0) -> 0 | G30: ='Weekly Plan'!F30 -> 708301215 | H30: British Green | I30: ='Weekly Plan'!G30 -> RH Cover | J30: =IF('Weekly Plan'!I30=0,"",'Weekly Plan'!I30) | K30: ='Weekly Plan'!A30 -> 1 | L30: =IFERROR(J30/K30,0) -> 0 | M30: ='Weekly Plan'!F102 -> 9931 | N30: ='Weekly Plan'!G102 -> MX Applique | O30: =IF('Weekly Plan'!I102=0,"",'Weekly Plan'!I102) | P30: ='Weekly Plan'!A102 -> 6 | Q30: =IFERROR(O30/P30,0) -> 0 | AC30: 1
A31: ='Weekly Plan'!F44 -> 708400464 | B31: Deep Black | C31: ='Weekly Plan'!G44 -> RH Mirror Shell | D31: =IF('Weekly Plan'!I44=0,"",'Weekly Plan'!I44) | E31: ='Weekly Plan'!A44 -> 2 | F31: =IFERROR(D31/E31,0) -> 0 | G31: ='Weekly Plan'!F31 -> 708303800 | H31: British Green | I31: ='Weekly Plan'!G31 -> LH F3T Panel | J31: =IF('Weekly Plan'!I31=0,"",'Weekly Plan'!I31) | K31: ='Weekly Plan'!A31 -> 4 | L31: =IFERROR(J31/K31,0) -> 0 | M31: ='Weekly Plan'!F103 -> 0 | N31: ='Weekly Plan'!G103 -> MS Applique Rework | O31: =IF('Weekly Plan'!I103=0,"",'Weekly Plan'!I103) | P31: ='Weekly Plan'!A103 -> 6 | Q31: =IFERROR(O31/P31,0) -> 0 | AC31: 1
A32: ='Weekly Plan'!F45 -> 708400461 | B32: Deep Black | C32: ='Weekly Plan'!G45 -> LH Mirror Shell - No Hole | D32: =IF('Weekly Plan'!I45=0,"",'Weekly Plan'!I45) | E32: ='Weekly Plan'!A45 -> 2 | F32: =IFERROR(D32/E32,0) -> 0 | G32: ='Weekly Plan'!F32 -> 708303801 | H32: British Green | I32: ='Weekly Plan'!G32 -> RH F3T Panel | J32: =IF('Weekly Plan'!I32=0,"",'Weekly Plan'!I32) | K32: ='Weekly Plan'!A32 -> 4 | L32: =IFERROR(J32/K32,0) -> 0 | M32: ='Weekly Plan'!F104 -> 0 | N32: ='Weekly Plan'!G104 -> MX Applique Rework | O32: =IF('Weekly Plan'!I104=0,"",'Weekly Plan'!I104) | P32: ='Weekly Plan'!A104 -> 6 | Q32: =IFERROR(O32/P32,0) -> 0 | AC32: 1
A33: ='Weekly Plan'!F46 -> 708400463 | B33: Deep Black | C33: ='Weekly Plan'!G46 -> RH Mirror Shell - No Hole | D33: =IF('Weekly Plan'!I46=0,"",'Weekly Plan'!I46) | E33: ='Weekly Plan'!A46 -> 2 | F33: =IFERROR(D33/E33,0) -> 0 | K33: ='Weekly Plan'!A33 -> 0 | L33: =IFERROR(J33/K33,0) -> 0 | AC33: 1
A34: ='Weekly Plan'!F47 -> 705012976 | B34: Deep Black | C34: ='Weekly Plan'!G47 -> LH Fender | D34: =IF('Weekly Plan'!I47=0,"",'Weekly Plan'!I47) | E34: ='Weekly Plan'!A47 -> 2 | F34: =IFERROR(D34/E34,0) -> 0 | AC34: 2
A35: ='Weekly Plan'!F48 -> 705012868 | B35: Deep Black | C35: ='Weekly Plan'!G48 -> RH Fender | D35: =IF('Weekly Plan'!I48=0,"",'Weekly Plan'!I48) | E35: ='Weekly Plan'!A48 -> 2 | F35: =IFERROR(D35/E35,0) -> 0 | G35: Comments | M35: Colour | N35: Time (mins) | R35: 4 | AC35: 1
A36: ='Weekly Plan'!F49 -> 705011169 | B36: Deep Black | C36: ='Weekly Plan'!G49 -> LH Scoop | D36: =IF('Weekly Plan'!I49=0,"",'Weekly Plan'!I49) | E36: ='Weekly Plan'!A49 -> 2 | F36: =IFERROR(D36/E36,0) -> 0 | M36: =A4 -> Hyper Silver | N36: =SUM(F5:F18) -> 0 | R36: 2 | AC36: 1
A37: ='Weekly Plan'!F50 -> 705011170 | B37: Deep Black | C37: ='Weekly Plan'!G50 -> RH Scoop | D37: =IF('Weekly Plan'!I50=0,"",'Weekly Plan'!I50) | E37: ='Weekly Plan'!A50 -> 2 | F37: =IFERROR(D37/E37,0) -> 0 | M37: =A20 -> Deep Black | N37: =SUM(F21:F39) -> 0 | AC37: 1
A38: ='Weekly Plan'!F51 -> 708400261 | B38: Deep Black | C38: ='Weekly Plan'!G51 -> LH Access Panel | D38: =IF('Weekly Plan'!I51=0,"",'Weekly Plan'!I51) | E38: ='Weekly Plan'!A51 -> 3 | F38: =IFERROR(D38/E38,0) -> 0 | M38: =G18 -> British Green | N38: =SUM(L19:L32) -> 0 | R38: 1 | AC38: 1
A39: ='Weekly Plan'!F52 -> 708400262 | B39: Deep Black | C39: ='Weekly Plan'!G52 -> RH Access Panel | D39: =IF('Weekly Plan'!I52=0,"",'Weekly Plan'!I52) | E39: ='Weekly Plan'!A52 -> 3 | F39: =IFERROR(D39/E39,0) -> 0 | M39: =A44 -> Vegas White | N39: =SUM(F45:F56) -> 0 | AC39: 4
D40: =IF('Weekly Plan'!H52=0,"",'Weekly Plan'!H52) | E40: ='Weekly Plan'!A53 -> 0 | F40: =IFERROR(D41/E40,0) -> 0 | M40: =G4 -> Black - Laval | N40: =SUM(L5:L10) -> 0 | R40: 4 | AC40: 2
D41: =IF('Weekly Plan'!H53=0,"",'Weekly Plan'!H53) | E41: ='Weekly Plan'!A54 -> 0 | F41: =IFERROR(D42/E41,0) -> 0 | M41: =G12 -> Summit White - Laval | N41: =SUM(L13:L16) -> 0 | R41: 2 | AC41: 1
D42: =IF('Weekly Plan'!H54=0,"",'Weekly Plan'!H54) | M42: =M4 -> Mitchell Plastics | N42: =SUM(Q5:Q10) -> 0 | R42: 1 | AC42: 4
M43: =M12 -> Seastar | N43: =SUM(Q13:Q15) -> 0 | R43: 1 | AC43: 2
A44: Vegas White | E44: ='Weekly Plan'!A56 -> 2 | F44: =IFERROR(D45/E44,0) -> 0 | M44: =M17 -> Manterra - Hyper Silver | N44: =SUM(Q18:Q20) -> 0 | AC44: 1
A45: ='Weekly Plan'!F56 -> 705009213 | B45: Vegas White | C45: ='Weekly Plan'!G56 -> LH F3T Low Fairing | D45: =IF('Weekly Plan'!I56=0,"",'Weekly Plan'!I56) | E45: ='Weekly Plan'!A56 -> 2 | F45: =IFERROR(D45/E45,0) -> 0 | M45: =M22 -> Falcon Lakeside Hyper Silver | N45: =SUM(Q23:Q26) -> 0 | AC45: 1
A46: ='Weekly Plan'!F57 -> 705009214 | B46: Vegas White | C46: ='Weekly Plan'!G57 -> RH F3T Low Fairing | D46: =IF('Weekly Plan'!I57=0,"",'Weekly Plan'!I57) | E46: ='Weekly Plan'!A57 -> 2 | F46: =IFERROR(D46/E46,0) -> 0 | M46: =M28 -> Tesla - High Gloss Black | N46: =SUM(Q29:Q32) -> 0 | AC46: 1
A47: ='Weekly Plan'!F58 -> 705010835 | B47: Vegas White | C47: ='Weekly Plan'!G58 -> RH Fairing | D47: =IF('Weekly Plan'!I58=0,"",'Weekly Plan'!I58) | E47: ='Weekly Plan'!A58 -> 1 | F47: =IFERROR(D47/E47,0) -> 0 | AC47: 4
A48: ='Weekly Plan'!F59 -> 705010851 | B48: Vegas White | C48: ='Weekly Plan'!G59 -> LH Fairing | D48: =IF('Weekly Plan'!I59=0,"",'Weekly Plan'!I59) | E48: ='Weekly Plan'!A59 -> 1 | F48: =IFERROR(D48/E48,0) -> 0 | AC48: 2
A49: ='Weekly Plan'!F60 -> 705012976 | B49: Vegas White | C49: ='Weekly Plan'!G60 -> LH Fender | D49: =IF('Weekly Plan'!I60=0,"",'Weekly Plan'!I60) | E49: ='Weekly Plan'!A60 -> 2 | F49: =IFERROR(D49/E49,0) -> 0 | AC49: 1
A50: ='Weekly Plan'!F61 -> 705012868 | B50: Vegas White | C50: ='Weekly Plan'!G61 -> RH Fender | D50: =IF('Weekly Plan'!I61=0,"",'Weekly Plan'!I61) | E50: ='Weekly Plan'!A61 -> 2 | F50: =IFERROR(D50/E50,0) -> 0 | M50: Total: | N50: =SUM(N36:N49) -> 0 | AC50: 1
A51: ='Weekly Plan'!F62 -> 708200366 | B51: Vegas White | C51: ='Weekly Plan'!G62 -> Hood | D51: =IF('Weekly Plan'!I62=0,"",'Weekly Plan'!I62) | E51: ='Weekly Plan'!A62 -> 1 | F51: =IFERROR(D51/E51,0) -> 0 | AC51: 4
A52: ='Weekly Plan'!F63 -> 708200401 | B52: Vegas White | C52: ='Weekly Plan'!G63 -> LH Vent Panel | D52: =IF('Weekly Plan'!I63=0,"",'Weekly Plan'!I63) | E52: ='Weekly Plan'!A63 -> 2 | F52: =IFERROR(D52/E52,0) -> 0 | M52: Gaps | N52: =(COUNTIF(N36:N49, ">0")-1)*(IF(N50>0, 12, 0)) -> 0 | AC52: 2
A53: ='Weekly Plan'!F64 -> 708200402 | B53: Vegas White | C53: ='Weekly Plan'!G64 -> RH Vent Panel | D53: =IF('Weekly Plan'!I64=0,"",'Weekly Plan'!I64) | E53: ='Weekly Plan'!A64 -> 2 | F53: =IFERROR(D53/E53,0) -> 0 | AC53: 1
A54: ='Weekly Plan'!F65 -> 708200698 | B54: Vegas White | C54: ='Weekly Plan'!G65 -> Fascia | D54: =IF('Weekly Plan'!I65=0,"",'Weekly Plan'!I65) | E54: ='Weekly Plan'!A65 -> 1 | F54: =IFERROR(D54/E54,0) -> 0 | M54: Total Time (hrs) | N54: =(N50+N52)/60 -> 0 | AC54: 4
A55: ='Weekly Plan'!F66 -> 708301214 | B55: Vegas White | C55: ='Weekly Plan'!G66 -> LH Cover | D55: =IF('Weekly Plan'!I66=0,"",'Weekly Plan'!I66) | E55: ='Weekly Plan'!A66 -> 1 | F55: =IFERROR(D55/E55,0) -> 0 | AC55: 2
A56: ='Weekly Plan'!F67 -> 708301215 | B56: Vegas White | C56: ='Weekly Plan'!G67 -> RH Cover | D56: =IF('Weekly Plan'!I67=0,"",'Weekly Plan'!I67) | E56: ='Weekly Plan'!A67 -> 1 | F56: =IFERROR(D56/E56,0) -> 0 | AC56: 1
AC57: 1
AC58: 1
AC59: 4
AC60: 2
AC61: 1
K79: =14*12 -> 168

Sheet Wed (103)
A1: 103 LINE LOAD SHEET | J1: Date: | M1: ='Weekly Plan'!J1 -> 45301
A2: Order of Colours:
A4: Hyper Silver | G4: Black - Laval | M4: Mitchell Plastics
A5: ='Weekly Plan'!F4 -> 705014100 | B5: Hyper Silver | C5: ='Weekly Plan'!G4 -> LH Upper Fairing | D5: =IF('Weekly Plan'!J4=0,"",'Weekly Plan'!J4) | E5: ='Weekly Plan'!A4 -> 2 | F5: =IFERROR(D5/E5,0) -> 0 | G5: ='Weekly Plan'!F69 -> 99944 | H5: Black | I5: ='Weekly Plan'!G69 -> Bezel | J5: =IF('Weekly Plan'!J69=0,"",'Weekly Plan'!J69) | K5: ='Weekly Plan'!A69 -> 2 | L5: =IFERROR(J5/K5,0) -> 0 | M5: ='Weekly Plan'!F94 -> 80931 | N5: ='Weekly Plan'!G94 -> Black - LH | O5: =IF('Weekly Plan'!J94=0,"",'Weekly Plan'!J94) | P5: ='Weekly Plan'!A94 -> 2 | Q5: =IFERROR(O5/P5,0) -> 0 | AC5: 3
A6: ='Weekly Plan'!F5 -> 705014101 | B6: Hyper Silver | C6: ='Weekly Plan'!G5 -> RH Upper Fairing | D6: =IF('Weekly Plan'!J5=0,"",'Weekly Plan'!J5) | E6: ='Weekly Plan'!A5 -> 2 | F6: =IFERROR(D6/E6,0) -> 0 | G6: ='Weekly Plan'!F70 -> 99633 | H6: Black | I6: ='Weekly Plan'!G70 -> IR Cover LH | J6: =IF('Weekly Plan'!J70=0,"",'Weekly Plan'!J70) | K6: ='Weekly Plan'!A70 -> 20 | L6: =IFERROR(J6/K6,0) -> 0 | M6: ='Weekly Plan'!F95 -> 80930 | N6: ='Weekly Plan'!G95 -> Black - RH | O6: =IF('Weekly Plan'!J95=0,"",'Weekly Plan'!J95) | P6: ='Weekly Plan'!A95 -> 2 | Q6: =IFERROR(O6/P6,0) -> 0 | AC6: 4
A7: ='Weekly Plan'!F6 -> 705012976 | B7: Hyper Silver | C7: ='Weekly Plan'!G6 -> LH Fender | D7: =IF('Weekly Plan'!J6=0,"",'Weekly Plan'!J6) | E7: ='Weekly Plan'!A6 -> 2 | F7: =IFERROR(D7/E7,0) -> 0 | G7: ='Weekly Plan'!F71 -> 99646 | H7: Black | I7: ='Weekly Plan'!G71 -> IR Cover RH | J7: =IF('Weekly Plan'!J71=0,"",'Weekly Plan'!J71) | K7: ='Weekly Plan'!A71 -> 20 | L7: =IFERROR(J7/K7,0) -> 0 | M7: ='Weekly Plan'!F96 -> 80933 | N7: ='Weekly Plan'!G96 -> Red - LH | O7: =IF('Weekly Plan'!J96=0,"",'Weekly Plan'!J96) | P7: ='Weekly Plan'!A96 -> 2 | Q7: =IFERROR(O7/P7,0) -> 0 | AC7: 4
A8: ='Weekly Plan'!F7 -> 705012868 | B8: Hyper Silver | C8: ='Weekly Plan'!G7 -> RH Fender | D8: =IF('Weekly Plan'!J7=0,"",'Weekly Plan'!J7) | E8: ='Weekly Plan'!A7 -> 2 | F8: =IFERROR(D8/E8,0) -> 0 | G8: ='Weekly Plan'!F72 -> 99635 | H8: Black | I8: ='Weekly Plan'!G72 -> Lateral Belt LH | J8: =IF('Weekly Plan'!J72=0,"",'Weekly Plan'!J72) | K8: ='Weekly Plan'!A72 -> 6 | L8: =IFERROR(J8/K8,0) -> 0 | M8: ='Weekly Plan'!F97 -> 80932 | N8: ='Weekly Plan'!G97 -> Red - RH | O8: =IF('Weekly Plan'!J97=0,"",'Weekly Plan'!J97) | P8: ='Weekly Plan'!A97 -> 2 | Q8: =IFERROR(O8/P8,0) -> 0 | AC8: 1
A9: ='Weekly Plan'!F8 -> 708003041 | B9: Hyper Silver | C9: ='Weekly Plan'!G8 -> Rear Fairing | D9: =IF('Weekly Plan'!J8=0,"",'Weekly Plan'!J8) | E9: ='Weekly Plan'!A8 -> 2 | F9: =IFERROR(D9/E9,0) -> 0 | G9: ='Weekly Plan'!F73 -> 99944 | H9: Black | I9: ='Weekly Plan'!G73 -> Lateral Belt RH | J9: =IF('Weekly Plan'!J73=0,"",'Weekly Plan'!J73) | K9: ='Weekly Plan'!A73 -> 6 | L9: =IFERROR(J9/K9,0) -> 0 | M9: ='Weekly Plan'!F98 -> Other | N9: ='Weekly Plan'!G98 -> White - LH | O9: =IF('Weekly Plan'!J98=0,"",'Weekly Plan'!J98) | P9: ='Weekly Plan'!A98 -> 2 | Q9: =IFERROR(O9/P9,0) -> 0 | AC9: 1
A10: ='Weekly Plan'!F9 -> 708200870 | B10: Hyper Silver | C10: ='Weekly Plan'!G9 -> LH Front Fairing | D10: =IF('Weekly Plan'!J9=0,"",'Weekly Plan'!J9) | E10: ='Weekly Plan'!A9 -> 1 | F10: =IFERROR(D10/E10,0) -> 0 | G10: ='Weekly Plan'!F74 -> 99636 | H10: Black | I10: ='Weekly Plan'!G74 -> Rear Belt | J10: =IF('Weekly Plan'!J74=0,"",'Weekly Plan'!J74) | K10: ='Weekly Plan'!A74 -> 20 | L10: =IFERROR(J10/K10,0) -> 0 | M10: ='Weekly Plan'!F99 -> Other | N10: ='Weekly Plan'!G99 -> White - RH | O10: =IF('Weekly Plan'!J99=0,"",'Weekly Plan'!J99) | P10: ='Weekly Plan'!A99 -> 2 | Q10: =IFERROR(O10/P10,0) -> 0 | AC10: 3
A11: ='Weekly Plan'!F10 -> 708200871 | B11: Hyper Silver | C11: ='Weekly Plan'!G10 -> RH Front Fairing | D11: =IF('Weekly Plan'!J10=0,"",'Weekly Plan'!J10) | E11: ='Weekly Plan'!A10 -> 1 | F11: =IFERROR(D11/E11,0) -> 0 | AC11: 3
A12: ='Weekly Plan'!F11 -> 708200869 | B12: Hyper Silver | C12: ='Weekly Plan'!G11 -> R66 Hood | D12: =IF('Weekly Plan'!J11=0,"",'Weekly Plan'!J11) | E12: ='Weekly Plan'!A11 -> 1 | F12: =IFERROR(D12/E12,0) -> 0 | G12: Summit White - Laval | M12: Seastar | AC12: 3
A13: ='Weekly Plan'!F12 -> 708302947 | B13: Hyper Silver | C13: ='Weekly Plan'!G12 -> LH Box Cover | D13: =IF('Weekly Plan'!J12=0,"",'Weekly Plan'!J12) | E13: ='Weekly Plan'!A12 -> 2 | F13: =IFERROR(D13/E13,0) -> 0 | G13: ='Weekly Plan'!F76 -> 99629 | H13: Summit White | I13: ='Weekly Plan'!G76 -> Main Lower Cover | J13: =IF('Weekly Plan'!J76=0,"",'Weekly Plan'!J76) | K13: ='Weekly Plan'!A76 -> 1 | L13: =IFERROR(J13/K13,0) -> 0 | M13: ='Weekly Plan'!F81 -> 0 | N13: ='Weekly Plan'!G81 -> Handles | O13: =IF('Weekly Plan'!J81=0,"",'Weekly Plan'!J81) | P13: ='Weekly Plan'!A81 -> 18 | Q13: =IFERROR(O13/P13,0) -> 0 | AC13: 4
A14: ='Weekly Plan'!F13 -> 708302948 | B14: Hyper Silver | C14: ='Weekly Plan'!G13 -> RH Box Cover | D14: =IF('Weekly Plan'!J13=0,"",'Weekly Plan'!J13) | E14: ='Weekly Plan'!A13 -> 2 | F14: =IFERROR(D14/E14,0) -> 0 | G14: ='Weekly Plan'!F77 -> 99631 | H14: Summit White | I14: ='Weekly Plan'!G77 -> Main Upper Cover | J14: =IF('Weekly Plan'!J77=0,"",'Weekly Plan'!J77) | K14: ='Weekly Plan'!A77 -> 1 | L14: =IFERROR(J14/K14,0) -> 0 | M14: ='Weekly Plan'!F82 -> 0 | N14: ='Weekly Plan'!G82 -> 0 | O14: =IF('Weekly Plan'!J82=0,"",'Weekly Plan'!J82) | P14: ='Weekly Plan'!A82 -> 0 | Q14: =IFERROR(O14/P14,0) -> 0 | AC14: 4
A15: ='Weekly Plan'!F14 -> 708303800 | B15: Hyper Silver | C15: ='Weekly Plan'!G14 -> LH F3T Panel | D15: =IF('Weekly Plan'!J14=0,"",'Weekly Plan'!J14) | E15: ='Weekly Plan'!A14 -> 4 | F15: =IFERROR(D15/E15,0) -> 0 | G15: ='Weekly Plan'!F78 -> 99638 | H15: Summit White | I15: ='Weekly Plan'!G78 -> Rear Plate | J15: =IF('Weekly Plan'!J78=0,"",'Weekly Plan'!J78) | K15: ='Weekly Plan'!A78 -> 20 | L15: =IFERROR(J15/K15,0) -> 0 | M15: ='Weekly Plan'!F83 -> 0 | N15: ='Weekly Plan'!G83 -> 0 | O15: =IF('Weekly Plan'!J83=0,"",'Weekly Plan'!J83) | P15: ='Weekly Plan'!A83 -> 0 | Q15: =IFERROR(O15/P15,0) -> 0 | AC15: 4
A16: ='Weekly Plan'!F15 -> 708303801 | B16: Hyper Silver | C16: ='Weekly Plan'!G15 -> RH F3T Panel | D16: =IF('Weekly Plan'!J15=0,"",'Weekly Plan'!J15) | E16: ='Weekly Plan'!A15 -> 4 | F16: =IFERROR(D16/E16,0) -> 0 | G16: ='Weekly Plan'!F79 -> 99630 | H16: Summit White | I16: ='Weekly Plan'!G79 -> Vent Cover | J16: =IF('Weekly Plan'!J79=0,"",'Weekly Plan'!J79) | K16: ='Weekly Plan'!A79 -> 1 | L16: =IFERROR(J16/K16,0) -> 0 | AC16: 2
A17: ='Weekly Plan'!F16 -> 708400461 | B17: Hyper Silver | C17: ='Weekly Plan'!G16 -> LH Mirror Shell -No Hole | D17: =IF('Weekly Plan'!J16=0,"",'Weekly Plan'!J16) | E17: ='Weekly Plan'!A16 -> 2 | F17: =IFERROR(D17/E17,0) -> 0 | M17: Manterra - Hyper Silver | AC17: 1
A18: ='Weekly Plan'!F17 -> 708400463 | B18: Hyper Silver | C18: ='Weekly Plan'!G17 -> RH Mirror Shell - No Hole | D18: =IF('Weekly Plan'!J17=0,"",'Weekly Plan'!J17) | E18: ='Weekly Plan'!A17 -> 2 | F18: =IFERROR(D18/E18,0) -> 0 | G18: British Green | M18: ='Weekly Plan'!F85 -> 0 | N18: ='Weekly Plan'!G85 -> Base Dual | O18: =IF('Weekly Plan'!J85=0,"",'Weekly Plan'!J85) | P18: ='Weekly Plan'!A85 -> 6 | Q18: =IFERROR(O18/P18,0) -> 0 | AC18: 1
G19: ='Weekly Plan'!F19 -> 705009213 | H19: British Green | I19: ='Weekly Plan'!G19 -> LH F3T Low Fairing | J19: =IF('Weekly Plan'!J19=0,"",'Weekly Plan'!J19) | K19: ='Weekly Plan'!A19 -> 2 | L19: =IFERROR(J19/K19,0) -> 0 | M19: ='Weekly Plan'!F86 -> 500458 | N19: ='Weekly Plan'!G86 -> Face Plate, DTM, SSR | O19: =IF('Weekly Plan'!J86=0,"",'Weekly Plan'!J86) | P19: ='Weekly Plan'!A86 -> 16 | Q19: =IFERROR(O19/P19,0) -> 0 | AC19: 1
A20: Deep Black | G20: ='Weekly Plan'!F20 -> 705009214 | H20: British Green | I20: ='Weekly Plan'!G20 -> RH F3T Low Fairing | J20: =IF('Weekly Plan'!J20=0,"",'Weekly Plan'!J20) | K20: ='Weekly Plan'!A20 -> 2 | L20: =IFERROR(J20/K20,0) -> 0 | M20: ='Weekly Plan'!F87 -> 500458 | N20: ='Weekly Plan'!G87 -> Face Plate, STM, SSR | O20: =IF('Weekly Plan'!J87=0,"",'Weekly Plan'!J87) | P20: ='Weekly Plan'!A87 -> 16 | Q20: =IFERROR(O20/P20,0) -> 0 | AC20: 2
A21: ='Weekly Plan'!F34 -> 708400287 | B21: Deep Black | C21: ='Weekly Plan'!G34 -> Tank Cover | D21: =IF('Weekly Plan'!J34=0,"",'Weekly Plan'!J34) | E21: ='Weekly Plan'!A34 -> 2 | F21: =IFERROR(D21/E21,0) -> 0 | G21: ='Weekly Plan'!F21 -> 705010835 | H21: British Green | I21: ='Weekly Plan'!G21 -> RH Fairing | J21: =IF('Weekly Plan'!J21=0,"",'Weekly Plan'!J21) | K21: ='Weekly Plan'!A21 -> 1 | L21: =IFERROR(J21/K21,0) -> 0 | AC21: 1
A22: ='Weekly Plan'!F35 -> 705019189 | B22: Deep Black | C22: ='Weekly Plan'!G35 -> New Tank Cover | D22: =IF('Weekly Plan'!J35=0,"",'Weekly Plan'!J35) | E22: ='Weekly Plan'!A35 -> 2 | F22: =IFERROR(D22/E22,0) -> 0 | G22: ='Weekly Plan'!F22 -> 705010851 | H22: British Green | I22: ='Weekly Plan'!G22 -> LH Fairing | J22: =IF('Weekly Plan'!J22=0,"",'Weekly Plan'!J22) | K22: ='Weekly Plan'!A22 -> 1 | L22: =IFERROR(J22/K22,0) -> 0 | M22: Falcon Lakeside Hyper Silver | AC22: 2
A23: ='Weekly Plan'!F36 -> 708001528 | B23: Deep Black | C23: ='Weekly Plan'!G36 -> Tail Fairing | D23: =IF('Weekly Plan'!J36=0,"",'Weekly Plan'!J36) | E23: ='Weekly Plan'!A36 -> 2 | F23: =IFERROR(D23/E23,0) -> 0 | G23: ='Weekly Plan'!F23 -> 705012976 | H23: British Green | I23: ='Weekly Plan'!G23 -> LH Fender | J23: =IF('Weekly Plan'!J23=0,"",'Weekly Plan'!J23) | K23: ='Weekly Plan'!A23 -> 2 | L23: =IFERROR(J23/K23,0) -> 0 | M23: ='Weekly Plan'!F89 -> 2650 | N23: ='Weekly Plan'!G89 -> LH Side Puck | O23: =IF('Weekly Plan'!J89=0,"",'Weekly Plan'!J89) | P23: ='Weekly Plan'!A89 -> 6 | Q23: =IFERROR(O23/P23,0) -> 0 | AC23: 1
A24: ='Weekly Plan'!F37 -> 708400069 | B24: Deep Black | C24: ='Weekly Plan'!G37 -> RH Consol Fairing | D24: =IF('Weekly Plan'!J37=0,"",'Weekly Plan'!J37) | E24: ='Weekly Plan'!A37 -> 2 | F24: =IFERROR(D24/E24,0) -> 0 | G24: ='Weekly Plan'!F24 -> 705012868 | H24: British Green | I24: ='Weekly Plan'!G24 -> RH Fender | J24: =IF('Weekly Plan'!J24=0,"",'Weekly Plan'!J24) | K24: ='Weekly Plan'!A24 -> 2 | L24: =IFERROR(J24/K24,0) -> 0 | M24: ='Weekly Plan'!F90 -> 2651 | N24: ='Weekly Plan'!G90 -> RH Side Puck | O24: =IF('Weekly Plan'!J90=0,"",'Weekly Plan'!J90) | P24: ='Weekly Plan'!A90 -> 6 | Q24: =IFERROR(O24/P24,0) -> 0 | AC24: 2
A25: ='Weekly Plan'!F38 -> 708400067 | B25: Deep Black | C25: ='Weekly Plan'!G38 -> LH Consol Fairing | D25: =IF('Weekly Plan'!J38=0,"",'Weekly Plan'!J38) | E25: ='Weekly Plan'!A38 -> 2 | F25: =IFERROR(D25/E25,0) -> 0 | G25: ='Weekly Plan'!F25 -> 708200366 | H25: British Green | I25: ='Weekly Plan'!G25 -> Hood | J25: =IF('Weekly Plan'!J25=0,"",'Weekly Plan'!J25) | K25: ='Weekly Plan'!A25 -> 1 | L25: =IFERROR(J25/K25,0) -> 0 | M25: ='Weekly Plan'!F91 -> 2647 | N25: ='Weekly Plan'!G91 -> Front Puck | O25: =IF('Weekly Plan'!J91=0,"",'Weekly Plan'!J91) | P25: ='Weekly Plan'!A91 -> 6 | Q25: =IFERROR(O25/P25,0) -> 0 | R25: 18 | AC25: 1
A26: ='Weekly Plan'!F39 -> 708400956 | B26: Deep Black | C26: ='Weekly Plan'!G39 -> New LH Console Panel | D26: =IF('Weekly Plan'!J39=0,"",'Weekly Plan'!J39) | E26: ='Weekly Plan'!A39 -> 2 | F26: =IFERROR(D26/E26,0) -> 0 | G26: ='Weekly Plan'!F26 -> 708200401 | H26: British Green | I26: ='Weekly Plan'!G26 -> LH Vent Panel | J26: =IF('Weekly Plan'!J26=0,"",'Weekly Plan'!J26) | K26: ='Weekly Plan'!A26 -> 2 | L26: =IFERROR(J26/K26,0) -> 0 | M26: ='Weekly Plan'!F92 -> 0 | N26: ='Weekly Plan'!G92 -> 0 | O26: =IF('Weekly Plan'!J92=0,"",'Weekly Plan'!J92) | P26: ='Weekly Plan'!A92 -> 0 | Q26: =IFERROR(O26/P26,0) -> 0 | AC26: 1
A27: ='Weekly Plan'!F40 -> 708400957 | B27: Deep Black | C27: ='Weekly Plan'!G40 -> New RH Console Panel | D27: =IF('Weekly Plan'!J40=0,"",'Weekly Plan'!J40) | E27: ='Weekly Plan'!A40 -> 2 | F27: =IFERROR(D27/E27,0) -> 0 | G27: ='Weekly Plan'!F27 -> 708200402 | H27: British Green | I27: ='Weekly Plan'!G27 -> RH Vent Panel | J27: =IF('Weekly Plan'!J27=0,"",'Weekly Plan'!J27) | K27: ='Weekly Plan'!A27 -> 2 | L27: =IFERROR(J27/K27,0) -> 0 | P27: ='Weekly Plan'!A93 -> 0 | AC27: 1
A28: ='Weekly Plan'!F41 -> 708400722 | B28: Deep Black | C28: ='Weekly Plan'!G41 -> New Nose Fairing | D28: =IF('Weekly Plan'!J41=0,"",'Weekly Plan'!J41) | E28: ='Weekly Plan'!A41 -> 2 | F28: =IFERROR(D28/E28,0) -> 0 | G28: ='Weekly Plan'!F28 -> 708200698 | H28: British Green | I28: ='Weekly Plan'!G28 -> Fascia | J28: =IF('Weekly Plan'!J28=0,"",'Weekly Plan'!J28) | K28: ='Weekly Plan'!A28 -> 1 | L28: =IFERROR(J28/K28,0) -> 0 | M28: Tesla - High Gloss Black | P28: ='Weekly Plan'!A94 -> 2 | AC28: 2
A29: ='Weekly Plan'!F42 -> 708400721 | B29: Deep Black | C29: ='Weekly Plan'!G42 -> New Tail Fairing | D29: =IF('Weekly Plan'!J42=0,"",'Weekly Plan'!J42) | E29: ='Weekly Plan'!A42 -> 8 | F29: =IFERROR(D29/E29,0) -> 0 | G29: ='Weekly Plan'!F29 -> 708301214 | H29: British Green | I29: ='Weekly Plan'!G29 -> LH Cover | J29: =IF('Weekly Plan'!J29=0,"",'Weekly Plan'!J29) | K29: ='Weekly Plan'!A29 -> 1 | L29: =IFERROR(J29/K29,0) -> 0 | M29: ='Weekly Plan'!F101 -> 9929 | N29: ='Weekly Plan'!G101 -> MS Applique | O29: =IF('Weekly Plan'!J101=0,"",'Weekly Plan'!J101) | P29: ='Weekly Plan'!A101 -> 6 | Q29: =IFERROR(O29/P29,0) -> 0 | R29: 21
A30: ='Weekly Plan'!F43 -> 708400462 | B30: Deep Black | C30: ='Weekly Plan'!G43 -> LH Mirror Shell | D30: =IF('Weekly Plan'!J43=0,"",'Weekly Plan'!J43) | E30: ='Weekly Plan'!A43 -> 2 | F30: =IFERROR(D30/E30,0) -> 0 | G30: ='Weekly Plan'!F30 -> 708301215 | H30: British Green | I30: ='Weekly Plan'!G30 -> RH Cover | J30: =IF('Weekly Plan'!J30=0,"",'Weekly Plan'!J30) | K30: ='Weekly Plan'!A30 -> 1 | L30: =IFERROR(J30/K30,0) -> 0 | M30: ='Weekly Plan'!F102 -> 9931 | N30: ='Weekly Plan'!G102 -> MX Applique | O30: =IF('Weekly Plan'!J102=0,"",'Weekly Plan'!J102) | P30: ='Weekly Plan'!A102 -> 6 | Q30: =IFERROR(O30/P30,0) -> 0 | AC30: 1
A31: ='Weekly Plan'!F44 -> 708400464 | B31: Deep Black | C31: ='Weekly Plan'!G44 -> RH Mirror Shell | D31: =IF('Weekly Plan'!J44=0,"",'Weekly Plan'!J44) | E31: ='Weekly Plan'!A44 -> 2 | F31: =IFERROR(D31/E31,0) -> 0 | G31: ='Weekly Plan'!F31 -> 708303800 | H31: British Green | I31: ='Weekly Plan'!G31 -> LH F3T Panel | J31: =IF('Weekly Plan'!J31=0,"",'Weekly Plan'!J31) | K31: ='Weekly Plan'!A31 -> 4 | L31: =IFERROR(J31/K31,0) -> 0 | M31: ='Weekly Plan'!F103 -> 0 | N31: ='Weekly Plan'!G103 -> MS Applique Rework | O31: =IF('Weekly Plan'!J103=0,"",'Weekly Plan'!J103) | P31: ='Weekly Plan'!A103 -> 6 | Q31: =IFERROR(O31/P31,0) -> 0 | AC31: 1
A32: ='Weekly Plan'!F45 -> 708400461 | B32: Deep Black | C32: ='Weekly Plan'!G45 -> LH Mirror Shell - No Hole | D32: =IF('Weekly Plan'!J45=0,"",'Weekly Plan'!J45) | E32: ='Weekly Plan'!A45 -> 2 | F32: =IFERROR(D32/E32,0) -> 0 | G32: ='Weekly Plan'!F32 -> 708303801 | H32: British Green | I32: ='Weekly Plan'!G32 -> RH F3T Panel | J32: =IF('Weekly Plan'!J32=0,"",'Weekly Plan'!J32) | K32: ='Weekly Plan'!A32 -> 4 | L32: =IFERROR(J32/K32,0) -> 0 | M32: ='Weekly Plan'!F104 -> 0 | N32: ='Weekly Plan'!G104 -> MX Applique Rework | O32: =IF('Weekly Plan'!J104=0,"",'Weekly Plan'!J104) | P32: ='Weekly Plan'!A104 -> 6 | Q32: =IFERROR(O32/P32,0) -> 0 | AC32: 1
A33: ='Weekly Plan'!F46 -> 708400463 | B33: Deep Black | C33: ='Weekly Plan'!G46 -> RH Mirror Shell - No Hole | D33: =IF('Weekly Plan'!J46=0,"",'Weekly Plan'!J46) | E33: ='Weekly Plan'!A46 -> 2 | F33: =IFERROR(D33/E33,0) -> 0 | K33: ='Weekly Plan'!A33 -> 0 | L33: =IFERROR(J33/K33,0) -> 0 | AC33: 1
A34: ='Weekly Plan'!F47 -> 705012976 | B34: Deep Black | C34: ='Weekly Plan'!G47 -> LH Fender | D34: =IF('Weekly Plan'!J47=0,"",'Weekly Plan'!J47) | E34: ='Weekly Plan'!A47 -> 2 | F34: =IFERROR(D34/E34,0) -> 0 | AC34: 2
A35: ='Weekly Plan'!F48 -> 705012868 | B35: Deep Black | C35: ='Weekly Plan'!G48 -> RH Fender | D35: =IF('Weekly Plan'!J48=0,"",'Weekly Plan'!J48) | E35: ='Weekly Plan'!A48 -> 2 | F35: =IFERROR(D35/E35,0) -> 0 | G35: Comments | M35: Colour | N35: Time (mins) | R35: 4 | AC35: 1
A36: ='Weekly Plan'!F49 -> 705011169 | B36: Deep Black | C36: ='Weekly Plan'!G49 -> LH Scoop | D36: =IF('Weekly Plan'!J49=0,"",'Weekly Plan'!J49) | E36: ='Weekly Plan'!A49 -> 2 | F36: =IFERROR(D36/E36,0) -> 0 | M36: =A4 -> Hyper Silver | N36: =SUM(F5:F18) -> 0 | R36: 2 | AC36: 1
A37: ='Weekly Plan'!F50 -> 705011170 | B37: Deep Black | C37: ='Weekly Plan'!G50 -> RH Scoop | D37: =IF('Weekly Plan'!J50=0,"",'Weekly Plan'!J50) | E37: ='Weekly Plan'!A50 -> 2 | F37: =IFERROR(D37/E37,0) -> 0 | M37: =A20 -> Deep Black | N37: =SUM(F21:F39) -> 0 | AC37: 1
A38: ='Weekly Plan'!F51 -> 708400261 | B38: Deep Black | C38: ='Weekly Plan'!G51 -> LH Access Panel | D38: =IF('Weekly Plan'!J51=0,"",'Weekly Plan'!J51) | E38: ='Weekly Plan'!A51 -> 3 | F38: =IFERROR(D38/E38,0) -> 0 | M38: =G18 -> British Green | N38: =SUM(L19:L32) -> 0 | R38: 1 | AC38: 1
A39: ='Weekly Plan'!F52 -> 708400262 | B39: Deep Black | C39: ='Weekly Plan'!G52 -> RH Access Panel | D39: =IF('Weekly Plan'!J52=0,"",'Weekly Plan'!J52) | E39: ='Weekly Plan'!A52 -> 3 | F39: =IFERROR(D39/E39,0) -> 0 | M39: =A44 -> Vegas White | N39: =SUM(F45:F56) -> 0 | AC39: 4
D40: =IF('Weekly Plan'!H52=0,"",'Weekly Plan'!H52) | E40: ='Weekly Plan'!A53 -> 0 | F40: =IFERROR(D41/E40,0) -> 0 | M40: =G4 -> Black - Laval | N40: =SUM(L5:L10) -> 0 | R40: 4 | AC40: 2
D41: =IF('Weekly Plan'!H53=0,"",'Weekly Plan'!H53) | E41: ='Weekly Plan'!A54 -> 0 | F41: =IFERROR(D42/E41,0) -> 0 | M41: =G12 -> Summit White - Laval | N41: =SUM(L13:L16) -> 0 | R41: 2 | AC41: 1
D42: =IF('Weekly Plan'!H54=0,"",'Weekly Plan'!H54) | M42: =M4 -> Mitchell Plastics | N42: =SUM(Q5:Q10) -> 0 | R42: 1 | AC42: 4
M43: =M12 -> Seastar | N43: =SUM(Q13:Q15) -> 0 | R43: 1 | AC43: 2
A44: Vegas White | E44: ='Weekly Plan'!A56 -> 2 | F44: =IFERROR(D45/E44,0) -> 0 | M44: =M17 -> Manterra - Hyper Silver | N44: =SUM(Q18:Q20) -> 0 | AC44: 1
A45: ='Weekly Plan'!F56 -> 705009213 | B45: Vegas White | C45: ='Weekly Plan'!G56 -> LH F3T Low Fairing | D45: =IF('Weekly Plan'!J56=0,"",'Weekly Plan'!J56) | E45: ='Weekly Plan'!A56 -> 2 | F45: =IFERROR(D45/E45,0) -> 0 | M45: =M22 -> Falcon Lakeside Hyper Silver | N45: =SUM(Q23:Q26) -> 0 | AC45: 1
A46: ='Weekly Plan'!F57 -> 705009214 | B46: Vegas White | C46: ='Weekly Plan'!G57 -> RH F3T Low Fairing | D46: =IF('Weekly Plan'!J57=0,"",'Weekly Plan'!J57) | E46: ='Weekly Plan'!A57 -> 2 | F46: =IFERROR(D46/E46,0) -> 0 | M46: =M28 -> Tesla - High Gloss Black | N46: =SUM(Q29:Q32) -> 0 | AC46: 1
A47: ='Weekly Plan'!F58 -> 705010835 | B47: Vegas White | C47: ='Weekly Plan'!G58 -> RH Fairing | D47: =IF('Weekly Plan'!J58=0,"",'Weekly Plan'!J58) | E47: ='Weekly Plan'!A58 -> 1 | F47: =IFERROR(D47/E47,0) -> 0 | AC47: 4
A48: ='Weekly Plan'!F59 -> 705010851 | B48: Vegas White | C48: ='Weekly Plan'!G59 -> LH Fairing | D48: =IF('Weekly Plan'!J59=0,"",'Weekly Plan'!J59) | E48: ='Weekly Plan'!A59 -> 1 | F48: =IFERROR(D48/E48,0) -> 0 | AC48: 2
A49: ='Weekly Plan'!F60 -> 705012976 | B49: Vegas White | C49: ='Weekly Plan'!G60 -> LH Fender | D49: =IF('Weekly Plan'!J60=0,"",'Weekly Plan'!J60) | E49: ='Weekly Plan'!A60 -> 2 | F49: =IFERROR(D49/E49,0) -> 0 | AC49: 1
A50: ='Weekly Plan'!F61 -> 705012868 | B50: Vegas White | C50: ='Weekly Plan'!G61 -> RH Fender | D50: =IF('Weekly Plan'!J61=0,"",'Weekly Plan'!J61) | E50: ='Weekly Plan'!A61 -> 2 | F50: =IFERROR(D50/E50,0) -> 0 | M50: Total: | N50: =SUM(N36:N49) -> 0 | AC50: 1
A51: ='Weekly Plan'!F62 -> 708200366 | B51: Vegas White | C51: ='Weekly Plan'!G62 -> Hood | D51: =IF('Weekly Plan'!J62=0,"",'Weekly Plan'!J62) | E51: ='Weekly Plan'!A62 -> 1 | F51: =IFERROR(D51/E51,0) -> 0 | AC51: 4
A52: ='Weekly Plan'!F63 -> 708200401 | B52: Vegas White | C52: ='Weekly Plan'!G63 -> LH Vent Panel | D52: =IF('Weekly Plan'!J63=0,"",'Weekly Plan'!J63) | E52: ='Weekly Plan'!A63 -> 2 | F52: =IFERROR(D52/E52,0) -> 0 | M52: Gaps | N52: =(COUNTIF(N36:N49, ">0")-1)*(IF(N50>0, 12, 0)) -> 0 | AC52: 2
A53: ='Weekly Plan'!F64 -> 708200402 | B53: Vegas White | C53: ='Weekly Plan'!G64 -> RH Vent Panel | D53: =IF('Weekly Plan'!J64=0,"",'Weekly Plan'!J64) | E53: ='Weekly Plan'!A64 -> 2 | F53: =IFERROR(D53/E53,0) -> 0 | AC53: 1
A54: ='Weekly Plan'!F65 -> 708200698 | B54: Vegas White | C54: ='Weekly Plan'!G65 -> Fascia | D54: =IF('Weekly Plan'!J65=0,"",'Weekly Plan'!J65) | E54: ='Weekly Plan'!A65 -> 1 | F54: =IFERROR(D54/E54,0) -> 0 | M54: Total Time (hrs) | N54: =(N50+N52)/60 -> 0 | AC54: 4
A55: ='Weekly Plan'!F66 -> 708301214 | B55: Vegas White | C55: ='Weekly Plan'!G66 -> LH Cover | D55: =IF('Weekly Plan'!J66=0,"",'Weekly Plan'!J66) | E55: ='Weekly Plan'!A66 -> 1 | F55: =IFERROR(D55/E55,0) -> 0 | AC55: 2
A56: ='Weekly Plan'!F67 -> 708301215 | B56: Vegas White | C56: ='Weekly Plan'!G67 -> RH Cover | D56: =IF('Weekly Plan'!J67=0,"",'Weekly Plan'!J67) | E56: ='Weekly Plan'!A67 -> 1 | F56: =IFERROR(D56/E56,0) -> 0 | AC56: 1
AC57: 1
AC58: 1
AC59: 4
AC60: 2
AC61: 1
K79: =14*12 -> 168

Sheet Thur (103)
A1: 103 LINE LOAD SHEET | J1: Date: | M1: ='Weekly Plan'!K1 -> 45302
A2: Order of Colours:
A4: Hyper Silver | G4: Black - Laval | M4: Mitchell Plastics
A5: ='Weekly Plan'!F4 -> 705014100 | B5: Hyper Silver | C5: ='Weekly Plan'!G4 -> LH Upper Fairing | D5: =IF('Weekly Plan'!K4=0,"",'Weekly Plan'!K4) | E5: ='Weekly Plan'!A4 -> 2 | F5: =IFERROR(D5/E5,0) -> 0 | G5: ='Weekly Plan'!F69 -> 99944 | H5: Black | I5: ='Weekly Plan'!G69 -> Bezel | J5: =IF('Weekly Plan'!K69=0,"",'Weekly Plan'!K69) | K5: ='Weekly Plan'!A69 -> 2 | L5: =IFERROR(J5/K5,0) -> 0 | M5: ='Weekly Plan'!F94 -> 80931 | N5: ='Weekly Plan'!G94 -> Black - LH | O5: =IF('Weekly Plan'!K94=0,"",'Weekly Plan'!K94) | P5: ='Weekly Plan'!A94 -> 2 | Q5: =IFERROR(O5/P5,0) -> 0 | AC5: 3
A6: ='Weekly Plan'!F5 -> 705014101 | B6: Hyper Silver | C6: ='Weekly Plan'!G5 -> RH Upper Fairing | D6: =IF('Weekly Plan'!K5=0,"",'Weekly Plan'!K5) | E6: ='Weekly Plan'!A5 -> 2 | F6: =IFERROR(D6/E6,0) -> 0 | G6: ='Weekly Plan'!F70 -> 99633 | H6: Black | I6: ='Weekly Plan'!G70 -> IR Cover LH | J6: =IF('Weekly Plan'!K70=0,"",'Weekly Plan'!K70) | K6: ='Weekly Plan'!A70 -> 20 | L6: =IFERROR(J6/K6,0) -> 0 | M6: ='Weekly Plan'!F95 -> 80930 | N6: ='Weekly Plan'!G95 -> Black - RH | O6: =IF('Weekly Plan'!K95=0,"",'Weekly Plan'!K95) | P6: ='Weekly Plan'!A95 -> 2 | Q6: =IFERROR(O6/P6,0) -> 0 | AC6: 4
A7: ='Weekly Plan'!F6 -> 705012976 | B7: Hyper Silver | C7: ='Weekly Plan'!G6 -> LH Fender | D7: =IF('Weekly Plan'!K6=0,"",'Weekly Plan'!K6) | E7: ='Weekly Plan'!A6 -> 2 | F7: =IFERROR(D7/E7,0) -> 0 | G7: ='Weekly Plan'!F71 -> 99646 | H7: Black | I7: ='Weekly Plan'!G71 -> IR Cover RH | J7: =IF('Weekly Plan'!K71=0,"",'Weekly Plan'!K71) | K7: ='Weekly Plan'!A71 -> 20 | L7: =IFERROR(J7/K7,0) -> 0 | M7: ='Weekly Plan'!F96 -> 80933 | N7: ='Weekly Plan'!G96 -> Red - LH | O7: =IF('Weekly Plan'!K96=0,"",'Weekly Plan'!K96) | P7: ='Weekly Plan'!A96 -> 2 | Q7: =IFERROR(O7/P7,0) -> 0 | AC7: 4
A8: ='Weekly Plan'!F7 -> 705012868 | B8: Hyper Silver | C8: ='Weekly Plan'!G7 -> RH Fender | D8: =IF('Weekly Plan'!K7=0,"",'Weekly Plan'!K7) | E8: ='Weekly Plan'!A7 -> 2 | F8: =IFERROR(D8/E8,0) -> 0 | G8: ='Weekly Plan'!F72 -> 99635 | H8: Black | I8: ='Weekly Plan'!G72 -> Lateral Belt LH | J8: =IF('Weekly Plan'!K72=0,"",'Weekly Plan'!K72) | K8: ='Weekly Plan'!A72 -> 6 | L8: =IFERROR(J8/K8,0) -> 0 | M8: ='Weekly Plan'!F97 -> 80932 | N8: ='Weekly Plan'!G97 -> Red - RH | O8: =IF('Weekly Plan'!K97=0,"",'Weekly Plan'!K97) | P8: ='Weekly Plan'!A97 -> 2 | Q8: =IFERROR(O8/P8,0) -> 0 | AC8: 1
A9: ='Weekly Plan'!F8 -> 708003041 | B9: Hyper Silver | C9: ='Weekly Plan'!G8 -> Rear Fairing | D9: =IF('Weekly Plan'!K8=0,"",'Weekly Plan'!K8) | E9: ='Weekly Plan'!A8 -> 2 | F9: =IFERROR(D9/E9,0) -> 0 | G9: ='Weekly Plan'!F73 -> 99944 | H9: Black | I9: ='Weekly Plan'!G73 -> Lateral Belt RH | J9: =IF('Weekly Plan'!K73=0,"",'Weekly Plan'!K73) | K9: ='Weekly Plan'!A73 -> 6 | L9: =IFERROR(J9/K9,0) -> 0 | M9: ='Weekly Plan'!F98 -> Other | N9: ='Weekly Plan'!G98 -> White - LH | O9: =IF('Weekly Plan'!K98=0,"",'Weekly Plan'!K98) | P9: ='Weekly Plan'!A98 -> 2 | Q9: =IFERROR(O9/P9,0) -> 0 | AC9: 1
A10: ='Weekly Plan'!F9 -> 708200870 | B10: Hyper Silver | C10: ='Weekly Plan'!G9 -> LH Front Fairing | D10: =IF('Weekly Plan'!K9=0,"",'Weekly Plan'!K9) | E10: ='Weekly Plan'!A9 -> 1 | F10: =IFERROR(D10/E10,0) -> 0 | G10: ='Weekly Plan'!F74 -> 99636 | H10: Black | I10: ='Weekly Plan'!G74 -> Rear Belt | J10: =IF('Weekly Plan'!K74=0,"",'Weekly Plan'!K74) | K10: ='Weekly Plan'!A74 -> 20 | L10: =IFERROR(J10/K10,0) -> 0 | M10: ='Weekly Plan'!F99 -> Other | N10: ='Weekly Plan'!G99 -> White - RH | O10: =IF('Weekly Plan'!K99=0,"",'Weekly Plan'!K99) | P10: ='Weekly Plan'!A99 -> 2 | Q10: =IFERROR(O10/P10,0) -> 0 | AC10: 3
A11: ='Weekly Plan'!F10 -> 708200871 | B11: Hyper Silver | C11: ='Weekly Plan'!G10 -> RH Front Fairing | D11: =IF('Weekly Plan'!K10=0,"",'Weekly Plan'!K10) | E11: ='Weekly Plan'!A10 -> 1 | F11: =IFERROR(D11/E11,0) -> 0 | AC11: 3
A12: ='Weekly Plan'!F11 -> 708200869 | B12: Hyper Silver | C12: ='Weekly Plan'!G11 -> R66 Hood | D12: =IF('Weekly Plan'!K11=0,"",'Weekly Plan'!K11) | E12: ='Weekly Plan'!A11 -> 1 | F12: =IFERROR(D12/E12,0) -> 0 | G12: Summit White - Laval | M12: Seastar | AC12: 3
A13: ='Weekly Plan'!F12 -> 708302947 | B13: Hyper Silver | C13: ='Weekly Plan'!G12 -> LH Box Cover | D13: =IF('Weekly Plan'!K12=0,"",'Weekly Plan'!K12) | E13: ='Weekly Plan'!A12 -> 2 | F13: =IFERROR(D13/E13,0) -> 0 | G13: ='Weekly Plan'!F76 -> 99629 | H13: Summit White | I13: ='Weekly Plan'!G76 -> Main Lower Cover | J13: =IF('Weekly Plan'!K76=0,"",'Weekly Plan'!K76) | K13: ='Weekly Plan'!A76 -> 1 | L13: =IFERROR(J13/K13,0) -> 0 | M13: ='Weekly Plan'!F81 -> 0 | N13: ='Weekly Plan'!G81 -> Handles | O13: =IF('Weekly Plan'!K81=0,"",'Weekly Plan'!K81) | P13: ='Weekly Plan'!A81 -> 18 | Q13: =IFERROR(O13/P13,0) -> 0 | AC13: 4
A14: ='Weekly Plan'!F13 -> 708302948 | B14: Hyper Silver | C14: ='Weekly Plan'!G13 -> RH Box Cover | D14: =IF('Weekly Plan'!K13=0,"",'Weekly Plan'!K13) | E14: ='Weekly Plan'!A13 -> 2 | F14: =IFERROR(D14/E14,0) -> 0 | G14: ='Weekly Plan'!F77 -> 99631 | H14: Summit White | I14: ='Weekly Plan'!G77 -> Main Upper Cover | J14: =IF('Weekly Plan'!K77=0,"",'Weekly Plan'!K77) | K14: ='Weekly Plan'!A77 -> 1 | L14: =IFERROR(J14/K14,0) -> 0 | M14: ='Weekly Plan'!F82 -> 0 | N14: ='Weekly Plan'!G82 -> 0 | O14: =IF('Weekly Plan'!K82=0,"",'Weekly Plan'!K82) | P14: ='Weekly Plan'!A82 -> 0 | Q14: =IFERROR(O14/P14,0) -> 0 | AC14: 4
A15: ='Weekly Plan'!F14 -> 708303800 | B15: Hyper Silver | C15: ='Weekly Plan'!G14 -> LH F3T Panel | D15: =IF('Weekly Plan'!K14=0,"",'Weekly Plan'!K14) | E15: ='Weekly Plan'!A14 -> 4 | F15: =IFERROR(D15/E15,0) -> 0 | G15: ='Weekly Plan'!F78 -> 99638 | H15: Summit White | I15: ='Weekly Plan'!G78 -> Rear Plate | J15: =IF('Weekly Plan'!K78=0,"",'Weekly Plan'!K78) | K15: ='Weekly Plan'!A78 -> 20 | L15: =IFERROR(J15/K15,0) -> 0 | M15: ='Weekly Plan'!F83 -> 0 | N15: ='Weekly Plan'!G83 -> 0 | O15: =IF('Weekly Plan'!K83=0,"",'Weekly Plan'!K83) | P15: ='Weekly Plan'!A83 -> 0 | Q15: =IFERROR(O15/P15,0) -> 0 | AC15: 4
A16: ='Weekly Plan'!F15 -> 708303801 | B16: Hyper Silver | C16: ='Weekly Plan'!G15 -> RH F3T Panel | D16: =IF('Weekly Plan'!K15=0,"",'Weekly Plan'!K15) | E16: ='Weekly Plan'!A15 -> 4 | F16: =IFERROR(D16/E16,0) -> 0 | G16: ='Weekly Plan'!F79 -> 99630 | H16: Summit White | I16: ='Weekly Plan'!G79 -> Vent Cover | J16: =IF('Weekly Plan'!K79=0,"",'Weekly Plan'!K79) | K16: ='Weekly Plan'!A79 -> 1 | L16: =IFERROR(J16/K16,0) -> 0 | AC16: 2
A17: ='Weekly Plan'!F16 -> 708400461 | B17: Hyper Silver | C17: ='Weekly Plan'!G16 -> LH Mirror Shell -No Hole | D17: =IF('Weekly Plan'!K16=0,"",'Weekly Plan'!K16) | E17: ='Weekly Plan'!A16 -> 2 | F17: =IFERROR(D17/E17,0) -> 0 | M17: Manterra - Hyper Silver | AC17: 1
A18: ='Weekly Plan'!F17 -> 708400463 | B18: Hyper Silver | C18: ='Weekly Plan'!G17 -> RH Mirror Shell - No Hole | D18: =IF('Weekly Plan'!K17=0,"",'Weekly Plan'!K17) | E18: ='Weekly Plan'!A17 -> 2 | F18: =IFERROR(D18/E18,0) -> 0 | G18: British Green | M18: ='Weekly Plan'!F85 -> 0 | N18: ='Weekly Plan'!G85 -> Base Dual | O18: =IF('Weekly Plan'!K85=0,"",'Weekly Plan'!K85) | P18: ='Weekly Plan'!A85 -> 6 | Q18: =IFERROR(O18/P18,0) -> 0 | AC18: 1
G19: ='Weekly Plan'!F19 -> 705009213 | H19: British Green | I19: ='Weekly Plan'!G19 -> LH F3T Low Fairing | J19: =IF('Weekly Plan'!K19=0,"",'Weekly Plan'!K19) | K19: ='Weekly Plan'!A19 -> 2 | L19: =IFERROR(J19/K19,0) -> 0 | M19: ='Weekly Plan'!F86 -> 500458 | N19: ='Weekly Plan'!G86 -> Face Plate, DTM, SSR | O19: =IF('Weekly Plan'!K86=0,"",'Weekly Plan'!K86) | P19: ='Weekly Plan'!A86 -> 16 | Q19: =IFERROR(O19/P19,0) -> 0 | AC19: 1
A20: Deep Black | G20: ='Weekly Plan'!F20 -> 705009214 | H20: British Green | I20: ='Weekly Plan'!G20 -> RH F3T Low Fairing | J20: =IF('Weekly Plan'!K20=0,"",'Weekly Plan'!K20) | K20: ='Weekly Plan'!A20 -> 2 | L20: =IFERROR(J20/K20,0) -> 0 | M20: ='Weekly Plan'!F87 -> 500458 | N20: ='Weekly Plan'!G87 -> Face Plate, STM, SSR | O20: =IF('Weekly Plan'!K87=0,"",'Weekly Plan'!K87) | P20: ='Weekly Plan'!A87 -> 16 | Q20: =IFERROR(O20/P20,0) -> 0 | AC20: 2
A21: ='Weekly Plan'!F34 -> 708400287 | B21: Deep Black | C21: ='Weekly Plan'!G34 -> Tank Cover | D21: =IF('Weekly Plan'!K34=0,"",'Weekly Plan'!K34) | E21: ='Weekly Plan'!A34 -> 2 | F21: =IFERROR(D21/E21,0) -> 0 | G21: ='Weekly Plan'!F21 -> 705010835 | H21: British Green | I21: ='Weekly Plan'!G21 -> RH Fairing | J21: =IF('Weekly Plan'!K21=0,"",'Weekly Plan'!K21) | K21: ='Weekly Plan'!A21 -> 1 | L21: =IFERROR(J21/K21,0) -> 0 | AC21: 1
A22: ='Weekly Plan'!F35 -> 705019189 | B22: Deep Black | C22: ='Weekly Plan'!G35 -> New Tank Cover | D22: =IF('Weekly Plan'!K35=0,"",'Weekly Plan'!K35) | E22: ='Weekly Plan'!A35 -> 2 | F22: =IFERROR(D22/E22,0) -> 0 | G22: ='Weekly Plan'!F22 -> 705010851 | H22: British Green | I22: ='Weekly Plan'!G22 -> LH Fairing | J22: =IF('Weekly Plan'!K22=0,"",'Weekly Plan'!K22) | K22: ='Weekly Plan'!A22 -> 1 | L22: =IFERROR(J22/K22,0) -> 0 | M22: Falcon Lakeside Hyper Silver | AC22: 2
A23: ='Weekly Plan'!F36 -> 708001528 | B23: Deep Black | C23: ='Weekly Plan'!G36 -> Tail Fairing | D23: =IF('Weekly Plan'!K36=0,"",'Weekly Plan'!K36) | E23: ='Weekly Plan'!A36 -> 2 | F23: =IFERROR(D23/E23,0) -> 0 | G23: ='Weekly Plan'!F23 -> 705012976 | H23: British Green | I23: ='Weekly Plan'!G23 -> LH Fender | J23: =IF('Weekly Plan'!K23=0,"",'Weekly Plan'!K23) | K23: ='Weekly Plan'!A23 -> 2 | L23: =IFERROR(J23/K23,0) -> 0 | M23: ='Weekly Plan'!F89 -> 2650 | N23: ='Weekly Plan'!G89 -> LH Side Puck | O23: =IF('Weekly Plan'!K89=0,"",'Weekly Plan'!K89) | P23: ='Weekly Plan'!A89 -> 6 | Q23: =IFERROR(O23/P23,0) -> 0 | AC23: 1
A24: ='Weekly Plan'!F37 -> 708400069 | B24: Deep Black | C24: ='Weekly Plan'!G37 -> RH Consol Fairing | D24: =IF('Weekly Plan'!K37=0,"",'Weekly Plan'!K37) | E24: ='Weekly Plan'!A37 -> 2 | F24: =IFERROR(D24/E24,0) -> 0 | G24: ='Weekly Plan'!F24 -> 705012868 | H24: British Green | I24: ='Weekly Plan'!G24 -> RH Fender | J24: =IF('Weekly Plan'!K24=0,"",'Weekly Plan'!K24) | K24: ='Weekly Plan'!A24 -> 2 | L24: =IFERROR(J24/K24,0) -> 0 | M24: ='Weekly Plan'!F90 -> 2651 | N24: ='Weekly Plan'!G90 -> RH Side Puck | O24: =IF('Weekly Plan'!K90=0,"",'Weekly Plan'!K90) | P24: ='Weekly Plan'!A90 -> 6 | Q24: =IFERROR(O24/P24,0) -> 0 | AC24: 2
A25: ='Weekly Plan'!F38 -> 708400067 | B25: Deep Black | C25: ='Weekly Plan'!G38 -> LH Consol Fairing | D25: =IF('Weekly Plan'!K38=0,"",'Weekly Plan'!K38) | E25: ='Weekly Plan'!A38 -> 2 | F25: =IFERROR(D25/E25,0) -> 0 | G25: ='Weekly Plan'!F25 -> 708200366 | H25: British Green | I25: ='Weekly Plan'!G25 -> Hood | J25: =IF('Weekly Plan'!K25=0,"",'Weekly Plan'!K25) | K25: ='Weekly Plan'!A25 -> 1 | L25: =IFERROR(J25/K25,0) -> 0 | M25: ='Weekly Plan'!F91 -> 2647 | N25: ='Weekly Plan'!G91 -> Front Puck | O25: =IF('Weekly Plan'!K91=0,"",'Weekly Plan'!K91) | P25: ='Weekly Plan'!A91 -> 6 | Q25: =IFERROR(O25/P25,0) -> 0 | R25: 18 | AC25: 1
A26: ='Weekly Plan'!F39 -> 708400956 | B26: Deep Black | C26: ='Weekly Plan'!G39 -> New LH Console Panel | D26: =IF('Weekly Plan'!K39=0,"",'Weekly Plan'!K39) | E26: ='Weekly Plan'!A39 -> 2 | F26: =IFERROR(D26/E26,0) -> 0 | G26: ='Weekly Plan'!F26 -> 708200401 | H26: British Green | I26: ='Weekly Plan'!G26 -> LH Vent Panel | J26: =IF('Weekly Plan'!K26=0,"",'Weekly Plan'!K26) | K26: ='Weekly Plan'!A26 -> 2 | L26: =IFERROR(J26/K26,0) -> 0 | M26: ='Weekly Plan'!F92 -> 0 | N26: ='Weekly Plan'!G92 -> 0 | O26: =IF('Weekly Plan'!K92=0,"",'Weekly Plan'!K92) | P26: ='Weekly Plan'!A92 -> 0 | Q26: =IFERROR(O26/P26,0) -> 0 | AC26: 1
A27: ='Weekly Plan'!F40 -> 708400957 | B27: Deep Black | C27: ='Weekly Plan'!G40 -> New RH Console Panel | D27: =IF('Weekly Plan'!K40=0,"",'Weekly Plan'!K40) | E27: ='Weekly Plan'!A40 -> 2 | F27: =IFERROR(D27/E27,0) -> 0 | G27: ='Weekly Plan'!F27 -> 708200402 | H27: British Green | I27: ='Weekly Plan'!G27 -> RH Vent Panel | J27: =IF('Weekly Plan'!K27=0,"",'Weekly Plan'!K27) | K27: ='Weekly Plan'!A27 -> 2 | L27: =IFERROR(J27/K27,0) -> 0 | P27: ='Weekly Plan'!A93 -> 0 | AC27: 1
A28: ='Weekly Plan'!F41 -> 708400722 | B28: Deep Black | C28: ='Weekly Plan'!G41 -> New Nose Fairing | D28: =IF('Weekly Plan'!K41=0,"",'Weekly Plan'!K41) | E28: ='Weekly Plan'!A41 -> 2 | F28: =IFERROR(D28/E28,0) -> 0 | G28: ='Weekly Plan'!F28 -> 708200698 | H28: British Green | I28: ='Weekly Plan'!G28 -> Fascia | J28: =IF('Weekly Plan'!K28=0,"",'Weekly Plan'!K28) | K28: ='Weekly Plan'!A28 -> 1 | L28: =IFERROR(J28/K28,0) -> 0 | M28: Tesla - High Gloss Black | P28: ='Weekly Plan'!A94 -> 2 | AC28: 2
A29: ='Weekly Plan'!F42 -> 708400721 | B29: Deep Black | C29: ='Weekly Plan'!G42 -> New Tail Fairing | D29: =IF('Weekly Plan'!K42=0,"",'Weekly Plan'!K42) | E29: ='Weekly Plan'!A42 -> 8 | F29: =IFERROR(D29/E29,0) -> 0 | G29: ='Weekly Plan'!F29 -> 708301214 | H29: British Green | I29: ='Weekly Plan'!G29 -> LH Cover | J29: =IF('Weekly Plan'!K29=0,"",'Weekly Plan'!K29) | K29: ='Weekly Plan'!A29 -> 1 | L29: =IFERROR(J29/K29,0) -> 0 | M29: ='Weekly Plan'!F101 -> 9929 | N29: ='Weekly Plan'!G101 -> MS Applique | O29: =IF('Weekly Plan'!K101=0,"",'Weekly Plan'!K101) | P29: ='Weekly Plan'!A101 -> 6 | Q29: =IFERROR(O29/P29,0) -> 0 | R29: 21
A30: ='Weekly Plan'!F43 -> 708400462 | B30: Deep Black | C30: ='Weekly Plan'!G43 -> LH Mirror Shell | D30: =IF('Weekly Plan'!K43=0,"",'Weekly Plan'!K43) | E30: ='Weekly Plan'!A43 -> 2 | F30: =IFERROR(D30/E30,0) -> 0 | G30: ='Weekly Plan'!F30 -> 708301215 | H30: British Green | I30: ='Weekly Plan'!G30 -> RH Cover | J30: =IF('Weekly Plan'!K30=0,"",'Weekly Plan'!K30) | K30: ='Weekly Plan'!A30 -> 1 | L30: =IFERROR(J30/K30,0) -> 0 | M30: ='Weekly Plan'!F102 -> 9931 | N30: ='Weekly Plan'!G102 -> MX Applique | O30: =IF('Weekly Plan'!K102=0,"",'Weekly Plan'!K102) | P30: ='Weekly Plan'!A102 -> 6 | Q30: =IFERROR(O30/P30,0) -> 0 | AC30: 1
A31: ='Weekly Plan'!F44 -> 708400464 | B31: Deep Black | C31: ='Weekly Plan'!G44 -> RH Mirror Shell | D31: =IF('Weekly Plan'!K44=0,"",'Weekly Plan'!K44) | E31: ='Weekly Plan'!A44 -> 2 | F31: =IFERROR(D31/E31,0) -> 0 | G31: ='Weekly Plan'!F31 -> 708303800 | H31: British Green | I31: ='Weekly Plan'!G31 -> LH F3T Panel | J31: =IF('Weekly Plan'!K31=0,"",'Weekly Plan'!K31) | K31: ='Weekly Plan'!A31 -> 4 | L31: =IFERROR(J31/K31,0) -> 0 | M31: ='Weekly Plan'!F103 -> 0 | N31: ='Weekly Plan'!G103 -> MS Applique Rework | O31: =IF('Weekly Plan'!K103=0,"",'Weekly Plan'!K103) | P31: ='Weekly Plan'!A103 -> 6 | Q31: =IFERROR(O31/P31,0) -> 0 | AC31: 1
A32: ='Weekly Plan'!F45 -> 708400461 | B32: Deep Black | C32: ='Weekly Plan'!G45 -> LH Mirror Shell - No Hole | D32: =IF('Weekly Plan'!K45=0,"",'Weekly Plan'!K45) | E32: ='Weekly Plan'!A45 -> 2 | F32: =IFERROR(D32/E32,0) -> 0 | G32: ='Weekly Plan'!F32 -> 708303801 | H32: British Green | I32: ='Weekly Plan'!G32 -> RH F3T Panel | J32: =IF('Weekly Plan'!K32=0,"",'Weekly Plan'!K32) | K32: ='Weekly Plan'!A32 -> 4 | L32: =IFERROR(J32/K32,0) -> 0 | M32: ='Weekly Plan'!F104 -> 0 | N32: ='Weekly Plan'!G104 -> MX Applique Rework | O32: =IF('Weekly Plan'!K104=0,"",'Weekly Plan'!K104) | P32: ='Weekly Plan'!A104 -> 6 | Q32: =IFERROR(O32/P32,0) -> 0 | AC32: 1
A33: ='Weekly Plan'!F46 -> 708400463 | B33: Deep Black | C33: ='Weekly Plan'!G46 -> RH Mirror Shell - No Hole | D33: =IF('Weekly Plan'!K46=0,"",'Weekly Plan'!K46) | E33: ='Weekly Plan'!A46 -> 2 | F33: =IFERROR(D33/E33,0) -> 0 | K33: ='Weekly Plan'!A33 -> 0 | L33: =IFERROR(J33/K33,0) -> 0 | AC33: 1
A34: ='Weekly Plan'!F47 -> 705012976 | B34: Deep Black | C34: ='Weekly Plan'!G47 -> LH Fender | D34: =IF('Weekly Plan'!K47=0,"",'Weekly Plan'!K47) | E34: ='Weekly Plan'!A47 -> 2 | F34: =IFERROR(D34/E34,0) -> 0 | AC34: 2
A35: ='Weekly Plan'!F48 -> 705012868 | B35: Deep Black | C35: ='Weekly Plan'!G48 -> RH Fender | D35: =IF('Weekly Plan'!K48=0,"",'Weekly Plan'!K48) | E35: ='Weekly Plan'!A48 -> 2 | F35: =IFERROR(D35/E35,0) -> 0 | G35: Comments | M35: Colour | N35: Time (mins) | R35: 4 | AC35: 1
A36: ='Weekly Plan'!F49 -> 705011169 | B36: Deep Black | C36: ='Weekly Plan'!G49 -> LH Scoop | D36: =IF('Weekly Plan'!K49=0,"",'Weekly Plan'!K49) | E36: ='Weekly Plan'!A49 -> 2 | F36: =IFERROR(D36/E36,0) -> 0 | M36: =A4 -> Hyper Silver | N36: =SUM(F5:F18) -> 0 | R36: 2 | AC36: 1
A37: ='Weekly Plan'!F50 -> 705011170 | B37: Deep Black | C37: ='Weekly Plan'!G50 -> RH Scoop | D37: =IF('Weekly Plan'!K50=0,"",'Weekly Plan'!K50) | E37: ='Weekly Plan'!A50 -> 2 | F37: =IFERROR(D37/E37,0) -> 0 | M37: =A20 -> Deep Black | N37: =SUM(F21:F39) -> 0 | AC37: 1
A38: ='Weekly Plan'!F51 -> 708400261 | B38: Deep Black | C38: ='Weekly Plan'!G51 -> LH Access Panel | D38: =IF('Weekly Plan'!K51=0,"",'Weekly Plan'!K51) | E38: ='Weekly Plan'!A51 -> 3 | F38: =IFERROR(D38/E38,0) -> 0 | M38: =G18 -> British Green | N38: =SUM(L19:L32) -> 0 | R38: 1 | AC38: 1
A39: ='Weekly Plan'!F52 -> 708400262 | B39: Deep Black | C39: ='Weekly Plan'!G52 -> RH Access Panel | D39: =IF('Weekly Plan'!K52=0,"",'Weekly Plan'!K52) | E39: ='Weekly Plan'!A52 -> 3 | F39: =IFERROR(D39/E39,0) -> 0 | M39: =A44 -> Vegas White | N39: =SUM(F45:F56) -> 0 | AC39: 4
D40: =IF('Weekly Plan'!H52=0,"",'Weekly Plan'!H52) | E40: ='Weekly Plan'!A53 -> 0 | F40: =IFERROR(D41/E40,0) -> 0 | M40: =G4 -> Black - Laval | N40: =SUM(L5:L10) -> 0 | R40: 4 | AC40: 2
D41: =IF('Weekly Plan'!H53=0,"",'Weekly Plan'!H53) | E41: ='Weekly Plan'!A54 -> 0 | F41: =IFERROR(D42/E41,0) -> 0 | M41: =G12 -> Summit White - Laval | N41: =SUM(L13:L16) -> 0 | R41: 2 | AC41: 1
D42: =IF('Weekly Plan'!H54=0,"",'Weekly Plan'!H54) | M42: =M4 -> Mitchell Plastics | N42: =SUM(Q5:Q10) -> 0 | R42: 1 | AC42: 4
M43: =M12 -> Seastar | N43: =SUM(Q13:Q15) -> 0 | R43: 1 | AC43: 2
A44: Vegas White | E44: ='Weekly Plan'!A56 -> 2 | F44: =IFERROR(D45/E44,0) -> 0 | M44: =M17 -> Manterra - Hyper Silver | N44: =SUM(Q18:Q20) -> 0 | AC44: 1
A45: ='Weekly Plan'!F56 -> 705009213 | B45: Vegas White | C45: ='Weekly Plan'!G56 -> LH F3T Low Fairing | D45: =IF('Weekly Plan'!K56=0,"",'Weekly Plan'!K56) | E45: ='Weekly Plan'!A56 -> 2 | F45: =IFERROR(D45/E45,0) -> 0 | M45: =M22 -> Falcon Lakeside Hyper Silver | N45: =SUM(Q23:Q26) -> 0 | AC45: 1
A46: ='Weekly Plan'!F57 -> 705009214 | B46: Vegas White | C46: ='Weekly Plan'!G57 -> RH F3T Low Fairing | D46: =IF('Weekly Plan'!K57=0,"",'Weekly Plan'!K57) | E46: ='Weekly Plan'!A57 -> 2 | F46: =IFERROR(D46/E46,0) -> 0 | M46: =M28 -> Tesla - High Gloss Black | N46: =SUM(Q29:Q32) -> 0 | AC46: 1
A47: ='Weekly Plan'!F58 -> 705010835 | B47: Vegas White | C47: ='Weekly Plan'!G58 -> RH Fairing | D47: =IF('Weekly Plan'!K58=0,"",'Weekly Plan'!K58) | E47: ='Weekly Plan'!A58 -> 1 | F47: =IFERROR(D47/E47,0) -> 0 | AC47: 4
A48: ='Weekly Plan'!F59 -> 705010851 | B48: Vegas White | C48: ='Weekly Plan'!G59 -> LH Fairing | D48: =IF('Weekly Plan'!K59=0,"",'Weekly Plan'!K59) | E48: ='Weekly Plan'!A59 -> 1 | F48: =IFERROR(D48/E48,0) -> 0 | AC48: 2
A49: ='Weekly Plan'!F60 -> 705012976 | B49: Vegas White | C49: ='Weekly Plan'!G60 -> LH Fender | D49: =IF('Weekly Plan'!K60=0,"",'Weekly Plan'!K60) | E49: ='Weekly Plan'!A60 -> 2 | F49: =IFERROR(D49/E49,0) -> 0 | AC49: 1
A50: ='Weekly Plan'!F61 -> 705012868 | B50: Vegas White | C50: ='Weekly Plan'!G61 -> RH Fender | D50: =IF('Weekly Plan'!K61=0,"",'Weekly Plan'!K61) | E50: ='Weekly Plan'!A61 -> 2 | F50: =IFERROR(D50/E50,0) -> 0 | M50: Total: | N50: =SUM(N36:N49) -> 0 | AC50: 1
A51: ='Weekly Plan'!F62 -> 708200366 | B51: Vegas White | C51: ='Weekly Plan'!G62 -> Hood | D51: =IF('Weekly Plan'!K62=0,"",'Weekly Plan'!K62) | E51: ='Weekly Plan'!A62 -> 1 | F51: =IFERROR(D51/E51,0) -> 0 | AC51: 4
A52: ='Weekly Plan'!F63 -> 708200401 | B52: Vegas White | C52: ='Weekly Plan'!G63 -> LH Vent Panel | D52: =IF('Weekly Plan'!K63=0,"",'Weekly Plan'!K63) | E52: ='Weekly Plan'!A63 -> 2 | F52: =IFERROR(D52/E52,0) -> 0 | M52: Gaps | N52: =(COUNTIF(N36:N49, ">0")-1)*(IF(N50>0, 12, 0)) -> 0 | AC52: 2
A53: ='Weekly Plan'!F64 -> 708200402 | B53: Vegas White | C53: ='Weekly Plan'!G64 -> RH Vent Panel | D53: =IF('Weekly Plan'!K64=0,"",'Weekly Plan'!K64) | E53: ='Weekly Plan'!A64 -> 2 | F53: =IFERROR(D53/E53,0) -> 0 | AC53: 1
A54: ='Weekly Plan'!F65 -> 708200698 | B54: Vegas White | C54: ='Weekly Plan'!G65 -> Fascia | D54: =IF('Weekly Plan'!K65=0,"",'Weekly Plan'!K65) | E54: ='Weekly Plan'!A65 -> 1 | F54: =IFERROR(D54/E54,0) -> 0 | M54: Total Time (hrs) | N54: =(N50+N52)/60 -> 0 | AC54: 4
A55: ='Weekly Plan'!F66 -> 708301214 | B55: Vegas White | C55: ='Weekly Plan'!G66 -> LH Cover | D55: =IF('Weekly Plan'!K66=0,"",'Weekly Plan'!K66) | E55: ='Weekly Plan'!A66 -> 1 | F55: =IFERROR(D55/E55,0) -> 0 | AC55: 2
A56: ='Weekly Plan'!F67 -> 708301215 | B56: Vegas White | C56: ='Weekly Plan'!G67 -> RH Cover | D56: =IF('Weekly Plan'!K67=0,"",'Weekly Plan'!K67) | E56: ='Weekly Plan'!A67 -> 1 | F56: =IFERROR(D56/E56,0) -> 0 | AC56: 1
AC57: 1
AC58: 1
AC59: 4
AC60: 2
AC61: 1
K79: =14*12 -> 168

Sheet Fri (103)
A1: 103 LINE LOAD SHEET | J1: Date: | M1: ='Weekly Plan'!L1 -> 45303
A2: Order of Colours:
A4: Hyper Silver | G4: Black - Laval | M4: Mitchell Plastics
A5: ='Weekly Plan'!F4 -> 705014100 | B5: Hyper Silver | C5: ='Weekly Plan'!G4 -> LH Upper Fairing | D5: =IF('Weekly Plan'!L4=0,"",'Weekly Plan'!L4) | E5: ='Weekly Plan'!A4 -> 2 | F5: =IFERROR(D5/E5,0) -> 0 | G5: ='Weekly Plan'!F69 -> 99944 | H5: Black | I5: ='Weekly Plan'!G69 -> Bezel | J5: =IF('Weekly Plan'!L69=0,"",'Weekly Plan'!L69) | K5: ='Weekly Plan'!A69 -> 2 | L5: =IFERROR(J5/K5,0) -> 0 | M5: ='Weekly Plan'!F94 -> 80931 | N5: ='Weekly Plan'!G94 -> Black - LH | O5: =IF('Weekly Plan'!L94=0,"",'Weekly Plan'!L94) | P5: ='Weekly Plan'!A94 -> 2 | Q5: =IFERROR(O5/P5,0) -> 0 | AC5: 3
A6: ='Weekly Plan'!F5 -> 705014101 | B6: Hyper Silver | C6: ='Weekly Plan'!G5 -> RH Upper Fairing | D6: =IF('Weekly Plan'!L5=0,"",'Weekly Plan'!L5) | E6: ='Weekly Plan'!A5 -> 2 | F6: =IFERROR(D6/E6,0) -> 0 | G6: ='Weekly Plan'!F70 -> 99633 | H6: Black | I6: ='Weekly Plan'!G70 -> IR Cover LH | J6: =IF('Weekly Plan'!L70=0,"",'Weekly Plan'!L70) | K6: ='Weekly Plan'!A70 -> 20 | L6: =IFERROR(J6/K6,0) -> 0 | M6: ='Weekly Plan'!F95 -> 80930 | N6: ='Weekly Plan'!G95 -> Black - RH | O6: =IF('Weekly Plan'!L95=0,"",'Weekly Plan'!L95) | P6: ='Weekly Plan'!A95 -> 2 | Q6: =IFERROR(O6/P6,0) -> 0 | AC6: 4
A7: ='Weekly Plan'!F6 -> 705012976 | B7: Hyper Silver | C7: ='Weekly Plan'!G6 -> LH Fender | D7: =IF('Weekly Plan'!L6=0,"",'Weekly Plan'!L6) | E7: ='Weekly Plan'!A6 -> 2 | F7: =IFERROR(D7/E7,0) -> 0 | G7: ='Weekly Plan'!F71 -> 99646 | H7: Black | I7: ='Weekly Plan'!G71 -> IR Cover RH | J7: =IF('Weekly Plan'!L71=0,"",'Weekly Plan'!L71) | K7: ='Weekly Plan'!A71 -> 20 | L7: =IFERROR(J7/K7,0) -> 0 | M7: ='Weekly Plan'!F96 -> 80933 | N7: ='Weekly Plan'!G96 -> Red - LH | O7: =IF('Weekly Plan'!L96=0,"",'Weekly Plan'!L96) | P7: ='Weekly Plan'!A96 -> 2 | Q7: =IFERROR(O7/P7,0) -> 0 | AC7: 4
A8: ='Weekly Plan'!F7 -> 705012868 | B8: Hyper Silver | C8: ='Weekly Plan'!G7 -> RH Fender | D8: =IF('Weekly Plan'!L7=0,"",'Weekly Plan'!L7) | E8: ='Weekly Plan'!A7 -> 2 | F8: =IFERROR(D8/E8,0) -> 0 | G8: ='Weekly Plan'!F72 -> 99635 | H8: Black | I8: ='Weekly Plan'!G72 -> Lateral Belt LH | J8: =IF('Weekly Plan'!L72=0,"",'Weekly Plan'!L72) | K8: ='Weekly Plan'!A72 -> 6 | L8: =IFERROR(J8/K8,0) -> 0 | M8: ='Weekly Plan'!F97 -> 80932 | N8: ='Weekly Plan'!G97 -> Red - RH | O8: =IF('Weekly Plan'!L97=0,"",'Weekly Plan'!L97) | P8: ='Weekly Plan'!A97 -> 2 | Q8: =IFERROR(O8/P8,0) -> 0 | AC8: 1
A9: ='Weekly Plan'!F8 -> 708003041 | B9: Hyper Silver | C9: ='Weekly Plan'!G8 -> Rear Fairing | D9: =IF('Weekly Plan'!L8=0,"",'Weekly Plan'!L8) | E9: ='Weekly Plan'!A8 -> 2 | F9: =IFERROR(D9/E9,0) -> 0 | G9: ='Weekly Plan'!F73 -> 99944 | H9: Black | I9: ='Weekly Plan'!G73 -> Lateral Belt RH | J9: =IF('Weekly Plan'!L73=0,"",'Weekly Plan'!L73) | K9: ='Weekly Plan'!A73 -> 6 | L9: =IFERROR(J9/K9,0) -> 0 | M9: ='Weekly Plan'!F98 -> Other | N9: ='Weekly Plan'!G98 -> White - LH | O9: =IF('Weekly Plan'!L98=0,"",'Weekly Plan'!L98) | P9: ='Weekly Plan'!A98 -> 2 | Q9: =IFERROR(O9/P9,0) -> 0 | AC9: 1
A10: ='Weekly Plan'!F9 -> 708200870 | B10: Hyper Silver | C10: ='Weekly Plan'!G9 -> LH Front Fairing | D10: =IF('Weekly Plan'!L9=0,"",'Weekly Plan'!L9) | E10: ='Weekly Plan'!A9 -> 1 | F10: =IFERROR(D10/E10,0) -> 0 | G10: ='Weekly Plan'!F74 -> 99636 | H10: Black | I10: ='Weekly Plan'!G74 -> Rear Belt | J10: =IF('Weekly Plan'!L74=0,"",'Weekly Plan'!L74) | K10: ='Weekly Plan'!A74 -> 20 | L10: =IFERROR(J10/K10,0) -> 0 | M10: ='Weekly Plan'!F99 -> Other | N10: ='Weekly Plan'!G99 -> White - RH | O10: =IF('Weekly Plan'!L99=0,"",'Weekly Plan'!L99) | P10: ='Weekly Plan'!A99 -> 2 | Q10: =IFERROR(O10/P10,0) -> 0 | AC10: 3
A11: ='Weekly Plan'!F10 -> 708200871 | B11: Hyper Silver | C11: ='Weekly Plan'!G10 -> RH Front Fairing | D11: =IF('Weekly Plan'!L10=0,"",'Weekly Plan'!L10) | E11: ='Weekly Plan'!A10 -> 1 | F11: =IFERROR(D11/E11,0) -> 0 | AC11: 3
A12: ='Weekly Plan'!F11 -> 708200869 | B12: Hyper Silver | C12: ='Weekly Plan'!G11 -> R66 Hood | D12: =IF('Weekly Plan'!L11=0,"",'Weekly Plan'!L11) | E12: ='Weekly Plan'!A11 -> 1 | F12: =IFERROR(D12/E12,0) -> 0 | G12: Summit White - Laval | M12: Seastar | AC12: 3
A13: ='Weekly Plan'!F12 -> 708302947 | B13: Hyper Silver | C13: ='Weekly Plan'!G12 -> LH Box Cover | D13: =IF('Weekly Plan'!L12=0,"",'Weekly Plan'!L12) | E13: ='Weekly Plan'!A12 -> 2 | F13: =IFERROR(D13/E13,0) -> 0 | G13: ='Weekly Plan'!F76 -> 99629 | H13: Summit White | I13: ='Weekly Plan'!G76 -> Main Lower Cover | J13: =IF('Weekly Plan'!L76=0,"",'Weekly Plan'!L76) | K13: ='Weekly Plan'!A76 -> 1 | L13: =IFERROR(J13/K13,0) -> 0 | M13: ='Weekly Plan'!F81 -> 0 | N13: ='Weekly Plan'!G81 -> Handles | O13: =IF('Weekly Plan'!L81=0,"",'Weekly Plan'!L81) | P13: ='Weekly Plan'!A81 -> 18 | Q13: =IFERROR(O13/P13,0) -> 0 | AC13: 4
A14: ='Weekly Plan'!F13 -> 708302948 | B14: Hyper Silver | C14: ='Weekly Plan'!G13 -> RH Box Cover | D14: =IF('Weekly Plan'!L13=0,"",'Weekly Plan'!L13) | E14: ='Weekly Plan'!A13 -> 2 | F14: =IFERROR(D14/E14,0) -> 0 | G14: ='Weekly Plan'!F77 -> 99631 | H14: Summit White | I14: ='Weekly Plan'!G77 -> Main Upper Cover | J14: =IF('Weekly Plan'!L77=0,"",'Weekly Plan'!L77) | K14: ='Weekly Plan'!A77 -> 1 | L14: =IFERROR(J14/K14,0) -> 0 | M14: ='Weekly Plan'!F82 -> 0 | N14: ='Weekly Plan'!G82 -> 0 | O14: =IF('Weekly Plan'!L82=0,"",'Weekly Plan'!L82) | P14: ='Weekly Plan'!A82 -> 0 | Q14: =IFERROR(O14/P14,0) -> 0 | AC14: 4
A15: ='Weekly Plan'!F14 -> 708303800 | B15: Hyper Silver | C15: ='Weekly Plan'!G14 -> LH F3T Panel | D15: =IF('Weekly Plan'!L14=0,"",'Weekly Plan'!L14) | E15: ='Weekly Plan'!A14 -> 4 | F15: =IFERROR(D15/E15,0) -> 0 | G15: ='Weekly Plan'!F78 -> 99638 | H15: Summit White | I15: ='Weekly Plan'!G78 -> Rear Plate | J15: =IF('Weekly Plan'!L78=0,"",'Weekly Plan'!L78) | K15: ='Weekly Plan'!A78 -> 20 | L15: =IFERROR(J15/K15,0) -> 0 | M15: ='Weekly Plan'!F83 -> 0 | N15: ='Weekly Plan'!G83 -> 0 | O15: =IF('Weekly Plan'!L83=0,"",'Weekly Plan'!L83) | P15: ='Weekly Plan'!A83 -> 0 | Q15: =IFERROR(O15/P15,0) -> 0 | AC15: 4
A16: ='Weekly Plan'!F15 -> 708303801 | B16: Hyper Silver | C16: ='Weekly Plan'!G15 -> RH F3T Panel | D16: =IF('Weekly Plan'!L15=0,"",'Weekly Plan'!L15) | E16: ='Weekly Plan'!A15 -> 4 | F16: =IFERROR(D16/E16,0) -> 0 | G16: ='Weekly Plan'!F79 -> 99630 | H16: Summit White | I16: ='Weekly Plan'!G79 -> Vent Cover | J16: =IF('Weekly Plan'!L79=0,"",'Weekly Plan'!L79) | K16: ='Weekly Plan'!A79 -> 1 | L16: =IFERROR(J16/K16,0) -> 0 | AC16: 2
A17: ='Weekly Plan'!F16 -> 708400461 | B17: Hyper Silver | C17: ='Weekly Plan'!G16 -> LH Mirror Shell -No Hole | D17: =IF('Weekly Plan'!L16=0,"",'Weekly Plan'!L16) | E17: ='Weekly Plan'!A16 -> 2 | F17: =IFERROR(D17/E17,0) -> 0 | M17: Manterra - Hyper Silver | AC17: 1
A18: ='Weekly Plan'!F17 -> 708400463 | B18: Hyper Silver | C18: ='Weekly Plan'!G17 -> RH Mirror Shell - No Hole | D18: =IF('Weekly Plan'!L17=0,"",'Weekly Plan'!L17) | E18: ='Weekly Plan'!A17 -> 2 | F18: =IFERROR(D18/E18,0) -> 0 | G18: British Green | M18: ='Weekly Plan'!F85 -> 0 | N18: ='Weekly Plan'!G85 -> Base Dual | O18: =IF('Weekly Plan'!L85=0,"",'Weekly Plan'!L85) | P18: ='Weekly Plan'!A85 -> 6 | Q18: =IFERROR(O18/P18,0) -> 0 | AC18: 1
G19: ='Weekly Plan'!F19 -> 705009213 | H19: British Green | I19: ='Weekly Plan'!G19 -> LH F3T Low Fairing | J19: =IF('Weekly Plan'!L19=0,"",'Weekly Plan'!L19) | K19: ='Weekly Plan'!A19 -> 2 | L19: =IFERROR(J19/K19,0) -> 0 | M19: ='Weekly Plan'!F86 -> 500458 | N19: ='Weekly Plan'!G86 -> Face Plate, DTM, SSR | O19: =IF('Weekly Plan'!L86=0,"",'Weekly Plan'!L86) | P19: ='Weekly Plan'!A86 -> 16 | Q19: =IFERROR(O19/P19,0) -> 0 | AC19: 1
A20: Deep Black | G20: ='Weekly Plan'!F20 -> 705009214 | H20: British Green | I20: ='Weekly Plan'!G20 -> RH F3T Low Fairing | J20: =IF('Weekly Plan'!L20=0,"",'Weekly Plan'!L20) | K20: ='Weekly Plan'!A20 -> 2 | L20: =IFERROR(J20/K20,0) -> 0 | M20: ='Weekly Plan'!F87 -> 500458 | N20: ='Weekly Plan'!G87 -> Face Plate, STM, SSR | O20: =IF('Weekly Plan'!L87=0,"",'Weekly Plan'!L87) | P20: ='Weekly Plan'!A87 -> 16 | Q20: =IFERROR(O20/P20,0) -> 0 | AC20: 2
A21: ='Weekly Plan'!F34 -> 708400287 | B21: Deep Black | C21: ='Weekly Plan'!G34 -> Tank Cover | D21: =IF('Weekly Plan'!L34=0,"",'Weekly Plan'!L34) | E21: ='Weekly Plan'!A34 -> 2 | F21: =IFERROR(D21/E21,0) -> 0 | G21: ='Weekly Plan'!F21 -> 705010835 | H21: British Green | I21: ='Weekly Plan'!G21 -> RH Fairing | J21: =IF('Weekly Plan'!L21=0,"",'Weekly Plan'!L21) | K21: ='Weekly Plan'!A21 -> 1 | L21: =IFERROR(J21/K21,0) -> 0 | AC21: 1
A22: ='Weekly Plan'!F35 -> 705019189 | B22: Deep Black | C22: ='Weekly Plan'!G35 -> New Tank Cover | D22: =IF('Weekly Plan'!L35=0,"",'Weekly Plan'!L35) | E22: ='Weekly Plan'!A35 -> 2 | F22: =IFERROR(D22/E22,0) -> 0 | G22: ='Weekly Plan'!F22 -> 705010851 | H22: British Green | I22: ='Weekly Plan'!G22 -> LH Fairing | J22: =IF('Weekly Plan'!L22=0,"",'Weekly Plan'!L22) | K22: ='Weekly Plan'!A22 -> 1 | L22: =IFERROR(J22/K22,0) -> 0 | M22: Falcon Lakeside Hyper Silver | AC22: 2
A23: ='Weekly Plan'!F36 -> 708001528 | B23: Deep Black | C23: ='Weekly Plan'!G36 -> Tail Fairing | D23: =IF('Weekly Plan'!L36=0,"",'Weekly Plan'!L36) | E23: ='Weekly Plan'!A36 -> 2 | F23: =IFERROR(D23/E23,0) -> 0 | G23: ='Weekly Plan'!F23 -> 705012976 | H23: British Green | I23: ='Weekly Plan'!G23 -> LH Fender | J23: =IF('Weekly Plan'!L23=0,"",'Weekly Plan'!L23) | K23: ='Weekly Plan'!A23 -> 2 | L23: =IFERROR(J23/K23,0) -> 0 | M23: ='Weekly Plan'!F89 -> 2650 | N23: ='Weekly Plan'!G89 -> LH Side Puck | O23: =IF('Weekly Plan'!L89=0,"",'Weekly Plan'!L89) | P23: ='Weekly Plan'!A89 -> 6 | Q23: =IFERROR(O23/P23,0) -> 0 | AC23: 1
A24: ='Weekly Plan'!F37 -> 708400069 | B24: Deep Black | C24: ='Weekly Plan'!G37 -> RH Consol Fairing | D24: =IF('Weekly Plan'!L37=0,"",'Weekly Plan'!L37) | E24: ='Weekly Plan'!A37 -> 2 | F24: =IFERROR(D24/E24,0) -> 0 | G24: ='Weekly Plan'!F24 -> 705012868 | H24: British Green | I24: ='Weekly Plan'!G24 -> RH Fender | J24: =IF('Weekly Plan'!L24=0,"",'Weekly Plan'!L24) | K24: ='Weekly Plan'!A24 -> 2 | L24: =IFERROR(J24/K24,0) -> 0 | M24: ='Weekly Plan'!F90 -> 2651 | N24: ='Weekly Plan'!G90 -> RH Side Puck | O24: =IF('Weekly Plan'!L90=0,"",'Weekly Plan'!L90) | P24: ='Weekly Plan'!A90 -> 6 | Q24: =IFERROR(O24/P24,0) -> 0 | AC24: 2
A25: ='Weekly Plan'!F38 -> 708400067 | B25: Deep Black | C25: ='Weekly Plan'!G38 -> LH Consol Fairing | D25: =IF('Weekly Plan'!L38=0,"",'Weekly Plan'!L38) | E25: ='Weekly Plan'!A38 -> 2 | F25: =IFERROR(D25/E25,0) -> 0 | G25: ='Weekly Plan'!F25 -> 708200366 | H25: British Green | I25: ='Weekly Plan'!G25 -> Hood | J25: =IF('Weekly Plan'!L25=0,"",'Weekly Plan'!L25) | K25: ='Weekly Plan'!A25 -> 1 | L25: =IFERROR(J25/K25,0) -> 0 | M25: ='Weekly Plan'!F91 -> 2647 | N25: ='Weekly Plan'!G91 -> Front Puck | O25: =IF('Weekly Plan'!L91=0,"",'Weekly Plan'!L91) | P25: ='Weekly Plan'!A91 -> 6 | Q25: =IFERROR(O25/P25,0) -> 0 | R25: 18 | AC25: 1
A26: ='Weekly Plan'!F39 -> 708400956 | B26: Deep Black | C26: ='Weekly Plan'!G39 -> New LH Console Panel | D26: =IF('Weekly Plan'!L39=0,"",'Weekly Plan'!L39) | E26: ='Weekly Plan'!A39 -> 2 | F26: =IFERROR(D26/E26,0) -> 0 | G26: ='Weekly Plan'!F26 -> 708200401 | H26: British Green | I26: ='Weekly Plan'!G26 -> LH Vent Panel | J26: =IF('Weekly Plan'!L26=0,"",'Weekly Plan'!L26) | K26: ='Weekly Plan'!A26 -> 2 | L26: =IFERROR(J26/K26,0) -> 0 | M26: ='Weekly Plan'!F92 -> 0 | N26: ='Weekly Plan'!G92 -> 0 | O26: =IF('Weekly Plan'!L92=0,"",'Weekly Plan'!L92) | P26: ='Weekly Plan'!A92 -> 0 | Q26: =IFERROR(O26/P26,0) -> 0 | AC26: 1
A27: ='Weekly Plan'!F40 -> 708400957 | B27: Deep Black | C27: ='Weekly Plan'!G40 -> New RH Console Panel | D27: =IF('Weekly Plan'!L40=0,"",'Weekly Plan'!L40) | E27: ='Weekly Plan'!A40 -> 2 | F27: =IFERROR(D27/E27,0) -> 0 | G27: ='Weekly Plan'!F27 -> 708200402 | H27: British Green | I27: ='Weekly Plan'!G27 -> RH Vent Panel | J27: =IF('Weekly Plan'!L27=0,"",'Weekly Plan'!L27) | K27: ='Weekly Plan'!A27 -> 2 | L27: =IFERROR(J27/K27,0) -> 0 | P27: ='Weekly Plan'!A93 -> 0 | AC27: 1
A28: ='Weekly Plan'!F41 -> 708400722 | B28: Deep Black | C28: ='Weekly Plan'!G41 -> New Nose Fairing | D28: =IF('Weekly Plan'!L41=0,"",'Weekly Plan'!L41) | E28: ='Weekly Plan'!A41 -> 2 | F28: =IFERROR(D28/E28,0) -> 0 | G28: ='Weekly Plan'!F28 -> 708200698 | H28: British Green | I28: ='Weekly Plan'!G28 -> Fascia | J28: =IF('Weekly Plan'!L28=0,"",'Weekly Plan'!L28) | K28: ='Weekly Plan'!A28 -> 1 | L28: =IFERROR(J28/K28,0) -> 0 | M28: Tesla - High Gloss Black | P28: ='Weekly Plan'!A94 -> 2 | AC28: 2
A29: ='Weekly Plan'!F42 -> 708400721 | B29: Deep Black | C29: ='Weekly Plan'!G42 -> New Tail Fairing | D29: =IF('Weekly Plan'!L42=0,"",'Weekly Plan'!L42) | E29: ='Weekly Plan'!A42 -> 8 | F29: =IFERROR(D29/E29,0) -> 0 | G29: ='Weekly Plan'!F29 -> 708301214 | H29: British Green | I29: ='Weekly Plan'!G29 -> LH Cover | J29: =IF('Weekly Plan'!L29=0,"",'Weekly Plan'!L29) | K29: ='Weekly Plan'!A29 -> 1 | L29: =IFERROR(J29/K29,0) -> 0 | M29: ='Weekly Plan'!F101 -> 9929 | N29: ='Weekly Plan'!G101 -> MS Applique | O29: =IF('Weekly Plan'!L101=0,"",'Weekly Plan'!L101) | P29: ='Weekly Plan'!A101 -> 6 | Q29: =IFERROR(O29/P29,0) -> 0 | R29: 21
A30: ='Weekly Plan'!F43 -> 708400462 | B30: Deep Black | C30: ='Weekly Plan'!G43 -> LH Mirror Shell | D30: =IF('Weekly Plan'!L43=0,"",'Weekly Plan'!L43) | E30: ='Weekly Plan'!A43 -> 2 | F30: =IFERROR(D30/E30,0) -> 0 | G30: ='Weekly Plan'!F30 -> 708301215 | H30: British Green | I30: ='Weekly Plan'!G30 -> RH Cover | J30: =IF('Weekly Plan'!L30=0,"",'Weekly Plan'!L30) | K30: ='Weekly Plan'!A30 -> 1 | L30: =IFERROR(J30/K30,0) -> 0 | M30: ='Weekly Plan'!F102 -> 9931 | N30: ='Weekly Plan'!G102 -> MX Applique | O30: =IF('Weekly Plan'!L102=0,"",'Weekly Plan'!L102) | P30: ='Weekly Plan'!A102 -> 6 | Q30: =IFERROR(O30/P30,0) -> 0 | AC30: 1
A31: ='Weekly Plan'!F44 -> 708400464 | B31: Deep Black | C31: ='Weekly Plan'!G44 -> RH Mirror Shell | D31: =IF('Weekly Plan'!L44=0,"",'Weekly Plan'!L44) | E31: ='Weekly Plan'!A44 -> 2 | F31: =IFERROR(D31/E31,0) -> 0 | G31: ='Weekly Plan'!F31 -> 708303800 | H31: British Green | I31: ='Weekly Plan'!G31 -> LH F3T Panel | J31: =IF('Weekly Plan'!L31=0,"",'Weekly Plan'!L31) | K31: ='Weekly Plan'!A31 -> 4 | L31: =IFERROR(J31/K31,0) -> 0 | M31: ='Weekly Plan'!F103 -> 0 | N31: ='Weekly Plan'!G103 -> MS Applique Rework | O31: =IF('Weekly Plan'!L103=0,"",'Weekly Plan'!L103) | P31: ='Weekly Plan'!A103 -> 6 | Q31: =IFERROR(O31/P31,0) -> 0 | AC31: 1
A32: ='Weekly Plan'!F45 -> 708400461 | B32: Deep Black | C32: ='Weekly Plan'!G45 -> LH Mirror Shell - No Hole | D32: =IF('Weekly Plan'!L45=0,"",'Weekly Plan'!L45) | E32: ='Weekly Plan'!A45 -> 2 | F32: =IFERROR(D32/E32,0) -> 0 | G32: ='Weekly Plan'!F32 -> 708303801 | H32: British Green | I32: ='Weekly Plan'!G32 -> RH F3T Panel | J32: =IF('Weekly Plan'!L32=0,"",'Weekly Plan'!L32) | K32: ='Weekly Plan'!A32 -> 4 | L32: =IFERROR(J32/K32,0) -> 0 | M32: ='Weekly Plan'!F104 -> 0 | N32: ='Weekly Plan'!G104 -> MX Applique Rework | O32: =IF('Weekly Plan'!L104=0,"",'Weekly Plan'!L104) | P32: ='Weekly Plan'!A104 -> 6 | Q32: =IFERROR(O32/P32,0) -> 0 | AC32: 1
A33: ='Weekly Plan'!F46 -> 708400463 | B33: Deep Black | C33: ='Weekly Plan'!G46 -> RH Mirror Shell - No Hole | D33: =IF('Weekly Plan'!L46=0,"",'Weekly Plan'!L46) | E33: ='Weekly Plan'!A46 -> 2 | F33: =IFERROR(D33/E33,0) -> 0 | K33: ='Weekly Plan'!A33 -> 0 | L33: =IFERROR(J33/K33,0) -> 0 | AC33: 1
A34: ='Weekly Plan'!F47 -> 705012976 | B34: Deep Black | C34: ='Weekly Plan'!G47 -> LH Fender | D34: =IF('Weekly Plan'!L47=0,"",'Weekly Plan'!L47) | E34: ='Weekly Plan'!A47 -> 2 | F34: =IFERROR(D34/E34,0) -> 0 | AC34: 2
A35: ='Weekly Plan'!F48 -> 705012868 | B35: Deep Black | C35: ='Weekly Plan'!G48 -> RH Fender | D35: =IF('Weekly Plan'!L48=0,"",'Weekly Plan'!L48) | E35: ='Weekly Plan'!A48 -> 2 | F35: =IFERROR(D35/E35,0) -> 0 | G35: Comments | M35: Colour | N35: Time (mins) | R35: 4 | AC35: 1
A36: ='Weekly Plan'!F49 -> 705011169 | B36: Deep Black | C36: ='Weekly Plan'!G49 -> LH Scoop | D36: =IF('Weekly Plan'!L49=0,"",'Weekly Plan'!L49) | E36: ='Weekly Plan'!A49 -> 2 | F36: =IFERROR(D36/E36,0) -> 0 | M36: =A4 -> Hyper Silver | N36: =SUM(F5:F18) -> 0 | R36: 2 | AC36: 1
A37: ='Weekly Plan'!F50 -> 705011170 | B37: Deep Black | C37: ='Weekly Plan'!G50 -> RH Scoop | D37: =IF('Weekly Plan'!L50=0,"",'Weekly Plan'!L50) | E37: ='Weekly Plan'!A50 -> 2 | F37: =IFERROR(D37/E37,0) -> 0 | M37: =A20 -> Deep Black | N37: =SUM(F21:F39) -> 0 | AC37: 1
A38: ='Weekly Plan'!F51 -> 708400261 | B38: Deep Black | C38: ='Weekly Plan'!G51 -> LH Access Panel | D38: =IF('Weekly Plan'!L51=0,"",'Weekly Plan'!L51) | E38: ='Weekly Plan'!A51 -> 3 | F38: =IFERROR(D38/E38,0) -> 0 | M38: =G18 -> British Green | N38: =SUM(L19:L32) -> 0 | R38: 1 | AC38: 1
A39: ='Weekly Plan'!F52 -> 708400262 | B39: Deep Black | C39: ='Weekly Plan'!G52 -> RH Access Panel | D39: =IF('Weekly Plan'!L52=0,"",'Weekly Plan'!L52) | E39: ='Weekly Plan'!A52 -> 3 | F39: =IFERROR(D39/E39,0) -> 0 | M39: =A44 -> Vegas White | N39: =SUM(F45:F56) -> 0 | AC39: 4
D40: =IF('Weekly Plan'!H52=0,"",'Weekly Plan'!H52) | E40: ='Weekly Plan'!A53 -> 0 | F40: =IFERROR(D41/E40,0) -> 0 | M40: =G4 -> Black - Laval | N40: =SUM(L5:L10) -> 0 | R40: 4 | AC40: 2
D41: =IF('Weekly Plan'!H53=0,"",'Weekly Plan'!H53) | E41: ='Weekly Plan'!A54 -> 0 | F41: =IFERROR(D42/E41,0) -> 0 | M41: =G12 -> Summit White - Laval | N41: =SUM(L13:L16) -> 0 | R41: 2 | AC41: 1
D42: =IF('Weekly Plan'!H54=0,"",'Weekly Plan'!H54) | M42: =M4 -> Mitchell Plastics | N42: =SUM(Q5:Q10) -> 0 | R42: 1 | AC42: 4
M43: =M12 -> Seastar | N43: =SUM(Q13:Q15) -> 0 | R43: 1 | AC43: 2
A44: Vegas White | E44: ='Weekly Plan'!A56 -> 2 | F44: =IFERROR(D45/E44,0) -> 0 | M44: =M17 -> Manterra - Hyper Silver | N44: =SUM(Q18:Q20) -> 0 | AC44: 1
A45: ='Weekly Plan'!F56 -> 705009213 | B45: Vegas White | C45: ='Weekly Plan'!G56 -> LH F3T Low Fairing | D45: =IF('Weekly Plan'!L56=0,"",'Weekly Plan'!L56) | E45: ='Weekly Plan'!A56 -> 2 | F45: =IFERROR(D45/E45,0) -> 0 | M45: =M22 -> Falcon Lakeside Hyper Silver | N45: =SUM(Q23:Q26) -> 0 | AC45: 1
A46: ='Weekly Plan'!F57 -> 705009214 | B46: Vegas White | C46: ='Weekly Plan'!G57 -> RH F3T Low Fairing | D46: =IF('Weekly Plan'!L57=0,"",'Weekly Plan'!L57) | E46: ='Weekly Plan'!A57 -> 2 | F46: =IFERROR(D46/E46,0) -> 0 | M46: =M28 -> Tesla - High Gloss Black | N46: =SUM(Q29:Q32) -> 0 | AC46: 1
A47: ='Weekly Plan'!F58 -> 705010835 | B47: Vegas White | C47: ='Weekly Plan'!G58 -> RH Fairing | D47: =IF('Weekly Plan'!L58=0,"",'Weekly Plan'!L58) | E47: ='Weekly Plan'!A58 -> 1 | F47: =IFERROR(D47/E47,0) -> 0 | AC47: 4
