Workbook
Name TODAY: Totals!$C$1

Sheet Totals
B1: PAINT DATE: | C1: 44257 | D1: GM RS SPOILER | R1: SHIFT:
D3: GOOD | E3: REQUIRES BUFFING | J3: REQUIRES SANDING AND REPAINTING | S3: MOLDING DEFECT
A4: Raw Incoming Part Number | B4: PAINTED PART # | C4: COLOUR | D4: TOTAL GOOD | E4: ORANGE PEEL | F4: SAG / RUN | G4: DIRT | H4: OTHER | I4: TOTAL BUFF | J4: THIN CLEAR | K4: THIN PAINT | L4: ORANGE PEEL® | M4: SAG / RUN | N4: DIRT® | O4: WATERMARK | P4: WATER | Q4: OTHER | R4: TOTAL REPAINT | S4: SUPPLIER SANDING ISSUES | T4: Gouges | U4: TOTAL MOLDING
B5: VG0056BL3PA | C5: GM BLACK | D5: =COUNTIFS(Query!A:A,Table2[[#This Row],[PAINTED PART '#]],Query!B:B,"Good",Query!C:C,">"&TODAY,Query!C:C,"<"&(TODAY+1)) -> 5 | E5: =COUNTIFS(Query!A:A,Table2[[#This Row],[PAINTED PART '#]],Query!B:B,"Orange Peel-B",Query!C:C,">"&TODAY,Query!C:C,"<"&(TODAY+1)) -> 1 | F5: =COUNTIFS(Query!A:A,Table2[[#This Row],[PAINTED PART '#]],Query!B:B,"Sag/Run-B",Query!C:C,">"&TODAY,Query!C:C,"<"&(TODAY+1)) -> 0 | G5: =COUNTIFS(Query!A:A,Table2[[#This Row],[PAINTED PART '#]],Query!B:B,"Dirt-B",Query!C:C,">"&TODAY,Query!C:C,"<"&(TODAY+1)) -> 38 | H5: =COUNTIFS(Query!A:A,Table2[[#This Row],[PAINTED PART '#]],Query!B:B,"Other-B",Query!C:C,">"&TODAY,Query!C:C,"<"&(TODAY+1)) -> 0 | I5: =E5+F5+G5+H5 -> 39 | J5: =COUNTIFS(Query!A:A,Table2[[#This Row],[PAINTED PART '#]],Query!B:B,"Thin Clear-R",Query!C:C,">"&TODAY,Query!C:C,"<"&(TODAY+1)) -> 0 | K5: =COUNTIFS(Query!A:A,Table2[[#This Row],[PAINTED PART '#]],Query!B:B,"Thin Paint-R",Query!C:C,">"&TODAY,Query!C:C,"<"&(TODAY+1)) -> 0 | L5: =COUNTIFS(Query!A:A,Table2[[#This Row],[PAINTED PART '#]],Query!B:B,"Orange Peel-R",Query!C:C,">"&TODAY,Query!C:C,"<"&(TODAY+1)) -> 1 | M5: =COUNTIFS(Query!A:A,Table2[[#This Row],[PAINTED PART '#]],Query!B:B,"Sag/Run-R",Query!C:C,">"&TODAY,Query!C:C,"<"&(TODAY+1)) -> 0 | N5: =COUNTIFS(Query!A:A,Table2[[#This Row],[PAINTED PART '#]],Query!B:B,"Dirt-R",Query!C:C,">"&TODAY,Query!C:C,"<"&(TODAY+1)) -> 33 | O5: =COUNTIFS(Query!A:A,Table2[[#This Row],[PAINTED PART '#]],Query!B:B,"WATERMARK-R",Query!C:C,">"&TODAY,Query!C:C,"<"&(TODAY+1)) -> 1 | P5: =COUNTIFS(Query!A:A,Table2[[#This Row],[PAINTED PART '#]],Query!B:B,"WATER-R",Query!C:C,">"&TODAY,Query!C:C,"<"&(TODAY+1)) -> 1 | Q5: =COUNTIFS(Query!A:A,Table2[[#This Row],[PAINTED PART '#]],Query!B:B,"Other-R",Query!C:C,">"&TODAY,Query!C:C,"<"&(TODAY+1)) -> 8 | R5: =J5+K5+L5+M5+N5+O5+P5+Q5 -> 44 | S5: =COUNTIFS(Query!A:A,Table2[[#This Row],[PAINTED PART '#]],Query!B:B,"Suplier Sand-MD",Query!C:C,">"&TODAY,Query!C:C,"<"&(TODAY+1)) -> 1 | T5: =COUNTIFS(Query!A:A,Table2[[#This Row],[PAINTED PART '#]],Query!B:B,"Gouges-MD",Query!C:C,">"&TODAY,Query!C:C,"<"&(TODAY+1)) -> 0 | U5: =S5+T5 -> 1
B6: VG0056SP3PA | C6: PRIMER | D6: =COUNTIFS(Query!A:A,Table2[[#This Row],[PAINTED PART '#]],Query!B:B,"Good",Query!C:C,">"&TODAY,Query!C:C,"<"&(TODAY+1)) -> 0 | E6: =COUNTIFS(Query!A:A,Table2[[#This Row],[PAINTED PART '#]],Query!B:B,"Orange Peel-B",Query!C:C,">"&TODAY,Query!C:C,"<"&(TODAY+1)) -> 0 | F6: =COUNTIFS(Query!A:A,Table2[[#This Row],[PAINTED PART '#]],Query!B:B,"Sag/Run-B",Query!C:C,">"&TODAY,Query!C:C,"<"&(TODAY+1)) -> 0 | G6: =COUNTIFS(Query!A:A,Table2[[#This Row],[PAINTED PART '#]],Query!B:B,"Dirt-B",Query!C:C,">"&TODAY,Query!C:C,"<"&(TODAY+1)) -> 0 | H6: =COUNTIFS(Query!A:A,Table2[[#This Row],[PAINTED PART '#]],Query!B:B,"Other-B",Query!C:C,">"&TODAY,Query!C:C,"<"&(TODAY+1)) -> 0 | I6: =E6+F6+G6+H6 -> 0 | J6: =COUNTIFS(Query!A:A,Table2[[#This Row],[PAINTED PART '#]],Query!B:B,"Thin Clear-R",Query!C:C,">"&TODAY,Query!C:C,"<"&(TODAY+1)) -> 0 | K6: =COUNTIFS(Query!A:A,Table2[[#This Row],[PAINTED PART '#]],Query!B:B,"Thin Paint-R",Query!C:C,">"&TODAY,Query!C:C,"<"&(TODAY+1)) -> 0 | L6: =COUNTIFS(Query!A:A,Table2[[#This Row],[PAINTED PART '#]],Query!B:B,"Orange Peel-R",Query!C:C,">"&TODAY,Query!C:C,"<"&(TODAY+1)) -> 0 | M6: =COUNTIFS(Query!A:A,Table2[[#This Row],[PAINTED PART '#]],Query!B:B,"Sag/Run-R",Query!C:C,">"&TODAY,Query!C:C,"<"&(TODAY+1)) -> 0 | N6: =COUNTIFS(Query!A:A,Table2[[#This Row],[PAINTED PART '#]],Query!B:B,"Dirt-R",Query!C:C,">"&TODAY,Query!C:C,"<"&(TODAY+1)) -> 0 | O6: =COUNTIFS(Query!A:A,Table2[[#This Row],[PAINTED PART '#]],Query!B:B,"WATERMARK-R",Query!C:C,">"&TODAY,Query!C:C,"<"&(TODAY+1)) -> 0 | P6: =COUNTIFS(Query!A:A,Table2[[#This Row],[PAINTED PART '#]],Query!B:B,"WATER-R",Query!C:C,">"&TODAY,Query!C:C,"<"&(TODAY+1)) -> 0 | Q6: =COUNTIFS(Query!A:A,Table2[[#This Row],[PAINTED PART '#]],Query!B:B,"Other-R",Query!C:C,">"&TODAY,Query!C:C,"<"&(TODAY+1)) -> 0 | R6: =J6+K6+L6+M6+N6+O6+P6+Q6 -> 0 | S6: =COUNTIFS(Query!A:A,Table2[[#This Row],[PAINTED PART '#]],Query!B:B,"Suplier Sand-MD",Query!C:C,">"&TODAY,Query!C:C,"<"&(TODAY+1)) -> 0 | T6: =COUNTIFS(Query!A:A,Table2[[#This Row],[PAINTED PART '#]],Query!B:B,"Gouges-MD",Query!C:C,">"&TODAY,Query!C:C,"<"&(TODAY+1)) -> 0 | U6: =S6+T6 -> 0
B7: VG0056WH3PA | C7: SUMMIT WHITE | D7: =COUNTIFS(Query!A:A,Table2[[#This Row],[PAINTED PART '#]],Query!B:B,"Good",Query!C:C,">"&TODAY,Query!C:C,"<"&(TODAY+1)) -> 0 | E7: =COUNTIFS(Query!A:A,Table2[[#This Row],[PAINTED PART '#]],Query!B:B,"Orange Peel-B",Query!C:C,">"&TODAY,Query!C:C,"<"&(TODAY+1)) -> 0 | F7: =COUNTIFS(Query!A:A,Table2[[#This Row],[PAINTED PART '#]],Query!B:B,"Sag/Run-B",Query!C:C,">"&TODAY,Query!C:C,"<"&(TODAY+1)) -> 0 | G7: =COUNTIFS(Query!A:A,Table2[[#This Row],[PAINTED PART '#]],Query!B:B,"Dirt-B",Query!C:C,">"&TODAY,Query!C:C,"<"&(TODAY+1)) -> 0 | H7: =COUNTIFS(Query!A:A,Table2[[#This Row],[PAINTED PART '#]],Query!B:B,"Other-B",Query!C:C,">"&TODAY,Query!C:C,"<"&(TODAY+1)) -> 0 | I7: =E7+F7+G7+H7 -> 0 | J7: =COUNTIFS(Query!A:A,Table2[[#This Row],[PAINTED PART '#]],Query!B:B,"Thin Clear-R",Query!C:C,">"&TODAY,Query!C:C,"<"&(TODAY+1)) -> 0 | K7: =COUNTIFS(Query!A:A,Table2[[#This Row],[PAINTED PART '#]],Query!B:B,"Thin Paint-R",Query!C:C,">"&TODAY,Query!C:C,"<"&(TODAY+1)) -> 0 | L7: =COUNTIFS(Query!A:A,Table2[[#This Row],[PAINTED PART '#]],Query!B:B,"Orange Peel-R",Query!C:C,">"&TODAY,Query!C:C,"<"&(TODAY+1)) -> 0 | M7: =COUNTIFS(Query!A:A,Table2[[#This Row],[PAINTED PART '#]],Query!B:B,"Sag/Run-R",Query!C:C,">"&TODAY,Query!C:C,"<"&(TODAY+1)) -> 0 | N7: =COUNTIFS(Query!A:A,Table2[[#This Row],[PAINTED PART '#]],Query!B:B,"Dirt-R",Query!C:C,">"&TODAY,Query!C:C,"<"&(TODAY+1)) -> 0 | O7: =COUNTIFS(Query!A:A,Table2[[#This Row],[PAINTED PART '#]],Query!B:B,"WATERMARK-R",Query!C:C,">"&TODAY,Query!C:C,"<"&(TODAY+1)) -> 0 | P7: =COUNTIFS(Query!A:A,Table2[[#This Row],[PAINTED PART '#]],Query!B:B,"WATER-R",Query!C:C,">"&TODAY,Query!C:C,"<"&(TODAY+1)) -> 0 | Q7: =COUNTIFS(Query!A:A,Table2[[#This Row],[PAINTED PART '#]],Query!B:B,"Other-R",Query!C:C,">"&TODAY,Query!C:C,"<"&(TODAY+1)) -> 0 | R7: =J7+K7+L7+M7+N7+O7+P7+Q7 -> 0 | S7: =COUNTIFS(Query!A:A,Table2[[#This Row],[PAINTED PART '#]],Query!B:B,"Suplier Sand-MD",Query!C:C,">"&TODAY,Query!C:C,"<"&(TODAY+1)) -> 0 | T7: =COUNTIFS(Query!A:A,Table2[[#This Row],[PAINTED PART '#]],Query!B:B,"Gouges-MD",Query!C:C,">"&TODAY,Query!C:C,"<"&(TODAY+1)) -> 0 | U7: =S7+T7 -> 0
B8: VGOO56PR3PA | C8: PULL ME OVER RED | D8: =COUNTIFS(Query!A:A,Table2[[#This Row],[PAINTED PART '#]],Query!B:B,"Good",Query!C:C,">"&TODAY,Query!C:C,"<"&(TODAY+1)) -> 0 | E8: =COUNTIFS(Query!A:A,Table2[[#This Row],[PAINTED PART '#]],Query!B:B,"Orange Peel-B",Query!C:C,">"&TODAY,Query!C:C,"<"&(TODAY+1)) -> 0 | F8: =COUNTIFS(Query!A:A,Table2[[#This Row],[PAINTED PART '#]],Query!B:B,"Sag/Run-B",Query!C:C,">"&TODAY,Query!C:C,"<"&(TODAY+1)) -> 0 | G8: =COUNTIFS(Query!A:A,Table2[[#This Row],[PAINTED PART '#]],Query!B:B,"Dirt-B",Query!C:C,">"&TODAY,Query!C:C,"<"&(TODAY+1)) -> 0 | H8: =COUNTIFS(Query!A:A,Table2[[#This Row],[PAINTED PART '#]],Query!B:B,"Other-B",Query!C:C,">"&TODAY,Query!C:C,"<"&(TODAY+1)) -> 0 | I8: =E8+F8+G8+H8 -> 0 | J8: =COUNTIFS(Query!A:A,Table2[[#This Row],[PAINTED PART '#]],Query!B:B,"Thin Clear-R",Query!C:C,">"&TODAY,Query!C:C,"<"&(TODAY+1)) -> 0 | K8: =COUNTIFS(Query!A:A,Table2[[#This Row],[PAINTED PART '#]],Query!B:B,"Thin Paint-R",Query!C:C,">"&TODAY,Query!C:C,"<"&(TODAY+1)) -> 0 | L8: =COUNTIFS(Query!A:A,Table2[[#This Row],[PAINTED PART '#]],Query!B:B,"Orange Peel-R",Query!C:C,">"&TODAY,Query!C:C,"<"&(TODAY+1)) -> 0 | M8: =COUNTIFS(Query!A:A,Table2[[#This Row],[PAINTED PART '#]],Query!B:B,"Sag/Run-R",Query!C:C,">"&TODAY,Query!C:C,"<"&(TODAY+1)) -> 0 | N8: =COUNTIFS(Query!A:A,Table2[[#This Row],[PAINTED PART '#]],Query!B:B,"Dirt-R",Query!C:C,">"&TODAY,Query!C:C,"<"&(TODAY+1)) -> 0 | O8: =COUNTIFS(Query!A:A,Table2[[#This Row],[PAINTED PART '#]],Query!B:B,"WATERMARK-R",Query!C:C,">"&TODAY,Query!C:C,"<"&(TODAY+1)) -> 0 | P8: =COUNTIFS(Query!A:A,Table2[[#This Row],[PAINTED PART '#]],Query!B:B,"WATER-R",Query!C:C,">"&TODAY,Query!C:C,"<"&(TODAY+1)) -> 0 | Q8: =COUNTIFS(Query!A:A,Table2[[#This Row],[PAINTED PART '#]],Query!B:B,"Other-R",Query!C:C,">"&TODAY,Query!C:C,"<"&(TODAY+1)) -> 0 | R8: =J8+K8+L8+M8+N8+O8+P8+Q8 -> 0 | S8: =COUNTIFS(Query!A:A,Table2[[#This Row],[PAINTED PART '#]],Query!B:B,"Suplier Sand-MD",Query!C:C,">"&TODAY,Query!C:C,"<"&(TODAY+1)) -> 0 | T8: =COUNTIFS(Query!A:A,Table2[[#This Row],[PAINTED PART '#]],Query!B:B,"Gouges-MD",Query!C:C,">"&TODAY,Query!C:C,"<"&(TODAY+1)) -> 0 | U8: =S8+T8 -> 0
A9: 705007791 | B9: VG0056ST3PA | C9: SATIN STEEL GRAY METALLIC | D9: =COUNTIFS(Query!A:A,Table2[[#This Row],[PAINTED PART '#]],Query!B:B,"Good",Query!C:C,">"&TODAY,Query!C:C,"<"&(TODAY+1)) -> 0 | E9: =COUNTIFS(Query!A:A,Table2[[#This Row],[PAINTED PART '#]],Query!B:B,"Orange Peel-B",Query!C:C,">"&TODAY,Query!C:C,"<"&(TODAY+1)) -> 0 | F9: =COUNTIFS(Query!A:A,Table2[[#This Row],[PAINTED PART '#]],Query!B:B,"Sag/Run-B",Query!C:C,">"&TODAY,Query!C:C,"<"&(TODAY+1)) -> 0 | G9: =COUNTIFS(Query!A:A,Table2[[#This Row],[PAINTED PART '#]],Query!B:B,"Dirt-B",Query!C:C,">"&TODAY,Query!C:C,"<"&(TODAY+1)) -> 0 | H9: =COUNTIFS(Query!A:A,Table2[[#This Row],[PAINTED PART '#]],Query!B:B,"Other-B",Query!C:C,">"&TODAY,Query!C:C,"<"&(TODAY+1)) -> 0 | I9: =E9+F9+G9+H9 -> 0 | J9: =COUNTIFS(Query!A:A,Table2[[#This Row],[PAINTED PART '#]],Query!B:B,"Thin Clear-R",Query!C:C,">"&TODAY,Query!C:C,"<"&(TODAY+1)) -> 0 | K9: =COUNTIFS(Query!A:A,Table2[[#This Row],[PAINTED PART '#]],Query!B:B,"Thin Paint-R",Query!C:C,">"&TODAY,Query!C:C,"<"&(TODAY+1)) -> 0 | L9: =COUNTIFS(Query!A:A,Table2[[#This Row],[PAINTED PART '#]],Query!B:B,"Orange Peel-R",Query!C:C,">"&TODAY,Query!C:C,"<"&(TODAY+1)) -> 0 | M9: =COUNTIFS(Query!A:A,Table2[[#This Row],[PAINTED PART '#]],Query!B:B,"Sag/Run-R",Query!C:C,">"&TODAY,Query!C:C,"<"&(TODAY+1)) -> 0 | N9: =COUNTIFS(Query!A:A,Table2[[#This Row],[PAINTED PART '#]],Query!B:B,"Dirt-R",Query!C:C,">"&TODAY,Query!C:C,"<"&(TODAY+1)) -> 0 | O9: =COUNTIFS(Query!A:A,Table2[[#This Row],[PAINTED PART '#]],Query!B:B,"WATERMARK-R",Query!C:C,">"&TODAY,Query!C:C,"<"&(TODAY+1)) -> 0 | P9: =COUNTIFS(Query!A:A,Table2[[#This Row],[PAINTED PART '#]],Query!B:B,"WATER-R",Query!C:C,">"&TODAY,Query!C:C,"<"&(TODAY+1)) -> 0 | Q9: =COUNTIFS(Query!A:A,Table2[[#This Row],[PAINTED PART '#]],Query!B:B,"Other-R",Query!C:C,">"&TODAY,Query!C:C,"<"&(TODAY+1)) -> 0 | R9: =J9+K9+L9+M9+N9+O9+P9+Q9 -> 0 | S9: =COUNTIFS(Query!A:A,Table2[[#This Row],[PAINTED PART '#]],Query!B:B,"Suplier Sand-MD",Query!C:C,">"&TODAY,Query!C:C,"<"&(TODAY+1)) -> 0 | T9: =COUNTIFS(Query!A:A,Table2[[#This Row],[PAINTED PART '#]],Query!B:B,"Gouges-MD",Query!C:C,">"&TODAY,Query!C:C,"<"&(TODAY+1)) -> 0 | U9: =S9+T9 -> 0
A10: 705007790 | B10: VG0056OC3PA | C10: ORANGE CRUSH | D10: =COUNTIFS(Query!A:A,Table2[[#This Row],[PAINTED PART '#]],Query!B:B,"Good",Query!C:C,">"&TODAY,Query!C:C,"<"&(TODAY+1)) -> 0 | E10: =COUNTIFS(Query!A:A,Table2[[#This Row],[PAINTED PART '#]],Query!B:B,"Orange Peel-B",Query!C:C,">"&TODAY,Query!C:C,"<"&(TODAY+1)) -> 0 | F10: =COUNTIFS(Query!A:A,Table2[[#This Row],[PAINTED PART '#]],Query!B:B,"Sag/Run-B",Query!C:C,">"&TODAY,Query!C:C,"<"&(TODAY+1)) -> 0 | G10: =COUNTIFS(Query!A:A,Table2[[#This Row],[PAINTED PART '#]],Query!B:B,"Dirt-B",Query!C:C,">"&TODAY,Query!C:C,"<"&(TODAY+1)) -> 0 | H10: =COUNTIFS(Query!A:A,Table2[[#This Row],[PAINTED PART '#]],Query!B:B,"Other-B",Query!C:C,">"&TODAY,Query!C:C,"<"&(TODAY+1)) -> 0 | I10: =E10+F10+G10+H10 -> 0 | J10: =COUNTIFS(Query!A:A,Table2[[#This Row],[PAINTED PART '#]],Query!B:B,"Thin Clear-R",Query!C:C,">"&TODAY,Query!C:C,"<"&(TODAY+1)) -> 0 | K10: =COUNTIFS(Query!A:A,Table2[[#This Row],[PAINTED PART '#]],Query!B:B,"Thin Paint-R",Query!C:C,">"&TODAY,Query!C:C,"<"&(TODAY+1)) -> 0 | L10: =COUNTIFS(Query!A:A,Table2[[#This Row],[PAINTED PART '#]],Query!B:B,"Orange Peel-R",Query!C:C,">"&TODAY,Query!C:C,"<"&(TODAY+1)) -> 0 | M10: =COUNTIFS(Query!A:A,Table2[[#This Row],[PAINTED PART '#]],Query!B:B,"Sag/Run-R",Query!C:C,">"&TODAY,Query!C:C,"<"&(TODAY+1)) -> 0 | N10: =COUNTIFS(Query!A:A,Table2[[#This Row],[PAINTED PART '#]],Query!B:B,"Dirt-R",Query!C:C,">"&TODAY,Query!C:C,"<"&(TODAY+1)) -> 0 | O10: =COUNTIFS(Query!A:A,Table2[[#This Row],[PAINTED PART '#]],Query!B:B,"WATERMARK-R",Query!C:C,">"&TODAY,Query!C:C,"<"&(TODAY+1)) -> 0 | P10: =COUNTIFS(Query!A:A,Table2[[#This Row],[PAINTED PART '#]],Query!B:B,"WATER-R",Query!C:C,">"&TODAY,Query!C:C,"<"&(TODAY+1)) -> 0 | Q10: =COUNTIFS(Query!A:A,Table2[[#This Row],[PAINTED PART '#]],Query!B:B,"Other-R",Query!C:C,">"&TODAY,Query!C:C,"<"&(TODAY+1)) -> 0 | R10: =J10+K10+L10+M10+N10+O10+P10+Q10 -> 0 | S10: =COUNTIFS(Query!A:A,Table2[[#This Row],[PAINTED PART '#]],Query!B:B,"Suplier Sand-MD",Query!C:C,">"&TODAY,Query!C:C,"<"&(TODAY+1)) -> 0 | T10: =COUNTIFS(Query!A:A,Table2[[#This Row],[PAINTED PART '#]],Query!B:B,"Gouges-MD",Query!C:C,">"&TODAY,Query!C:C,"<"&(TODAY+1)) -> 0 | U10: =S10+T10 -> 0
A11: 708200448 | B11: VG0056OS3PA | C11: OCONUS METALLIC | D11: =COUNTIFS(Query!A:A,Table2[[#This Row],[PAINTED PART '#]],Query!B:B,"Good",Query!C:C,">"&TODAY,Query!C:C,"<"&(TODAY+1)) -> 0 | E11: =COUNTIFS(Query!A:A,Table2[[#This Row],[PAINTED PART '#]],Query!B:B,"Orange Peel-B",Query!C:C,">"&TODAY,Query!C:C,"<"&(TODAY+1)) -> 0 | F11: =COUNTIFS(Query!A:A,Table2[[#This Row],[PAINTED PART '#]],Query!B:B,"Sag/Run-B",Query!C:C,">"&TODAY,Query!C:C,"<"&(TODAY+1)) -> 0 | G11: =COUNTIFS(Query!A:A,Table2[[#This Row],[PAINTED PART '#]],Query!B:B,"Dirt-B",Query!C:C,">"&TODAY,Query!C:C,"<"&(TODAY+1)) -> 0 | H11: =COUNTIFS(Query!A:A,Table2[[#This Row],[PAINTED PART '#]],Query!B:B,"Other-B",Query!C:C,">"&TODAY,Query!C:C,"<"&(TODAY+1)) -> 50 | I11: =E11+F11+G11+H11 -> 50 | J11: =COUNTIFS(Query!A:A,Table2[[#This Row],[PAINTED PART '#]],Query!B:B,"Thin Clear-R",Query!C:C,">"&TODAY,Query!C:C,"<"&(TODAY+1)) -> 0 | K11: =COUNTIFS(Query!A:A,Table2[[#This Row],[PAINTED PART '#]],Query!B:B,"Thin Paint-R",Query!C:C,">"&TODAY,Query!C:C,"<"&(TODAY+1)) -> 0 | L11: =COUNTIFS(Query!A:A,Table2[[#This Row],[PAINTED PART '#]],Query!B:B,"Orange Peel-R",Query!C:C,">"&TODAY,Query!C:C,"<"&(TODAY+1)) -> 0 | M11: =COUNTIFS(Query!A:A,Table2[[#This Row],[PAINTED PART '#]],Query!B:B,"Sag/Run-R",Query!C:C,">"&TODAY,Query!C:C,"<"&(TODAY+1)) -> 0 | N11: =COUNTIFS(Query!A:A,Table2[[#This Row],[PAINTED PART '#]],Query!B:B,"Dirt-R",Query!C:C,">"&TODAY,Query!C:C,"<"&(TODAY+1)) -> 0 | O11: =COUNTIFS(Query!A:A,Table2[[#This Row],[PAINTED PART '#]],Query!B:B,"WATERMARK-R",Query!C:C,">"&TODAY,Query!C:C,"<"&(TODAY+1)) -> 0 | P11: =COUNTIFS(Query!A:A,Table2[[#This Row],[PAINTED PART '#]],Query!B:B,"WATER-R",Query!C:C,">"&TODAY,Query!C:C,"<"&(TODAY+1)) -> 0 | Q11: =COUNTIFS(Query!A:A,Table2[[#This Row],[PAINTED PART '#]],Query!B:B,"Other-R",Query!C:C,">"&TODAY,Query!C:C,"<"&(TODAY+1)) -> 48 | R11: =J11+K11+L11+M11+N11+O11+P11+Q11 -> 48 | S11: =COUNTIFS(Query!A:A,Table2[[#This Row],[PAINTED PART '#]],Query!B:B,"Suplier Sand-MD",Query!C:C,">"&TODAY,Query!C:C,"<"&(TODAY+1)) -> 0 | T11: =COUNTIFS(Query!A:A,Table2[[#This Row],[PAINTED PART '#]],Query!B:B,"Gouges-MD",Query!C:C,">"&TODAY,Query!C:C,"<"&(TODAY+1)) -> 0 | U11: =S11+T11 -> 0
B12: VG0056SK3PA | C12: SHOCK NON METALLIC | D12: =COUNTIFS(Query!A:A,Table2[[#This Row],[PAINTED PART '#]],Query!B:B,"Good",Query!C:C,">"&TODAY,Query!C:C,"<"&(TODAY+1)) -> 0 | E12: =COUNTIFS(Query!A:A,Table2[[#This Row],[PAINTED PART '#]],Query!B:B,"Orange Peel-B",Query!C:C,">"&TODAY,Query!C:C,"<"&(TODAY+1)) -> 0 | F12: =COUNTIFS(Query!A:A,Table2[[#This Row],[PAINTED PART '#]],Query!B:B,"Sag/Run-B",Query!C:C,">"&TODAY,Query!C:C,"<"&(TODAY+1)) -> 0 | G12: =COUNTIFS(Query!A:A,Table2[[#This Row],[PAINTED PART '#]],Query!B:B,"Dirt-B",Query!C:C,">"&TODAY,Query!C:C,"<"&(TODAY+1)) -> 0 | H12: =COUNTIFS(Query!A:A,Table2[[#This Row],[PAINTED PART '#]],Query!B:B,"Other-B",Query!C:C,">"&TODAY,Query!C:C,"<"&(TODAY+1)) -> 0 | I12: =E12+F12+G12+H12 -> 0 | J12: =COUNTIFS(Query!A:A,Table2[[#This Row],[PAINTED PART '#]],Query!B:B,"Thin Clear-R",Query!C:C,">"&TODAY,Query!C:C,"<"&(TODAY+1)) -> 0 | K12: =COUNTIFS(Query!A:A,Table2[[#This Row],[PAINTED PART '#]],Query!B:B,"Thin Paint-R",Query!C:C,">"&TODAY,Query!C:C,"<"&(TODAY+1)) -> 0 | L12: =COUNTIFS(Query!A:A,Table2[[#This Row],[PAINTED PART '#]],Query!B:B,"Orange Peel-R",Query!C:C,">"&TODAY,Query!C:C,"<"&(TODAY+1)) -> 0 | M12: =COUNTIFS(Query!A:A,Table2[[#This Row],[PAINTED PART '#]],Query!B:B,"Sag/Run-R",Query!C:C,">"&TODAY,Query!C:C,"<"&(TODAY+1)) -> 0 | N12: =COUNTIFS(Query!A:A,Table2[[#This Row],[PAINTED PART '#]],Query!B:B,"Dirt-R",Query!C:C,">"&TODAY,Query!C:C,"<"&(TODAY+1)) -> 0 | O12: =COUNTIFS(Query!A:A,Table2[[#This Row],[PAINTED PART '#]],Query!B:B,"WATERMARK-R",Query!C:C,">"&TODAY,Query!C:C,"<"&(TODAY+1)) -> 0 | P12: =COUNTIFS(Query!A:A,Table2[[#This Row],[PAINTED PART '#]],Query!B:B,"WATER-R",Query!C:C,">"&TODAY,Query!C:C,"<"&(TODAY+1)) -> 0 | Q12: =COUNTIFS(Query!A:A,Table2[[#This Row],[PAINTED PART '#]],Query!B:B,"Other-R",Query!C:C,">"&TODAY,Query!C:C,"<"&(TODAY+1)) -> 0 | R12: =J12+K12+L12+M12+N12+O12+P12+Q12 -> 0 | S12: =COUNTIFS(Query!A:A,Table2[[#This Row],[PAINTED PART '#]],Query!B:B,"Suplier Sand-MD",Query!C:C,">"&TODAY,Query!C:C,"<"&(TODAY+1)) -> 0 | T12: =COUNTIFS(Query!A:A,Table2[[#This Row],[PAINTED PART '#]],Query!B:B,"Gouges-MD",Query!C:C,">"&TODAY,Query!C:C,"<"&(TODAY+1)) -> 0 | U12: =S12+T12 -> 0
A13: 708200366 | B13: VGO0056DS3PA | C13: DARK SHADOW METALLIC | D13: =COUNTIFS(Query!A:A,Table2[[#This Row],[PAINTED PART '#]],Query!B:B,"Good",Query!C:C,">"&TODAY,Query!C:C,"<"&(TODAY+1)) -> 0 | E13: =COUNTIFS(Query!A:A,Table2[[#This Row],[PAINTED PART '#]],Query!B:B,"Orange Peel-B",Query!C:C,">"&TODAY,Query!C:C,"<"&(TODAY+1)) -> 0 | F13: =COUNTIFS(Query!A:A,Table2[[#This Row],[PAINTED PART '#]],Query!B:B,"Sag/Run-B",Query!C:C,">"&TODAY,Query!C:C,"<"&(TODAY+1)) -> 0 | G13: =COUNTIFS(Query!A:A,Table2[[#This Row],[PAINTED PART '#]],Query!B:B,"Dirt-B",Query!C:C,">"&TODAY,Query!C:C,"<"&(TODAY+1)) -> 0 | H13: =COUNTIFS(Query!A:A,Table2[[#This Row],[PAINTED PART '#]],Query!B:B,"Other-B",Query!C:C,">"&TODAY,Query!C:C,"<"&(TODAY+1)) -> 0 | I13: =E13+F13+G13+H13 -> 0 | J13: =COUNTIFS(Query!A:A,Table2[[#This Row],[PAINTED PART '#]],Query!B:B,"Thin Clear-R",Query!C:C,">"&TODAY,Query!C:C,"<"&(TODAY+1)) -> 0 | K13: =COUNTIFS(Query!A:A,Table2[[#This Row],[PAINTED PART '#]],Query!B:B,"Thin Paint-R",Query!C:C,">"&TODAY,Query!C:C,"<"&(TODAY+1)) -> 0 | L13: =COUNTIFS(Query!A:A,Table2[[#This Row],[PAINTED PART '#]],Query!B:B,"Orange Peel-R",Query!C:C,">"&TODAY,Query!C:C,"<"&(TODAY+1)) -> 0 | M13: =COUNTIFS(Query!A:A,Table2[[#This Row],[PAINTED PART '#]],Query!B:B,"Sag/Run-R",Query!C:C,">"&TODAY,Query!C:C,"<"&(TODAY+1)) -> 0 | N13: =COUNTIFS(Query!A:A,Table2[[#This Row],[PAINTED PART '#]],Query!B:B,"Dirt-R",Query!C:C,">"&TODAY,Query!C:C,"<"&(TODAY+1)) -> 0 | O13: =COUNTIFS(Query!A:A,Table2[[#This Row],[PAINTED PART '#]],Query!B:B,"WATERMARK-R",Query!C:C,">"&TODAY,Query!C:C,"<"&(TODAY+1)) -> 0 | P13: =COUNTIFS(Query!A:A,Table2[[#This Row],[PAINTED PART '#]],Query!B:B,"WATER-R",Query!C:C,">"&TODAY,Query!C:C,"<"&(TODAY+1)) -> 0 | Q13: =COUNTIFS(Query!A:A,Table2[[#This Row],[PAINTED PART '#]],Query!B:B,"Other-R",Query!C:C,">"&TODAY,Query!C:C,"<"&(TODAY+1)) -> 0 | R13: =J13+K13+L13+M13+N13+O13+P13+Q13 -> 0 | S13: =COUNTIFS(Query!A:A,Table2[[#This Row],[PAINTED PART '#]],Query!B:B,"Suplier Sand-MD",Query!C:C,">"&TODAY,Query!C:C,"<"&(TODAY+1)) -> 0 | T13: =COUNTIFS(Query!A:A,Table2[[#This Row],[PAINTED PART '#]],Query!B:B,"Gouges-MD",Query!C:C,">"&TODAY,Query!C:C,"<"&(TODAY+1)) -> 0 | U13: =S13+T13 -> 0
B14: VG0056BC3PA | C14: LG BLACK | D14: =COUNTIFS(Query!A:A,Table2[[#This Row],[PAINTED PART '#]],Query!B:B,"Good",Query!C:C,">"&TODAY,Query!C:C,"<"&(TODAY+1)) -> 0 | E14: =COUNTIFS(Query!A:A,Table2[[#This Row],[PAINTED PART '#]],Query!B:B,"Orange Peel-B",Query!C:C,">"&TODAY,Query!C:C,"<"&(TODAY+1)) -> 0 | F14: =COUNTIFS(Query!A:A,Table2[[#This Row],[PAINTED PART '#]],Query!B:B,"Sag/Run-B",Query!C:C,">"&TODAY,Query!C:C,"<"&(TODAY+1)) -> 0 | G14: =COUNTIFS(Query!A:A,Table2[[#This Row],[PAINTED PART '#]],Query!B:B,"Dirt-B",Query!C:C,">"&TODAY,Query!C:C,"<"&(TODAY+1)) -> 0 | H14: =COUNTIFS(Query!A:A,Table2[[#This Row],[PAINTED PART '#]],Query!B:B,"Other-B",Query!C:C,">"&TODAY,Query!C:C,"<"&(TODAY+1)) -> 0 | I14: =E14+F14+G14+H14 -> 0 | J14: =COUNTIFS(Query!A:A,Table2[[#This Row],[PAINTED PART '#]],Query!B:B,"Thin Clear-R",Query!C:C,">"&TODAY,Query!C:C,"<"&(TODAY+1)) -> 0 | K14: =COUNTIFS(Query!A:A,Table2[[#This Row],[PAINTED PART '#]],Query!B:B,"Thin Paint-R",Query!C:C,">"&TODAY,Query!C:C,"<"&(TODAY+1)) -> 0 | L14: =COUNTIFS(Query!A:A,Table2[[#This Row],[PAINTED PART '#]],Query!B:B,"Orange Peel-R",Query!C:C,">"&TODAY,Query!C:C,"<"&(TODAY+1)) -> 0 | M14: =COUNTIFS(Query!A:A,Table2[[#This Row],[PAINTED PART '#]],Query!B:B,"Sag/Run-R",Query!C:C,">"&TODAY,Query!C:C,"<"&(TODAY+1)) -> 0 | N14: =COUNTIFS(Query!A:A,Table2[[#This Row],[PAINTED PART '#]],Query!B:B,"Dirt-R",Query!C:C,">"&TODAY,Query!C:C,"<"&(TODAY+1)) -> 0 | O14: =COUNTIFS(Query!A:A,Table2[[#This Row],[PAINTED PART '#]],Query!B:B,"WATERMARK-R",Query!C:C,">"&TODAY,Query!C:C,"<"&(TODAY+1)) -> 0 | P14: =COUNTIFS(Query!A:A,Table2[[#This Row],[PAINTED PART '#]],Query!B:B,"WATER-R",Query!C:C,">"&TODAY,Query!C:C,"<"&(TODAY+1)) -> 0 | Q14: =COUNTIFS(Query!A:A,Table2[[#This Row],[PAINTED PART '#]],Query!B:B,"Other-R",Query!C:C,">"&TODAY,Query!C:C,"<"&(TODAY+1)) -> 0 | R14: =J14+K14+L14+M14+N14+O14+P14+Q14 -> 0 | S14: =COUNTIFS(Query!A:A,Table2[[#This Row],[PAINTED PART '#]],Query!B:B,"Suplier Sand-MD",Query!C:C,">"&TODAY,Query!C:C,"<"&(TODAY+1)) -> 0 | T14: =COUNTIFS(Query!A:A,Table2[[#This Row],[PAINTED PART '#]],Query!B:B,"Gouges-MD",Query!C:C,">"&TODAY,Query!C:C,"<"&(TODAY+1)) -> 0 | U14: =S14+T14 -> 0
B15: VG0056CB3PA | C15: CHERRY BOMB | D15: =COUNTIFS(Query!A:A,Table2[[#This Row],[PAINTED PART '#]],Query!B:B,"Good",Query!C:C,">"&TODAY,Query!C:C,"<"&(TODAY+1)) -> 0 | E15: =COUNTIFS(Query!A:A,Table2[[#This Row],[PAINTED PART '#]],Query!B:B,"Orange Peel-B",Query!C:C,">"&TODAY,Query!C:C,"<"&(TODAY+1)) -> 0 | F15: =COUNTIFS(Query!A:A,Table2[[#This Row],[PAINTED PART '#]],Query!B:B,"Sag/Run-B",Query!C:C,">"&TODAY,Query!C:C,"<"&(TODAY+1)) -> 0 | G15: =COUNTIFS(Query!A:A,Table2[[#This Row],[PAINTED PART '#]],Query!B:B,"Dirt-B",Query!C:C,">"&TODAY,Query!C:C,"<"&(TODAY+1)) -> 0 | H15: =COUNTIFS(Query!A:A,Table2[[#This Row],[PAINTED PART '#]],Query!B:B,"Other-B",Query!C:C,">"&TODAY,Query!C:C,"<"&(TODAY+1)) -> 0 | I15: =E15+F15+G15+H15 -> 0 | J15: =COUNTIFS(Query!A:A,Table2[[#This Row],[PAINTED PART '#]],Query!B:B,"Thin Clear-R",Query!C:C,">"&TODAY,Query!C:C,"<"&(TODAY+1)) -> 0 | K15: =COUNTIFS(Query!A:A,Table2[[#This Row],[PAINTED PART '#]],Query!B:B,"Thin Paint-R",Query!C:C,">"&TODAY,Query!C:C,"<"&(TODAY+1)) -> 0 | L15: =COUNTIFS(Query!A:A,Table2[[#This Row],[PAINTED PART '#]],Query!B:B,"Orange Peel-R",Query!C:C,">"&TODAY,Query!C:C,"<"&(TODAY+1)) -> 0 | M15: =COUNTIFS(Query!A:A,Table2[[#This Row],[PAINTED PART '#]],Query!B:B,"Sag/Run-R",Query!C:C,">"&TODAY,Query!C:C,"<"&(TODAY+1)) -> 0 | N15: =COUNTIFS(Query!A:A,Table2[[#This Row],[PAINTED PART '#]],Query!B:B,"Dirt-R",Query!C:C,">"&TODAY,Query!C:C,"<"&(TODAY+1)) -> 0 | O15: =COUNTIFS(Query!A:A,Table2[[#This Row],[PAINTED PART '#]],Query!B:B,"WATERMARK-R",Query!C:C,">"&TODAY,Query!C:C,"<"&(TODAY+1)) -> 0 | P15: =COUNTIFS(Query!A:A,Table2[[#This Row],[PAINTED PART '#]],Query!B:B,"WATER-R",Query!C:C,">"&TODAY,Query!C:C,"<"&(TODAY+1)) -> 0 | Q15: =COUNTIFS(Query!A:A,Table2[[#This Row],[PAINTED PART '#]],Query!B:B,"Other-R",Query!C:C,">"&TODAY,Query!C:C,"<"&(TODAY+1)) -> 0 | R15: =J15+K15+L15+M15+N15+O15+P15+Q15 -> 0 | S15: =COUNTIFS(Query!A:A,Table2[[#This Row],[PAINTED PART '#]],Query!B:B,"Suplier Sand-MD",Query!C:C,">"&TODAY,Query!C:C,"<"&(TODAY+1)) -> 0 | T15: =COUNTIFS(Query!A:A,Table2[[#This Row],[PAINTED PART '#]],Query!B:B,"Gouges-MD",Query!C:C,">"&TODAY,Query!C:C,"<"&(TODAY+1)) -> 0 | U15: =S15+T15 -> 0

Sheet Rev Log
A1: Revision No. | B1: Created | C1: Revised | D1: Changes | E1: By
A2: NR | B2: 44257 | C2: N/A | D2: N/A | E2: EC

Sheet Query
A1: Part | B1: Status | C1: Timestamp
A2: VG0056BL3PA | B2: DIRT-R | C2: 44257.602
A3: VG0056BL3PA | B3: DIRT-R | C3: 44257.603
A4: VG0056BL3PA | B4: DIRT-B | C4: 44257.603
A5: VG0056BL3PA | B5: WATER-R | C5: 44257.604
A6: VG0056BL3PA | B6: DIRT-R | C6: 44257.604
A7: VG0056BL3PA | B7: DIRT-R | C7: 44257.604
A8: VG0056BL3PA | B8: DIRT-B | C8: 44257.605
A9: VG0056BL3PA | B9: DIRT-R | C9: 44257.606
A10: VG0056BL3PA | B10: DIRT-B | C10: 44257.606
A11: VG0056BL3PA | B11: ORANGE PEEL-B | C11: 44257.607
A12: VG0056BL3PA | B12: DIRT-B | C12: 44257.608
A13: VG0056BL3PA | B13: DIRT-B | C13: 44257.609
... A192: VG0056OS3PA | B192: Other-R | C192: 44257.435
