Workbook

Sheet Monthly
A1: Monthly Delivery Performance
A3: Customer | B3: Week 1 | D3: Wk 1 Delivery % | E3: Week 2 | G3: Wk 2 Delivery % | H3: Week 3 | J3: Wk 3 Delivery % | K3: Week 4 | M3: Wk 4 Delivery % | N3: Week 5 | P3: Wk 5 Delivery % | Q3: Monthly Quantity Shipped
B4: Quanity Due | C4: Quantity Shipped | E4: Quanity Due | F4: Quantity Shipped | G4: Wk 2 Delivery % | H4: Quanity Due | I4: Quantity Shipped | J4: Wk 3 Delivery % | K4: Quanity Due | L4: Quantity Shipped | M4: Wk 4 Delivery % | N4: Quanity Due | O4: Quantity Shipped | P4: Wk 5 Delivery %
A5: Manterra | D5: =IF(B5<>0, MIN(C5/B5, 1), "") | G5: =IF(E5<>0, MIN(F5/E5, 1), "") | J5: =IF(H5<>0, MIN(I5/H5, 1), "") | M5: =IF(K5<>0, MIN(L5/K5, 1), "") | P5: =IF(N5<>0, MIN(O5/N5, 1), "") | Q5: =SUM(C5+F5+I5+L5+O5) -> 0
A6: Various System | D6: =IF(B6<>0, MIN(C6/B6, 1), "") | G6: =IF(E6<>0, MIN(F6/E6, 1), "") | J6: =IF(H6<>0, MIN(I6/H6, 1), "") | M6: =IF(K6<>0, MIN(L6/K6, 1), "") | P6: =IF(N6<>0, MIN(O6/N6, 1), "") | Q6: =SUM(C6+F6+I6+L6+O6) -> 0
A7: BRP | D7: =IF(B7<>0, MIN(C7/B7, 1), "") | G7: =IF(E7<>0, MIN(F7/E7, 1), "") | J7: =IF(H7<>0, MIN(I7/H7, 1), "") | M7: =IF(K7<>0, MIN(L7/K7, 1), "") | P7: =IF(N7<>0, MIN(O7/N7, 1), "") | Q7: =SUM(C7+F7+I7+L7+O7) -> 0
A8: Laval Tools | D8: =IF(B8<>0, MIN(C8/B8, 1), "") | G8: =IF(E8<>0, MIN(F8/E8, 1), "") | J8: =IF(H8<>0, MIN(I8/H8, 1), "") | M8: =IF(K8<>0, MIN(L8/K8, 1), "") | P8: =IF(N8<>0, MIN(O8/N8, 1), "") | Q8: =SUM(C8+F8+I8+L8+O8) -> 0
A9: Mytox | B9: =Daily!B36 -> 0 | C9: =Daily!C36 -> 0 | D9: =IF(B9<>0, MIN(C9/B9, 1), "") | E9: =Daily!B37 -> 0 | F9: =Daily!C37 -> 0 | G9: =IF(E9<>0, MIN(F9/E9, 1), "") | H9: =Daily!B38 -> 0 | I9: =Daily!C38 -> 0 | J9: =IF(H9<>0, MIN(I9/H9, 1), "") | K9: =Daily!B39 -> 0 | L9: =Daily!C39 -> 0 | M9: =IF(K9<>0, MIN(L9/K9, 1), "") | N9: =Daily!B40 -> 0 | O9: =Daily!C40 -> 0 | P9: =IF(N9<>0, MIN(O9/N9, 1), "") | Q9: =SUM(C9+F9+I9+L9+O9) -> 0
A10: Rollstamp- BMW | B10: =Daily!D36 -> 0 | C10: =Daily!E36 -> 0 | D10: =IF(B10<>0, MIN(C10/B10, 1), "") | E10: =Daily!D37 -> 0 | F10: =Daily!E37 -> 0 | G10: =IF(E10<>0, MIN(F10/E10, 1), "") | H10: =Daily!D38 -> 0 | I10: =Daily!E38 -> 0 | J10: =IF(H10<>0, MIN(I10/H10, 1), "") | K10: =Daily!D39 -> 0 | L10: =Daily!E39 -> 0 | M10: =IF(K10<>0, MIN(L10/K10, 1), "") | N10: =Daily!D40 -> 0 | O10: =Daily!E40 -> 0 | P10: =IF(N10<>0, MIN(O10/N10, 1), "") | Q10: =SUM(C10+F10+I10+L10+O10) -> 0
A11: Rollstamp- Tesla | B11: =Daily!F36 -> 0 | C11: =Daily!G36 -> 0 | D11: =IF(B11<>0, MIN(C11/B11, 1), "") | E11: =Daily!F37 -> 0 | F11: =Daily!G37 -> 0 | G11: =IF(E11<>0, MIN(F11/E11, 1), "") | H11: =Daily!F38 -> 0 | I11: =Daily!G38 -> 0 | J11: =IF(H11<>0, MIN(I11/H11, 1), "") | K11: =Daily!F39 -> 0 | L11: =Daily!G39 -> 0 | M11: =IF(K11<>0, MIN(L11/K11, 1), "") | N11: =Daily!F40 -> 0 | O11: =Daily!G40 -> 0 | P11: =IF(N11<>0, MIN(O11/N11, 1), "") | Q11: =SUM(C11+F11+I11+L11+O11) -> 0
A12: Weekly | B12: =SUM(B5:B11) -> 0 | C12: =SUM(C5:C11) -> 0 | D12: =IF(B12<>0, MIN(C12/B12, 1), "") | E12: =SUM(E5:E11) -> 0 | F12: =SUM(F5:F11) -> 0 | G12: =IF(E12<>0, MIN(F12/E12, 1), "") | H12: =SUM(H5:H11) -> 0 | I12: =SUM(I5:I11) -> 0 | J12: =IF(H12<>0, MIN(I12/H12, 1), "") | K12: =SUM(K5:K11) -> 0 | L12: =SUM(L5:L11) -> 0 | M12: =IF(K12<>0, MIN(L12/K12, 1), "") | N12: =SUM(N5:N11) -> 0 | O12: =SUM(O5:O11) -> 0 | P12: =IF(N12<>0, MIN(O12/N12, 1), "") | Q12: =SUM(Q5:Q11) -> 0

Sheet Daily
A1: Daily Delivery Performance
A3: Customer | B3: Mytox | D3: Rollstamp - BMW | F3: Rollstamp - Tesla
A4: Date | B4: Quantity Due | C4: Quantity Shipped | D4: Quantity Due | E4: Quantity Shipped | F4: Quantity Due | G4: Quantity Shipped
A5: 1
A6: 2
A7: 3
A8: 4
A9: 5
A10: 6
A11: 7
A12: 8
A13: 9
A14: 10
A15: 11
A16: 12
... A35: 31
A36: Week 1 | B36: =SUM(B6:B10) -> 0 | C36: =SUM(C5:C11) -> 0 | D36: =SUM(D5:D11) -> 0 | E36: =SUM(E5:E11) -> 0 | F36: =SUM(F5:F11) -> 0 | G36: =SUM(G5:G11) -> 0
A37: Week 2 | B37: =SUM(B12:B18) -> 0 | C37: =SUM(C12:C18) -> 0 | D37: =SUM(D12:D18) -> 0 | E37: =SUM(E12:E18) -> 0 | F37: =SUM(F12:F18) -> 0 | G37: =SUM(G12:G18) -> 0
A38: Week 3 | B38: =SUM(B19:B25) -> 0 | C38: =SUM(C19:C25) -> 0 | D38: =SUM(D19:D25) -> 0 | E38: =SUM(E19:E25) -> 0 | F38: =SUM(F19:F25) -> 0 | G38: =SUM(G19:G25) -> 0
A39: Week 4 | B39: =SUM(B26:B32) -> 0 | C39: =SUM(C26:C32) -> 0 | D39: =SUM(D26:D32) -> 0 | E39: =SUM(E26:E32) -> 0 | F39: =SUM(F26:F32) -> 0 | G39: =SUM(G26:G32) -> 0
A40: Week 5 | B40: =SUM(B33:B35) -> 0 | C40: =SUM(C33:C35) -> 0 | D40: =SUM(D33:D35) -> 0 | E40: =SUM(E33:E35) -> 0 | F40: =SUM(F33:F35) -> 0 | G40: =SUM(G33:G35) -> 0
