Workbook

Sheet JAN
A1: Customer | B1: Wk 1 Delivery % | C1: Wk 2 Delivery % | D1: Wk 3 Delivery % | E1: Wk 4 Delivery % | F1: Wk 5 Delivery % | G1: Monthly Average
A2: Metelix | G2: =AVERAGE(B2:E2) -> #DIV/0!
A3: Mitchell | G3: =AVERAGE(B3:E3) -> #DIV/0!
A4: Mytox | G4: =AVERAGE(B4:E4) -> #DIV/0!
A5: Rollstamp | G5: =AVERAGE(B5:E5) -> #DIV/0!
A6: Average | B6: =AVERAGE(B2:B5) -> #DIV/0! | C6: =AVERAGE(C2:C5) -> #DIV/0! | D6: =AVERAGE(D2:D5) -> #DIV/0! | E6: =AVERAGE(E2:E5) -> #DIV/0! | F6: =AVERAGE(F2:F5) -> #DIV/0! | G6: =AVERAGE(B6:E6) -> #DIV/0!

Sheet FEB
A1: Customer | B1: Wk 1 Delivery % | C1: Wk 2 Delivery % | D1: Wk 3 Delivery % | E1: Wk 4 Delivery % | F1: Wk 5 Delivery % | G1: Monthly Average
A2: Metelix | G2: =AVERAGE(B2:E2) -> #DIV/0!
A3: Mitchell | G3: =AVERAGE(B3:E3) -> #DIV/0!
A4: Mytox | G4: =AVERAGE(B4:E4) -> #DIV/0!
A5: Rollstamp | G5: =AVERAGE(B5:E5) -> #DIV/0!
A6: Monthly Average | B6: =AVERAGE(B2:B5) -> #DIV/0! | C6: =AVERAGE(C2:C5) -> #DIV/0! | D6: =AVERAGE(D2:D5) -> #DIV/0! | E6: =AVERAGE(E2:E5) -> #DIV/0! | F6: =AVERAGE(F2:F5) -> #DIV/0! | G6: =AVERAGE(G2:G5) -> #DIV/0!

Sheet MAR
A1: Customer | B1: Wk 1 Delivery % | C1: Wk 2 Delivery % | D1: Wk 3 Delivery % | E1: Wk 4 Delivery % | F1: Wk 5 Delivery % | G1: Monthly Average
A2: Metelix | G2: =AVERAGE(B2:F2) -> #DIV/0!
A3: Mitchell | G3: =AVERAGE(B3:F3) -> #DIV/0!
A4: Mytox | G4: =AVERAGE(B4:F4) -> #DIV/0!
A5: Rollstamp | G5: =AVERAGE(B5:F5) -> #DIV/0!
A6: Monthly Average | B6: =AVERAGE(B2:B5) -> #DIV/0! | C6: =AVERAGE(C2:C5) -> #DIV/0! | D6: =AVERAGE(D2:D5) -> #DIV/0! | E6: =AVERAGE(E2:E5) -> #DIV/0! | F6: =AVERAGE(F2:F5) -> #DIV/0! | G6: =AVERAGE(B6:F6) -> #DIV/0!

Sheet APR
A1: Customer | B1: Wk 1 Delivery % | C1: Wk 2 Delivery % | D1: Wk 3 Delivery % | E1: Wk 4 Delivery % | F1: Wk 5 Delivery % | G1: Monthly Average
A2: Metelix | G2: =AVERAGE(B2:F2) -> #DIV/0!
A3: Mitchell | G3: =AVERAGE(B3:F3) -> #DIV/0!
A4: Mytox | G4: =AVERAGE(B4:F4) -> #DIV/0!
A5: Rollstamp | G5: =AVERAGE(B5:F5) -> #DIV/0!
A6: Monthly Average | B6: =AVERAGE(B2:B5) -> #DIV/0! | C6: =AVERAGE(C2:C5) -> #DIV/0! | D6: =AVERAGE(D2:D5) -> #DIV/0! | E6: =AVERAGE(E2:E5) -> #DIV/0! | F6: =AVERAGE(F2:F5) -> #DIV/0! | G6: =AVERAGE(B6:F6) -> #DIV/0!

Sheet MAY
A1: Customer | B1: Wk 1 Delivery % | C1: Wk 2 Delivery % | D1: Wk 3 Delivery % | E1: Wk 4 Delivery % | F1: Wk 5 Delivery % | G1: Monthly Average
A2: Metelix | G2: =AVERAGE(B2:F2) -> #DIV/0!
A3: Mitchell | G3: =AVERAGE(B3:F3) -> #DIV/0!
A4: Mytox | G4: =AVERAGE(B4:F4) -> #DIV/0!
A5: Rollstamp | G5: =AVERAGE(B5:F5) -> #DIV/0!
A6: Monthly Average | B6: =AVERAGE(B2:B5) -> #DIV/0! | C6: =AVERAGE(C2:C5) -> #DIV/0! | D6: =AVERAGE(D2:D5) -> #DIV/0! | E6: =AVERAGE(E2:E5) -> #DIV/0! | F6: =AVERAGE(F2:F5) -> #DIV/0! | G6: =AVERAGE(B6:F6) -> #DIV/0!

Sheet JUN
A1: Customer | B1: Wk 1 Delivery % | C1: Wk 2 Delivery % | D1: Wk 3 Delivery % | E1: Wk 4 Delivery % | F1: Wk 5 Delivery % | G1: Monthly Average
A2: Metelix | G2: =AVERAGE(B2:F2) -> #DIV/0!
A3: Mitchell | G3: =AVERAGE(B3:F3) -> #DIV/0!
A4: Mytox | G4: =AVERAGE(B4:F4) -> #DIV/0!
A5: Rollstamp | G5: =AVERAGE(B5:F5) -> #DIV/0!
A6: Monthly Average | B6: =AVERAGE(B2:B5) -> #DIV/0! | C6: =AVERAGE(C2:C5) -> #DIV/0! | D6: =AVERAGE(D2:D5) -> #DIV/0! | E6: =AVERAGE(E2:E5) -> #DIV/0! | F6: =AVERAGE(F2:F5) -> #DIV/0! | G6: =AVERAGE(B6:F6) -> #DIV/0!

Sheet JUL
A1: Customer | B1: Wk 1 Delivery % | C1: Wk 2 Delivery % | D1: Wk 3 Delivery % | E1: Wk 4 Delivery % | F1: Wk 5 Delivery % | G1: Monthly Average
A2: Metelix | G2: =AVERAGE(B2:F2) -> #DIV/0!
A3: Mitchell | G3: =AVERAGE(B3:F3) -> #DIV/0!
A4: Mytox | G4: =AVERAGE(B4:F4) -> #DIV/0!
A5: Rollstamp | G5: =AVERAGE(B5:F5) -> #DIV/0!
A6: Monthly Average | B6: =AVERAGE(B2:B5) -> #DIV/0! | C6: =AVERAGE(C2:C5) -> #DIV/0! | D6: =AVERAGE(D2:D5) -> #DIV/0! | E6: =AVERAGE(E2:E5) -> #DIV/0! | F6: =AVERAGE(F2:F5) -> #DIV/0! | G6: =AVERAGE(B6:F6) -> #DIV/0!

Sheet AUG
A1: Customer | B1: Wk 1 Delivery % | C1: Wk 2 Delivery % | D1: Wk 3 Delivery % | E1: Wk 4 Delivery % | F1: Wk 5 Delivery % | G1: Monthly Average
A2: Metelix | G2: =AVERAGE(B2:F2) -> #DIV/0!
A3: Mitchell | G3: =AVERAGE(B3:F3) -> #DIV/0!
A4: Mytox | G4: =AVERAGE(B4:F4) -> #DIV/0!
A5: Rollstamp | G5: =AVERAGE(B5:F5) -> #DIV/0!
A6: Monthly Average | B6: =AVERAGE(B2:B5) -> #DIV/0! | C6: =AVERAGE(C2:C5) -> #DIV/0! | D6: =AVERAGE(D2:D5) -> #DIV/0! | E6: =AVERAGE(E2:E5) -> #DIV/0! | F6: =AVERAGE(F2:F5) -> #DIV/0! | G6: =AVERAGE(B6:F6) -> #DIV/0!

Sheet SEP
A1: Customer | B1: Wk 1 Delivery % | C1: Wk 2 Delivery % | D1: Wk 3 Delivery % | E1: Wk 4 Delivery % | F1: Wk 5 Delivery % | G1: Monthly Average
A2: Metelix | G2: =AVERAGE(B2:F2) -> #DIV/0!
A3: Mitchell | G3: =AVERAGE(B3:F3) -> #DIV/0!
A4: Mytox | G4: =AVERAGE(B4:F4) -> #DIV/0!
A5: Rollstamp | G5: =AVERAGE(B5:F5) -> #DIV/0!
A6: Monthly Average | B6: =AVERAGE(B2:B5) -> #DIV/0! | C6: =AVERAGE(C2:C5) -> #DIV/0! | D6: =AVERAGE(D2:D5) -> #DIV/0! | E6: =AVERAGE(E2:E5) -> #DIV/0! | F6: =AVERAGE(F2:F5) -> #DIV/0! | G6: =AVERAGE(B6:F6) -> #DIV/0!

Sheet OCT
A1: Customer | B1: Wk 1 Delivery % | C1: Wk 2 Delivery % | D1: Wk 3 Delivery % | E1: Wk 4 Delivery % | F1: Wk 5 Delivery % | G1: Monthly Average
A2: Metelix | G2: =AVERAGE(B2:F2) -> #DIV/0!
A3: Mitchell | G3: =AVERAGE(B3:F3) -> #DIV/0!
A4: Mytox | G4: =AVERAGE(B4:F4) -> #DIV/0!
A5: Rollstamp | G5: =AVERAGE(B5:F5) -> #DIV/0!
A6: Monthly Average | B6: =AVERAGE(B2:B5) -> #DIV/0! | C6: =AVERAGE(C2:C5) -> #DIV/0! | D6: =AVERAGE(D2:D5) -> #DIV/0! | E6: =AVERAGE(E2:E5) -> #DIV/0! | F6: =AVERAGE(F2:F5) -> #DIV/0! | G6: =AVERAGE(B6:F6) -> #DIV/0!

Sheet NOV
A1: Customer | B1: Wk 1 Delivery % | C1: Wk 2 Delivery % | D1: Wk 3 Delivery % | E1: Wk 4 Delivery % | F1: Wk 5 Delivery % | G1: Monthly Average
A2: Metelix | G2: =AVERAGE(B2:F2) -> #DIV/0!
A3: Mitchell | G3: =AVERAGE(B3:F3) -> #DIV/0!
A4: Mytox | G4: =AVERAGE(B4:F4) -> #DIV/0!
A5: Rollstamp | G5: =AVERAGE(B5:F5) -> #DIV/0!
A6: Monthly Average | B6: =AVERAGE(B2:B5) -> #DIV/0! | C6: =AVERAGE(C2:C5) -> #DIV/0! | D6: =AVERAGE(D2:D5) -> #DIV/0! | E6: =AVERAGE(E2:E5) -> #DIV/0! | F6: =AVERAGE(F2:F5) -> #DIV/0! | G6: =AVERAGE(B6:F6) -> #DIV/0!

Sheet DEC
A1: Customer | B1: Wk 1 Delivery % | C1: Wk 2 Delivery % | D1: Wk 3 Delivery % | E1: Wk 4 Delivery % | F1: Wk 5 Delivery % | G1: Monthly Average
A2: Metelix | G2: =AVERAGE(B2:F2) -> #DIV/0!
A3: Mitchell | G3: =AVERAGE(B3:F3) -> #DIV/0!
A4: Mytox | G4: =AVERAGE(B4:F4) -> #DIV/0!
A5: Rollstamp | G5: =AVERAGE(B5:F5) -> #DIV/0!
A6: Monthly Average | B6: =AVERAGE(B2:B5) -> #DIV/0! | C6: =AVERAGE(C2:C5) -> #DIV/0! | D6: =AVERAGE(D2:D5) -> #DIV/0! | E6: =AVERAGE(E2:E5) -> #DIV/0! | F6: =AVERAGE(F2:F5) -> #DIV/0! | G6: =AVERAGE(B6:F6) -> #DIV/0!

Sheet Summary
A1: Customer | B1: JAN | C1: FEB | D1: MAR | E1: APR | F1: MAY | G1: JUN | H1: JUL | I1: AUG | J1: SEP | K1: OCT | L1: NOV | M1: DEC | N1: AVE
A2: Metelix | B2: =JAN!G2 -> #DIV/0! | C2: =FEB!G2 -> #DIV/0! | D2: =MAR!G2 -> #DIV/0! | E2: =APR!G2 -> #DIV/0! | F2: =MAY!G2 -> #DIV/0! | G2: =JUN!G2 -> #DIV/0! | H2: =JUL!G2 -> #DIV/0! | I2: =AUG!G2 -> #DIV/0! | J2: =SEP!G2 -> #DIV/0! | K2: =OCT!G2 -> #DIV/0! | L2: =NOV!G2 -> #DIV/0! | M2: =DEC!G2 -> #DIV/0! | N2: =AVERAGE(B2:M2) -> #DIV/0!
A3: Mitchell | B3: =JAN!G3 -> #DIV/0! | C3: =FEB!G3 -> #DIV/0! | D3: =MAR!G3 -> #DIV/0! | E3: =APR!G3 -> #DIV/0! | F3: =MAY!G3 -> #DIV/0! | G3: =JUN!G3 -> #DIV/0! | H3: =JUL!G3 -> #DIV/0! | I3: =AUG!G3 -> #DIV/0! | J3: =SEP!G3 -> #DIV/0! | K3: =OCT!G3 -> #DIV/0! | L3: =NOV!G3 -> #DIV/0! | M3: =DEC!G3 -> #DIV/0! | N3: =AVERAGE(B3:M3) -> #DIV/0!
A4: Mytox | B4: =JAN!G4 -> #DIV/0! | C4: =FEB!G4 -> #DIV/0! | D4: =MAR!G4 -> #DIV/0! | E4: =APR!G4 -> #DIV/0! | F4: =MAY!G4 -> #DIV/0! | G4: =JUN!G4 -> #DIV/0! | H4: =JUL!G4 -> #DIV/0! | I4: =AUG!G4 -> #DIV/0! | J4: =SEP!G4 -> #DIV/0! | K4: =OCT!G4 -> #DIV/0! | L4: =NOV!G4 -> #DIV/0! | M4: =DEC!G4 -> #DIV/0! | N4: =AVERAGE(B4:M4) -> #DIV/0!
A5: Rollstamp | B5: =JAN!G5 -> #DIV/0! | C5: =FEB!G5 -> #DIV/0! | D5: =MAR!G5 -> #DIV/0! | E5: =APR!G5 -> #DIV/0! | F5: =MAY!G5 -> #DIV/0! | G5: =JUN!G5 -> #DIV/0! | H5: =JUL!G5 -> #DIV/0! | I5: =AUG!G5 -> #DIV/0! | J5: =SEP!G5 -> #DIV/0! | K5: =OCT!G5 -> #DIV/0! | L5: =NOV!G5 -> #DIV/0! | M5: =DEC!G5 -> #DIV/0! | N5: =AVERAGE(B5:M5) -> #DIV/0!
A6: Average | B6: =AVERAGE(B2:B5) -> #DIV/0! | C6: =AVERAGE(C2:C5) -> #DIV/0! | D6: =AVERAGE(D2:D5) -> #DIV/0! | E6: =AVERAGE(E2:E5) -> #DIV/0! | F6: =AVERAGE(F2:F5) -> #DIV/0! | G6: =AVERAGE(G2:G5) -> #DIV/0! | H6: =AVERAGE(H2:H5) -> #DIV/0! | I6: =AVERAGE(I2:I5) -> #DIV/0! | ... N6: =AVERAGE(N2:N5) -> #DIV/0!
